state,year,quarter,category,transaction_count,transaction_amount,log_transaction_amount
Andaman & Nicobar Islands,2018,1,Recharge & bill payments,4200,1845307.4673655091,14.428157012465926
Andaman & Nicobar Islands,2018,1,Peer-to-peer payments,1871,12138655.299749982,16.311905653758856
Andaman & Nicobar Islands,2018,1,Merchant payments,298,452507.168646613,13.022561094216886
Andaman & Nicobar Islands,2018,1,Financial Services,33,10601.419933464953,9.268837549654583
Andaman & Nicobar Islands,2018,1,Others,256,184689.8662902223,12.12643871336858
Andaman & Nicobar Islands,2018,2,Recharge & bill payments,6735,2320944.731074479,14.657485303283295
Andaman & Nicobar Islands,2018,2,Peer-to-peer payments,3575,24511925.231047668,17.014670342014323
Andaman & Nicobar Islands,2018,2,Merchant payments,603,1024491.0133579008,13.839707450981999
Andaman & Nicobar Islands,2018,2,Financial Services,59,121336.0270987509,11.706327300608958
Andaman & Nicobar Islands,2018,2,Others,368,359838.50537474576,12.793413392622238
Andaman & Nicobar Islands,2018,3,Recharge & bill payments,8636,4343504.868377829,15.284192383752416
Andaman & Nicobar Islands,2018,3,Peer-to-peer payments,6448,49270781.541635044,17.712841817114438
Andaman & Nicobar Islands,2018,3,Merchant payments,945,1627359.8394868043,14.30247014371737
Andaman & Nicobar Islands,2018,3,Financial Services,42,1481.4907042806485,7.301478860552491
Andaman & Nicobar Islands,2018,3,Others,194,314343.39410715323,12.658244460368124
Andaman & Nicobar Islands,2018,4,Recharge & bill payments,11517,5450549.512294375,15.511227172968276
Andaman & Nicobar Islands,2018,4,Peer-to-peer payments,10451,81001456.97825177,18.20997771220622
Andaman & Nicobar Islands,2018,4,Merchant payments,1421,3552027.735492656,15.08302947300873
Andaman & Nicobar Islands,2018,4,Financial Services,29,76035.7877393286,11.238972551356136
Andaman & Nicobar Islands,2018,4,Others,340,468266.0606770435,13.056794054617598
Andaman & Nicobar Islands,2019,1,Recharge & bill payments,15263,6611459.8729725825,15.704315196935728
Andaman & Nicobar Islands,2019,1,Peer-to-peer payments,13119,91808345.86839552,18.335213775949665
Andaman & Nicobar Islands,2019,1,Merchant payments,1759,3266589.8469614363,14.999257444589485
Andaman & Nicobar Islands,2019,1,Financial Services,62,116250.43671861099,11.663510682243004
Andaman & Nicobar Islands,2019,1,Others,283,497094.6484417205,13.116537738155333
Andaman & Nicobar Islands,2019,2,Recharge & bill payments,14676,7242448.256212333,15.79547000220998
Andaman & Nicobar Islands,2019,2,Peer-to-peer payments,14481,107525358.66652842,18.49323728158573
Andaman & Nicobar Islands,2019,2,Merchant payments,4031,4702152.616619372,15.36353117803325
Andaman & Nicobar Islands,2019,2,Financial Services,124,113278.91371326067,11.637617147215222
Andaman & Nicobar Islands,2019,2,Others,377,671471.222589792,13.417227927879537
Andaman & Nicobar Islands,2019,3,Recharge & bill payments,16219,8171737.705916681,15.916192260095768
Andaman & Nicobar Islands,2019,3,Peer-to-peer payments,13767,101079821.10344616,18.43142108052473
Andaman & Nicobar Islands,2019,3,Merchant payments,3519,4428734.574846684,15.303624677995167
Andaman & Nicobar Islands,2019,3,Financial Services,50,158857.94315586874,11.975771937488856
Andaman & Nicobar Islands,2019,3,Others,215,232624.75992853564,12.357186260692728
Andaman & Nicobar Islands,2019,4,Peer-to-peer payments,18128,121493224.30754511,18.61536906040466
Andaman & Nicobar Islands,2019,4,Recharge & bill payments,13851,9538690.916424634,16.070866918344496
Andaman & Nicobar Islands,2019,4,Merchant payments,2920,5247500.487902376,15.473262614221882
Andaman & Nicobar Islands,2019,4,Financial Services,60,295937.2110898865,12.597905965197702
Andaman & Nicobar Islands,2019,4,Others,200,263177.5944158883,12.480588146918869
Andaman & Nicobar Islands,2020,1,Peer-to-peer payments,18324,142332401.79234773,18.773675744744736
Andaman & Nicobar Islands,2020,1,Recharge & bill payments,18268,10850414.023977457,16.19971388827702
Andaman & Nicobar Islands,2020,1,Merchant payments,4424,7752871.558217709,15.863573985328049
Andaman & Nicobar Islands,2020,1,Financial Services,66,208231.73071652642,12.246411630859596
Andaman & Nicobar Islands,2020,1,Others,216,332393.19201521645,12.714076868932368
Andaman & Nicobar Islands,2020,2,Recharge & bill payments,38125,17659622.73418829,16.686791446808257
Andaman & Nicobar Islands,2020,2,Peer-to-peer payments,20303,141728757.73517442,18.7694256391507
Andaman & Nicobar Islands,2020,2,Merchant payments,4004,9236375.740471343,16.038660239061098
Andaman & Nicobar Islands,2020,2,Financial Services,175,706932.1397115812,13.468691371399114
Andaman & Nicobar Islands,2020,2,Others,355,313313.0646014327,12.654961367734249
Andaman & Nicobar Islands,2020,3,Recharge & bill payments,59310,24756220.875469353,17.02458740429393
Andaman & Nicobar Islands,2020,3,Peer-to-peer payments,40697,289078946.7312394,19.48221038431168
Andaman & Nicobar Islands,2020,3,Merchant payments,16096,22682992.238478824,16.937126005120867
Andaman & Nicobar Islands,2020,3,Financial Services,572,961836.7129860274,13.776601017897095
Andaman & Nicobar Islands,2020,3,Others,808,539449.7721868362,13.198306812412026
Andaman & Nicobar Islands,2020,4,Peer-to-peer payments,81439,533316526.1814983,20.09462566549285
Andaman & Nicobar Islands,2020,4,Recharge & bill payments,80811,33710030.534383245,17.333306022670595
Andaman & Nicobar Islands,2020,4,Merchant payments,59391,56867468.940003954,17.856234029810906
Andaman & Nicobar Islands,2020,4,Financial Services,965,1880546.9672370641,14.447073764271048
Andaman & Nicobar Islands,2020,4,Others,1925,1508083.6917299272,14.226350987597653
Andaman & Nicobar Islands,2021,1,Peer-to-peer payments,105458,665391395.715478,20.315885991972245
Andaman & Nicobar Islands,2021,1,Recharge & bill payments,84119,37160922.86506996,17.430768333416523
Andaman & Nicobar Islands,2021,1,Merchant payments,53090,78606979.05751458,18.179971058259508
Andaman & Nicobar Islands,2021,1,Financial Services,884,1469351.0852598653,14.200332103265794
Andaman & Nicobar Islands,2021,1,Others,1201,1077918.666433228,13.89054350674033
Andaman & Nicobar Islands,2021,2,Peer-to-peer payments,132772,748382044.7707307,20.433424161925092
Andaman & Nicobar Islands,2021,2,Recharge & bill payments,120911,43691961.26275121,17.592674713234477
Andaman & Nicobar Islands,2021,2,Merchant payments,85143,103707408.50908463,18.457084122036665
Andaman & Nicobar Islands,2021,2,Financial Services,960,2038521.5136710338,14.52773584541447
Andaman & Nicobar Islands,2021,2,Others,1628,1327080.0560584562,14.098492393633121
Andaman & Nicobar Islands,2021,3,Peer-to-peer payments,192321,1077787837.1562996,20.79817647944779
Andaman & Nicobar Islands,2021,3,Recharge & bill payments,136010,51243450.85925055,17.7520983992197
Andaman & Nicobar Islands,2021,3,Merchant payments,118340,176991328.21761328,18.991611301867067
Andaman & Nicobar Islands,2021,3,Financial Services,990,2351013.441729573,14.67035747030622
Andaman & Nicobar Islands,2021,3,Others,2103,1650766.1267105162,14.316750663111593
Andaman & Nicobar Islands,2021,4,Peer-to-peer payments,285778,1544932663.2744582,21.158246163352477
Andaman & Nicobar Islands,2021,4,Merchant payments,210164,322842314.62433755,19.59267457506334
Andaman & Nicobar Islands,2021,4,Recharge & bill payments,135608,59243518.11464358,17.89716694996553
Andaman & Nicobar Islands,2021,4,Financial Services,1718,3137965.167474068,14.959085430659972
Andaman & Nicobar Islands,2021,4,Others,2855,2453640.142743944,14.713083659959144
Andaman & Nicobar Islands,2022,1,Peer-to-peer payments,342649,1682328505.7254477,21.243444686636145
Andaman & Nicobar Islands,2022,1,Merchant payments,284298,370091558.68373305,19.729260991594398
Andaman & Nicobar Islands,2022,1,Recharge & bill payments,163401,71300133.66101266,18.082408774036494
Andaman & Nicobar Islands,2022,1,Financial Services,1757,2869682.0229511866,14.869712136671566
Andaman & Nicobar Islands,2022,1,Others,2643,2440321.9820225406,14.70764095819066
Andaman & Nicobar Islands,2022,2,Merchant payments,449540,510838980.9061847,20.051564994610523
Andaman & Nicobar Islands,2022,2,Peer-to-peer payments,437606,2088309073.4552848,21.459620520176717
Andaman & Nicobar Islands,2022,2,Recharge & bill payments,179515,82232936.61795366,18.225066480715565
Andaman & Nicobar Islands,2022,2,Financial Services,1448,2089862.3927160464,14.552609259467964
Andaman & Nicobar Islands,2022,2,Others,3108,2449496.7081265687,14.711393544410836
Andaman & Nicobar Islands,2022,3,Merchant payments,716105,693438186.296541,20.357172662234873
Andaman & Nicobar Islands,2022,3,Peer-to-peer payments,622217,2514535154.56483,21.645353794613904
Andaman & Nicobar Islands,2022,3,Recharge & bill payments,240766,97748065.62714244,18.397903977883686
Andaman & Nicobar Islands,2022,3,Financial Services,1814,2166304.9779766416,14.588533960636715
Andaman & Nicobar Islands,2022,3,Others,3477,2744060.670897343,14.824949742392175
Andaman & Nicobar Islands,2022,4,Merchant payments,956536,906365300.6585041,20.624952985456463
Andaman & Nicobar Islands,2022,4,Peer-to-peer payments,768758,2961630584.8271313,21.80900582719747
Andaman & Nicobar Islands,2022,4,Recharge & bill payments,256050,110037119.66941178,18.516328327460673
Andaman & Nicobar Islands,2022,4,Financial Services,2499,3533987.2301130476,15.077937601384543
Andaman & Nicobar Islands,2022,4,Others,3692,3107412.043626394,14.949301119232565
Andaman & Nicobar Islands,2023,1,Merchant payments,1122063,1008821751.0,20.732048904634702
Andaman & Nicobar Islands,2023,1,Peer-to-peer payments,862347,3299762230.0,21.91711625161091
Andaman & Nicobar Islands,2023,1,Recharge & bill payments,286024,146338470.0,18.801432791094424
Andaman & Nicobar Islands,2023,1,Financial Services,2515,3556954.0,15.08441539974008
Andaman & Nicobar Islands,2023,1,Others,3443,3049182.0,14.930384243847866
Andaman & Nicobar Islands,2023,2,Merchant payments,1410653,1159905474.0,20.87160435167547
Andaman & Nicobar Islands,2023,2,Peer-to-peer payments,970525,3664415887.0,22.02193478386713
Andaman & Nicobar Islands,2023,2,Recharge & bill payments,320922,158455723.0,18.880985768409268
Andaman & Nicobar Islands,2023,2,Financial Services,2158,4161814.0,15.241461835164039
Andaman & Nicobar Islands,2023,2,Others,3517,3405338.0,15.040855052081401
Andaman & Nicobar Islands,2023,3,Merchant payments,1657848,1289780198.0,20.97773765243015
Andaman & Nicobar Islands,2023,3,Peer-to-peer payments,1111211,3757627272.0,22.04705355074099
Andaman & Nicobar Islands,2023,3,Recharge & bill payments,323935,157992380.0,18.87805736830956
Andaman & Nicobar Islands,2023,3,Financial Services,2199,3850023.0,15.163589940010771
Andaman & Nicobar Islands,2023,3,Others,3183,2346918.0,14.668613962094442
Andaman & Nicobar Islands,2023,4,Merchant payments,2039888,1653303276.0,21.226041109616023
Andaman & Nicobar Islands,2023,4,Peer-to-peer payments,1321796,4420459049.0,22.209509385109268
Andaman & Nicobar Islands,2023,4,Recharge & bill payments,327460,185028400.0,19.036019890178693
Andaman & Nicobar Islands,2023,4,Financial Services,3276,7836466.0,15.87429865300378
Andaman & Nicobar Islands,2023,4,Others,3363,2925308.0,14.888910674094115
Andaman & Nicobar Islands,2024,1,Merchant payments,2401038,1887811915.0,21.35868427894453
Andaman & Nicobar Islands,2024,1,Peer-to-peer payments,1436380,4771886847.0,22.286007629249657
Andaman & Nicobar Islands,2024,1,Recharge & bill payments,341224,188939343.0,19.056936590297543
Andaman & Nicobar Islands,2024,1,Financial Services,3761,7962745.0,15.890284473204787
Andaman & Nicobar Islands,2024,1,Others,2517,2550985.0,14.751990509064985
Andaman & Nicobar Islands,2024,2,Merchant payments,2769052,2053269052.0,21.442699019976565
Andaman & Nicobar Islands,2024,2,Peer-to-peer payments,1513157,5033712226.0,22.339423566153435
Andaman & Nicobar Islands,2024,2,Recharge & bill payments,365214,196987648.0,19.09865158930535
Andaman & Nicobar Islands,2024,2,Financial Services,3371,9550750.0,16.072130348108505
Andaman & Nicobar Islands,2024,2,Others,2430,2260654.0,14.631165152266743
Andaman & Nicobar Islands,2024,3,Merchant payments,3158032,2132361939.0,21.480496094319903
Andaman & Nicobar Islands,2024,3,Peer-to-peer payments,1733054,5305660809.0,22.39204016487418
Andaman & Nicobar Islands,2024,3,Recharge & bill payments,382130,213105223.0,19.177296611080905
Andaman & Nicobar Islands,2024,3,Financial Services,4169,10756400.0,16.191011577193247
Andaman & Nicobar Islands,2024,3,Others,1865,1960638.0,14.488780998481758
Andaman & Nicobar Islands,2024,4,Merchant payments,3666060,2546601178.0,21.658025436073736
Andaman & Nicobar Islands,2024,4,Peer-to-peer payments,1993301,6142805445.0,22.538547387781804
Andaman & Nicobar Islands,2024,4,Recharge & bill payments,389318,214912264.0,19.18574043304137
Andaman & Nicobar Islands,2024,4,Financial Services,12889,12789955.0,16.364170733361462
Andaman & Nicobar Islands,2024,4,Others,2332,3835931.0,15.159922988029596
Andhra Pradesh,2018,1,Recharge & bill payments,5027448,892293975.6698562,20.60930620650562
Andhra Pradesh,2018,1,Peer-to-peer payments,3049646,10524250283.178782,23.076947982070738
Andhra Pradesh,2018,1,Merchant payments,362672,247297640.24000686,19.326103194395234
Andhra Pradesh,2018,1,Financial Services,204305,44808449.7639544,17.617907312720206
Andhra Pradesh,2018,1,Others,395514,287626042.970705,19.47717173593757
Andhra Pradesh,2018,2,Recharge & bill payments,6456387,1598591488.4880352,21.19238875941378
Andhra Pradesh,2018,2,Peer-to-peer payments,4745000,20451493098.8953,23.741321728989778
Andhra Pradesh,2018,2,Merchant payments,604847,436785223.86032957,19.894952155953654
Andhra Pradesh,2018,2,Financial Services,225621,68952114.81374599,18.048922847936485
Andhra Pradesh,2018,2,Others,322063,328092346.575651,19.608805674208103
Andhra Pradesh,2018,3,Peer-to-peer payments,16129591,32738630444.668724,24.211821576788694
Andhra Pradesh,2018,3,Recharge & bill payments,7542005,1949098146.8941927,21.390632614281998
Andhra Pradesh,2018,3,Merchant payments,1225416,685277254.5076212,20.345334066902147
Andhra Pradesh,2018,3,Financial Services,380324,60790077.57437308,17.922937152278323
Andhra Pradesh,2018,3,Others,348725,284248675.5700202,19.465360034717836
Andhra Pradesh,2018,4,Peer-to-peer payments,17580086,47011639726.13608,24.57366106176419
Andhra Pradesh,2018,4,Recharge & bill payments,9767083,2418164314.470957,21.606274541946362
Andhra Pradesh,2018,4,Merchant payments,2622131,1671585888.568256,21.23703864722953
Andhra Pradesh,2018,4,Financial Services,400837,57178116.40322068,17.86168182027342
Andhra Pradesh,2018,4,Others,389411,315211361.26249415,19.568753963085392
Andhra Pradesh,2019,1,Peer-to-peer payments,37420988,77524329742.2595,25.07385765621041
Andhra Pradesh,2019,1,Recharge & bill payments,14022264,3480641602.3771377,21.97048248252549
Andhra Pradesh,2019,1,Merchant payments,5043682,2423536770.3706346,21.608493785971667
Andhra Pradesh,2019,1,Financial Services,416325,47150177.52982048,17.668848353459065
Andhra Pradesh,2019,1,Others,361263,284937624.5393019,19.467780856523234
Andhra Pradesh,2019,2,Peer-to-peer payments,32494402,103924649232.47021,25.36693194689029
Andhra Pradesh,2019,2,Recharge & bill payments,14093964,4708345387.9101095,22.272602385784012
Andhra Pradesh,2019,2,Merchant payments,9226537,4613405202.681959,22.252232077179272
Andhra Pradesh,2019,2,Financial Services,145310,26626696.771042537,17.09742494600944
Andhra Pradesh,2019,2,Others,448802,361492238.3966455,19.705751131550212
Andhra Pradesh,2019,3,Peer-to-peer payments,39023491,124338645329.51532,25.546274690847405
Andhra Pradesh,2019,3,Recharge & bill payments,20147629,6893984676.598906,22.653915082468107
Andhra Pradesh,2019,3,Merchant payments,16581787,7887394038.066369,22.788531630690716
Andhra Pradesh,2019,3,Financial Services,122270,29778183.027080443,17.209286603746314
Andhra Pradesh,2019,3,Others,413437,298142027.58625776,19.51308053692327
Andhra Pradesh,2019,4,Peer-to-peer payments,57181511,178893550050.68753,25.9100567734388
Andhra Pradesh,2019,4,Merchant payments,25122370,13476303367.50486,23.324198673999344
Andhra Pradesh,2019,4,Recharge & bill payments,24469888,8335168605.691999,22.843749581701857
Andhra Pradesh,2019,4,Financial Services,105662,26796571.745749153,17.103784554682104
Andhra Pradesh,2019,4,Others,338672,216496893.16102877,19.193086759627377
Andhra Pradesh,2020,1,Peer-to-peer payments,65452143,223088554055.04755,26.130834632972192
Andhra Pradesh,2020,1,Merchant payments,31408022,18603161784.496994,23.646597391686743
Andhra Pradesh,2020,1,Recharge & bill payments,30449644,10813530777.973532,23.104064036819988
Andhra Pradesh,2020,1,Financial Services,75238,43739133.169823855,17.59375377808839
Andhra Pradesh,2020,1,Others,292310,188228538.37489766,19.053167417481152
Andhra Pradesh,2020,2,Peer-to-peer payments,73609921,262731724130.7907,26.294399288173164
Andhra Pradesh,2020,2,Recharge & bill payments,41013987,16991006436.573467,23.555950007931337
Andhra Pradesh,2020,2,Merchant payments,29976765,22625596525.44269,23.84234769199445
Andhra Pradesh,2020,2,Financial Services,140941,145274999.15679634,18.79413905700475
Andhra Pradesh,2020,2,Others,176241,90087654.60009979,18.31629370542411
Andhra Pradesh,2020,3,Peer-to-peer payments,106791894,406461788252.32056,26.730755759678978
Andhra Pradesh,2020,3,Merchant payments,54055557,40739580213.86052,24.43046594368758
Andhra Pradesh,2020,3,Recharge & bill payments,43500067,19475104674.827175,23.69240280357079
Andhra Pradesh,2020,3,Financial Services,243088,256074924.7187529,19.36098063821069
Andhra Pradesh,2020,3,Others,312329,151582519.18136686,18.836640722291005
Andhra Pradesh,2020,4,Peer-to-peer payments,152003791,566639138543.7708,27.06298849810397
Andhra Pradesh,2020,4,Merchant payments,86581460,66654048149.95168,24.92278161917532
Andhra Pradesh,2020,4,Recharge & bill payments,46810304,20936337211.557747,23.764752108872866
Andhra Pradesh,2020,4,Financial Services,265470,305168772.45601684,19.536375537120435
Andhra Pradesh,2020,4,Others,457527,306853355.59473807,19.54188052561763
Andhra Pradesh,2021,1,Peer-to-peer payments,149313738,580542193013.0018,27.087228319360324
Andhra Pradesh,2021,1,Merchant payments,97920281,70813192713.43477,24.98331115806186
Andhra Pradesh,2021,1,Recharge & bill payments,41940689,20546424964.14482,23.745952795121674
Andhra Pradesh,2021,1,Financial Services,225355,270313028.48452014,19.41509121387522
Andhra Pradesh,2021,1,Others,347907,272546457.5502677,19.423319647628514
Andhra Pradesh,2021,2,Peer-to-peer payments,189614879,737004484057.439,27.32585981332136
Andhra Pradesh,2021,2,Merchant payments,112875274,88512429436.91248,25.20640882472486
Andhra Pradesh,2021,2,Recharge & bill payments,49626902,24646800345.106976,23.927912925606552
Andhra Pradesh,2021,2,Financial Services,243237,265483044.40124667,19.397061537478173
Andhra Pradesh,2021,2,Others,406842,308302224.3856007,19.54659111107749
Andhra Pradesh,2021,3,Peer-to-peer payments,221280317,837841124664.307,27.4540943307494
Andhra Pradesh,2021,3,Merchant payments,158290953,118164377968.16754,25.495342525677874
Andhra Pradesh,2021,3,Recharge & bill payments,51702350,27511344958.24361,24.037864300518564
Andhra Pradesh,2021,3,Financial Services,211171,297239697.83073866,19.510049438033874
Andhra Pradesh,2021,3,Others,547759,403948275.56756073,19.816797399430985
Andhra Pradesh,2021,4,Peer-to-peer payments,262006450,971269765249.1282,27.601870088743084
Andhra Pradesh,2021,4,Merchant payments,207538904,152883933596.5386,25.75294486651562
Andhra Pradesh,2021,4,Recharge & bill payments,51762842,31232784713.985794,24.164734172213205
Andhra Pradesh,2021,4,Financial Services,243951,332740108.6635881,19.622872291773227
Andhra Pradesh,2021,4,Others,701856,545223415.6638832,20.116706207458364
Andhra Pradesh,2022,1,Peer-to-peer payments,288488560,1089629182596.4781,27.716858554836783
Andhra Pradesh,2022,1,Merchant payments,242031836,169419685917.19562,25.85564482208312
Andhra Pradesh,2022,1,Recharge & bill payments,51224170,34473036841.83001,24.26344331463397
Andhra Pradesh,2022,1,Financial Services,231651,324358965.11859065,19.59736138058516
Andhra Pradesh,2022,1,Others,627694,474382234.25397474,19.977523958180146
Andhra Pradesh,2022,2,Peer-to-peer payments,321362337,1231408926513.7114,27.839180098475296
Andhra Pradesh,2022,2,Merchant payments,292530048,205433660654.20898,26.048388999569305
Andhra Pradesh,2022,2,Recharge & bill payments,56606969,42408541939.06145,24.470615639744317
Andhra Pradesh,2022,2,Financial Services,192751,245783011.04455262,19.319959639788976
Andhra Pradesh,2022,2,Others,441925,357036084.9071137,19.69334741560788
Andhra Pradesh,2022,3,Peer-to-peer payments,298804000,1140164525892.7397,27.762193688881105
Andhra Pradesh,2022,3,Merchant payments,291033653,202910820650.0824,26.03603241232702
Andhra Pradesh,2022,3,Recharge & bill payments,52467708,41438764826.20322,24.447482628160063
Andhra Pradesh,2022,3,Financial Services,187190,239347241.54655045,19.293425953145455
Andhra Pradesh,2022,3,Others,362484,323951101.5715289,19.59610314437823
Andhra Pradesh,2022,4,Merchant payments,321632104,211898851397.09848,26.07937488171564
Andhra Pradesh,2022,4,Peer-to-peer payments,315734006,1170249585983.0112,27.788238163342303
Andhra Pradesh,2022,4,Recharge & bill payments,52098850,41986837706.47902,24.460622018196357
Andhra Pradesh,2022,4,Financial Services,206459,250596592.06465048,19.3393550052207
Andhra Pradesh,2022,4,Others,345658,339211363.0027188,19.642133963687336
Andhra Pradesh,2023,1,Merchant payments,540680395,311606731877.0,26.465007754939418
Andhra Pradesh,2023,1,Peer-to-peer payments,514931308,1857818168755.0,28.250423887567802
Andhra Pradesh,2023,1,Recharge & bill payments,89143939,78817989795.0,25.090407104658027
Andhra Pradesh,2023,1,Financial Services,288150,331233097.0,19.61833290905723
Andhra Pradesh,2023,1,Others,488672,477193006.0,19.983431593847634
Andhra Pradesh,2023,2,Merchant payments,634303064,349602824539.0,26.58006356004298
Andhra Pradesh,2023,2,Peer-to-peer payments,573455382,2067288068882.0,28.35725875260854
Andhra Pradesh,2023,2,Recharge & bill payments,97202487,88352183038.0,25.20459674439384
Andhra Pradesh,2023,2,Financial Services,316533,386071375.0,19.7715328222521
Andhra Pradesh,2023,2,Others,379498,409939082.0,19.831519128575035
Andhra Pradesh,2023,3,Merchant payments,750265405,395042164275.0,26.70225834115322
Andhra Pradesh,2023,3,Peer-to-peer payments,623202203,2163464730936.0,28.40273209462361
Andhra Pradesh,2023,3,Recharge & bill payments,101000645,94077774967.0,25.267387670391884
Andhra Pradesh,2023,3,Financial Services,361584,466791218.0,19.96139264714576
Andhra Pradesh,2023,3,Others,334566,362636702.0,19.708912072894385
Andhra Pradesh,2023,4,Merchant payments,822516631,427677236042.0,26.781634626640773
Andhra Pradesh,2023,4,Peer-to-peer payments,673002314,2270766948881.0,28.45113875330264
Andhra Pradesh,2023,4,Recharge & bill payments,100733697,103186953776.0,25.35980826511305
Andhra Pradesh,2023,4,Financial Services,431705,535202901.0,20.09815648903564
Andhra Pradesh,2023,4,Others,303079,348636223.0,19.669539598445667
Andhra Pradesh,2024,1,Merchant payments,926373997,468462542792.0,26.87272198407962
Andhra Pradesh,2024,1,Peer-to-peer payments,721764113,2436665736212.0,28.521651719166922
Andhra Pradesh,2024,1,Recharge & bill payments,106564415,106646957337.0,25.392789752042827
Andhra Pradesh,2024,1,Financial Services,427720,634184211.0,20.267850025403558
Andhra Pradesh,2024,1,Others,298240,316249197.0,19.57204106203441
Andhra Pradesh,2024,2,Merchant payments,1068247800,526363160284.0,26.98925723024749
Andhra Pradesh,2024,2,Peer-to-peer payments,748553253,2545133436133.0,28.565204195257575
Andhra Pradesh,2024,2,Recharge & bill payments,112475183,109301693605.0,25.41737772703173
Andhra Pradesh,2024,2,Financial Services,558924,799915709.0,20.500016917581185
Andhra Pradesh,2024,2,Others,287140,324214357.0,19.596915453762055
Andhra Pradesh,2024,3,Merchant payments,1186825685,569822447748.0,27.068590654073112
Andhra Pradesh,2024,3,Peer-to-peer payments,802972632,2555369227206.0,28.569217840770424
Andhra Pradesh,2024,3,Recharge & bill payments,100644574,100291968047.0,25.33135144942563
Andhra Pradesh,2024,3,Financial Services,633983,857014703.0,20.56896563394112
Andhra Pradesh,2024,3,Others,294488,304949785.0,19.535657684952106
Andhra Pradesh,2024,4,Merchant payments,1319061337,622805238380.0,27.15749968788726
Andhra Pradesh,2024,4,Peer-to-peer payments,872917507,2723665407515.0,28.632999665363062
Andhra Pradesh,2024,4,Recharge & bill payments,101888917,104194996949.0,25.369529951197425
Andhra Pradesh,2024,4,Financial Services,2255721,977916755.0,20.700935107812054
Andhra Pradesh,2024,4,Others,322062,372009367.0,19.734429594716037
Arunachal Pradesh,2018,1,Recharge & bill payments,28729,5184132.514934338,15.461113271878256
Arunachal Pradesh,2018,1,Peer-to-peer payments,13320,82889682.72418305,18.233021169951588
Arunachal Pradesh,2018,1,Merchant payments,1042,2420374.1905855755,14.699433123547864
Arunachal Pradesh,2018,1,Financial Services,416,58893.76201533088,10.983507435554953
Arunachal Pradesh,2018,1,Others,1990,1834252.8176908877,14.422148317910255
Arunachal Pradesh,2018,2,Recharge & bill payments,50700,10468878.537107183,16.16391756060688
Arunachal Pradesh,2018,2,Peer-to-peer payments,26477,181576281.19464755,19.017186410946913
Arunachal Pradesh,2018,2,Merchant payments,2378,4718953.439561011,15.367097815981056
Arunachal Pradesh,2018,2,Financial Services,559,363761.80159549194,12.804257290238235
Arunachal Pradesh,2018,2,Others,2043,1842317.3691352482,14.426535319698118
Arunachal Pradesh,2018,3,Recharge & bill payments,74122,15997565.906016497,16.58794720026652
Arunachal Pradesh,2018,3,Peer-to-peer payments,49740,308106303.45342577,19.54595542571855
Arunachal Pradesh,2018,3,Merchant payments,4738,5505694.567913429,15.521293672185044
Arunachal Pradesh,2018,3,Financial Services,507,72133.845254878,11.186292497162045
Arunachal Pradesh,2018,3,Others,2039,2044708.9687807972,14.530766512843918
Arunachal Pradesh,2018,4,Recharge & bill payments,97751,20662691.882313278,16.843840355965042
Arunachal Pradesh,2018,4,Peer-to-peer payments,68169,468831493.2328036,19.96575397450129
Arunachal Pradesh,2018,4,Merchant payments,7726,11998974.1040326,16.30033179610752
Arunachal Pradesh,2018,4,Financial Services,561,100597.90379906222,11.518896639958808
Arunachal Pradesh,2018,4,Others,2222,2446271.9688117937,14.710076187045091
Arunachal Pradesh,2019,1,Recharge & bill payments,121303,26796894.998233315,17.103796617811877
Arunachal Pradesh,2019,1,Peer-to-peer payments,93494,568554821.4456317,20.158608300007003
Arunachal Pradesh,2019,1,Merchant payments,9214,11727218.401334248,16.27742314234419
Arunachal Pradesh,2019,1,Financial Services,256,140622.87093631705,11.85384402301129
Arunachal Pradesh,2019,1,Others,2239,2730548.5978140826,14.820013464780034
Arunachal Pradesh,2019,2,Recharge & bill payments,131988,30420803.41271234,17.23063728799321
Arunachal Pradesh,2019,2,Peer-to-peer payments,106527,704237943.4054435,20.372626846229107
Arunachal Pradesh,2019,2,Merchant payments,16828,13955724.130712911,16.451400385674447
Arunachal Pradesh,2019,2,Financial Services,267,160660.8821362781,11.987057324686434
Arunachal Pradesh,2019,2,Others,3046,3880742.524023137,15.171537323143662
Arunachal Pradesh,2019,3,Recharge & bill payments,216228,50946104.94289842,17.746278885720965
Arunachal Pradesh,2019,3,Peer-to-peer payments,133484,841037395.2474606,20.550146683354637
Arunachal Pradesh,2019,3,Merchant payments,16900,17178248.07427002,16.659154552811408
Arunachal Pradesh,2019,3,Financial Services,864,64089.11350267195,11.0680453954855
Arunachal Pradesh,2019,3,Others,2758,3419197.4177385764,15.044916700789127
Arunachal Pradesh,2019,4,Recharge & bill payments,259183,63516906.09060433,17.966816681819118
Arunachal Pradesh,2019,4,Peer-to-peer payments,177833,1100137447.9340453,20.818700962521092
Arunachal Pradesh,2019,4,Merchant payments,19769,23192271.691576812,16.959329707516265
Arunachal Pradesh,2019,4,Financial Services,314,305379.7987782319,12.629314797420216
Arunachal Pradesh,2019,4,Others,2376,3421174.01227797,15.045494620873352
Arunachal Pradesh,2020,1,Recharge & bill payments,329834,86011654.77474582,18.2699933772986
Arunachal Pradesh,2020,1,Peer-to-peer payments,203429,1263912288.4066367,20.95747773897117
Arunachal Pradesh,2020,1,Merchant payments,31181,28553052.133918796,17.167274428240706
Arunachal Pradesh,2020,1,Financial Services,470,337812.94816169393,12.730250573686606
Arunachal Pradesh,2020,1,Others,2261,2943873.0666838237,14.895236981653685
Arunachal Pradesh,2020,2,Recharge & bill payments,522495,145198528.22961134,18.79361253103102
Arunachal Pradesh,2020,2,Peer-to-peer payments,247861,1630654426.0441835,21.212247260174106
Arunachal Pradesh,2020,2,Merchant payments,35169,46446966.612447515,17.653821738260973
Arunachal Pradesh,2020,2,Financial Services,1310,2655507.6964110374,14.792146793706875
Arunachal Pradesh,2020,2,Others,1939,1761404.4023099935,14.381622572403405
Arunachal Pradesh,2020,3,Recharge & bill payments,514907,153463816.21184397,18.84897537871594
Arunachal Pradesh,2020,3,Peer-to-peer payments,370418,2361603431.37578,21.582606645780526
Arunachal Pradesh,2020,3,Merchant payments,72736,88145178.69272713,18.29449578230365
Arunachal Pradesh,2020,3,Financial Services,1761,4030599.9171272423,15.209426033756621
Arunachal Pradesh,2020,3,Others,3005,2695539.3607389224,14.807109247139213
Arunachal Pradesh,2020,4,Peer-to-peer payments,522019,3254744938.4105625,21.903379749908577
Arunachal Pradesh,2020,4,Recharge & bill payments,513895,152389181.21743062,18.84194821587216
Arunachal Pradesh,2020,4,Merchant payments,167387,156682926.02384603,18.86973474812842
Arunachal Pradesh,2020,4,Financial Services,1749,2391651.8783250954,14.687495265764992
Arunachal Pradesh,2020,4,Others,4079,4055324.315454754,15.215541468073232
Arunachal Pradesh,2021,1,Peer-to-peer payments,566209,3460488558.9436507,21.96467561834379
Arunachal Pradesh,2021,1,Recharge & bill payments,450649,142358376.9003836,18.7738582241917
Arunachal Pradesh,2021,1,Merchant payments,155966,204958020.0891498,19.138315740958504
Arunachal Pradesh,2021,1,Financial Services,1558,2672460.4740365944,14.798510506075502
Arunachal Pradesh,2021,1,Others,3074,3301662.6094231335,15.009937023476477
Arunachal Pradesh,2021,2,Peer-to-peer payments,762946,4000960152.0755496,22.109800207530615
Arunachal Pradesh,2021,2,Recharge & bill payments,556680,165579844.25105897,18.924964085087343
Arunachal Pradesh,2021,2,Merchant payments,243375,283709438.5363142,19.463461172176956
Arunachal Pradesh,2021,2,Financial Services,1582,2761076.7934988844,14.831131666357042
Arunachal Pradesh,2021,2,Others,3755,3415105.3379601175,15.043719188997144
Arunachal Pradesh,2021,3,Peer-to-peer payments,986088,5033603845.032885,22.339402034899955
Arunachal Pradesh,2021,3,Recharge & bill payments,600102,187390578.30403775,19.048705655982246
Arunachal Pradesh,2021,3,Merchant payments,314658,449869060.7842621,19.924467124574797
Arunachal Pradesh,2021,3,Financial Services,1934,3348547.8272713376,15.024037624059984
Arunachal Pradesh,2021,3,Others,4185,3912143.3503634185,15.179596208833232
Arunachal Pradesh,2021,4,Peer-to-peer payments,1227616,6022733378.120082,22.518807042905493
Arunachal Pradesh,2021,4,Recharge & bill payments,633248,207784816.33218512,19.152013570111144
Arunachal Pradesh,2021,4,Merchant payments,521447,704195694.9939187,20.372566852757885
Arunachal Pradesh,2021,4,Financial Services,2386,3933557.2795471298,15.185054988847886
Arunachal Pradesh,2021,4,Others,5901,4862905.885615055,15.397146941683596
Arunachal Pradesh,2022,1,Peer-to-peer payments,1403584,6670641250.45945,22.620981831901915
Arunachal Pradesh,2022,1,Merchant payments,720803,917155358.7177179,20.63678743759102
Arunachal Pradesh,2022,1,Recharge & bill payments,670576,231933129.00412333,19.261959655342697
Arunachal Pradesh,2022,1,Financial Services,3053,3359625.792926075,15.02734045223636
Arunachal Pradesh,2022,1,Others,6052,5002264.113148138,15.42540139044423
Arunachal Pradesh,2022,2,Peer-to-peer payments,1751568,7627061474.687715,22.754968480367133
Arunachal Pradesh,2022,2,Merchant payments,1108353,1255513517.3639429,20.950810503818914
Arunachal Pradesh,2022,2,Recharge & bill payments,688770,241162643.19480157,19.300982136008706
Arunachal Pradesh,2022,2,Financial Services,2466,4063469.0998270046,15.217547870916999
Arunachal Pradesh,2022,2,Others,5768,3864269.879579009,15.167283575268133
Arunachal Pradesh,2022,3,Peer-to-peer payments,1967086,7365427284.274204,22.720062900829785
Arunachal Pradesh,2022,3,Merchant payments,1316326,1413247143.4889917,21.069155832989765
Arunachal Pradesh,2022,3,Recharge & bill payments,649322,238448083.80779752,19.289662170836444
Arunachal Pradesh,2022,3,Financial Services,1997,4763324.776043448,15.376456674681773
Arunachal Pradesh,2022,3,Others,4687,3224948.7015704075,14.986427911678108
Arunachal Pradesh,2022,4,Peer-to-peer payments,2251135,7768088687.67791,22.773289985053307
Arunachal Pradesh,2022,4,Merchant payments,1704968,1669602212.9174638,21.235851239743074
Arunachal Pradesh,2022,4,Recharge & bill payments,669151,239412553.61214688,19.29369879170203
Arunachal Pradesh,2022,4,Financial Services,2617,3785469.3993366556,15.146680717009167
Arunachal Pradesh,2022,4,Others,4838,4020773.8953960314,15.206985202068136
Arunachal Pradesh,2023,1,Peer-to-peer payments,3879583,13170741327.0,23.301263640259418
Arunachal Pradesh,2023,1,Merchant payments,2922784,2802762028.0,21.75387120684498
Arunachal Pradesh,2023,1,Recharge & bill payments,1229475,409663161.0,19.830845823902905
Arunachal Pradesh,2023,1,Financial Services,4142,6310412.0,15.657711684039555
Arunachal Pradesh,2023,1,Others,6841,5101526.0,15.445050464644503
Arunachal Pradesh,2023,2,Peer-to-peer payments,4883817,15695323405.0,23.47662863269863
Arunachal Pradesh,2023,2,Merchant payments,4091876,3651614280.0,22.01843517553593
Arunachal Pradesh,2023,2,Recharge & bill payments,1374689,447452168.0,19.919080205050385
Arunachal Pradesh,2023,2,Financial Services,3392,5815474.0,15.576033025895486
Arunachal Pradesh,2023,2,Others,6714,5493337.0,15.519046643291693
Arunachal Pradesh,2023,3,Peer-to-peer payments,5889357,16351752522.0,23.517600916496527
Arunachal Pradesh,2023,3,Merchant payments,5451474,4277046551.0,22.176528550396622
Arunachal Pradesh,2023,3,Recharge & bill payments,1450780,482412481.0,19.994310077835205
Arunachal Pradesh,2023,3,Financial Services,4825,11365670.0,16.246108054441024
Arunachal Pradesh,2023,3,Others,5997,4813862.0,15.387010438257963
Arunachal Pradesh,2023,4,Peer-to-peer payments,6678381,18554712209.0,23.643989621233597
Arunachal Pradesh,2023,4,Merchant payments,6435278,5043099494.0,22.34128670917416
Arunachal Pradesh,2023,4,Recharge & bill payments,1491471,515181105.0,20.060029058945297
Arunachal Pradesh,2023,4,Financial Services,5573,11079378.0,16.220596190781315
Arunachal Pradesh,2023,4,Others,7039,4727608.0,15.368930135832768
Arunachal Pradesh,2024,1,Merchant payments,7491171,5669482843.0,22.458363741355186
Arunachal Pradesh,2024,1,Peer-to-peer payments,7238315,19793142980.0,23.708601400575418
Arunachal Pradesh,2024,1,Recharge & bill payments,1664938,568014875.0,20.157658166483316
Arunachal Pradesh,2024,1,Financial Services,6408,13072238.0,16.386001379268517
Arunachal Pradesh,2024,1,Others,5582,3331540.0,15.018945517677723
Arunachal Pradesh,2024,2,Merchant payments,9567105,6815204405.0,22.642421895188765
Arunachal Pradesh,2024,2,Peer-to-peer payments,8120757,22271137791.0,23.826557407705387
Arunachal Pradesh,2024,2,Recharge & bill payments,1776684,595957635.0,20.20568014196637
Arunachal Pradesh,2024,2,Financial Services,7896,20769976.0,16.84901908848529
Arunachal Pradesh,2024,2,Others,5930,3281823.0,15.003909923356353
Arunachal Pradesh,2024,3,Merchant payments,12464040,7709848647.0,22.76576439371937
Arunachal Pradesh,2024,3,Peer-to-peer payments,10083155,23214155044.0,23.86802806081428
Arunachal Pradesh,2024,3,Recharge & bill payments,1886589,653172013.0,20.29735107368468
Arunachal Pradesh,2024,3,Financial Services,8170,21220623.0,16.870484096938302
Arunachal Pradesh,2024,3,Others,5188,3560378.0,15.085377557835836
Arunachal Pradesh,2024,4,Merchant payments,14117429,8515314488.0,22.865132083908104
Arunachal Pradesh,2024,4,Peer-to-peer payments,10758583,25848886063.0,23.97553334467061
Arunachal Pradesh,2024,4,Recharge & bill payments,1886780,695358159.0,20.35993760891747
Arunachal Pradesh,2024,4,Financial Services,25593,16838759.0,16.639193929863048
Arunachal Pradesh,2024,4,Others,5072,3489404.0,15.065241792538014
Assam,2018,1,Recharge & bill payments,632092,93491181.14056379,18.3533776811545
Assam,2018,1,Peer-to-peer payments,318025,993525195.9818655,20.716769981468325
Assam,2018,1,Merchant payments,40482,34501622.89266755,17.356516950246544
Assam,2018,1,Financial Services,18172,4936862.200688562,15.412240707861466
Assam,2018,1,Others,48110,31349593.99668264,17.260711906193652
Assam,2018,2,Recharge & bill payments,984160,174427478.21340805,18.977019621324267
Assam,2018,2,Peer-to-peer payments,530781,2064314053.1339972,21.44806383100153
Assam,2018,2,Merchant payments,79307,73366344.80739225,18.11097588445317
Assam,2018,2,Financial Services,22773,7051504.657611102,15.768751720441431
Assam,2018,2,Others,46852,31425754.725386057,17.26313836069195
Assam,2018,3,Recharge & bill payments,1275136,254569069.32411742,19.355082753299065
Assam,2018,3,Peer-to-peer payments,843571,3424136709.5088205,21.954115221563427
Assam,2018,3,Merchant payments,159532,96783839.37466942,18.38799060003285
Assam,2018,3,Financial Services,22677,4741123.821880115,15.37178496971319
Assam,2018,3,Others,50935,30904247.884785894,17.246404236777117
Assam,2018,4,Recharge & bill payments,1703488,317661277.3470997,19.57649621062529
Assam,2018,4,Peer-to-peer payments,1279089,5284776455.070784,22.388096157563396
Assam,2018,4,Merchant payments,667293,240563395.2777939,19.29849421475986
Assam,2018,4,Financial Services,28035,6331912.52655252,15.661113043312485
Assam,2018,4,Others,56267,38689818.79087821,17.471087068895834
Assam,2019,1,Recharge & bill payments,1993220,400281677.94382846,19.80767905460121
Assam,2019,1,Peer-to-peer payments,1976310,7291433300.700247,22.70996597567158
Assam,2019,1,Merchant payments,494871,266644645.74929428,19.40142741886447
Assam,2019,1,Financial Services,20162,4612454.1127945455,15.344270835640108
Assam,2019,1,Others,48442,39127457.944687635,17.482335053276234
Assam,2019,2,Recharge & bill payments,2512932,539315772.8606573,20.105811808647857
Assam,2019,2,Peer-to-peer payments,2293770,10035232820.852964,23.029368019907434
Assam,2019,2,Merchant payments,573646,326844709.5879724,19.604995724896725
Assam,2019,2,Financial Services,13654,4037222.414240564,15.211067739953664
Assam,2019,2,Others,60927,49538663.41037582,17.71826402183921
Assam,2019,3,Peer-to-peer payments,2713539,11835800855.176552,23.194394746078935
Assam,2019,3,Recharge & bill payments,2645302,639885372.7480905,20.27679961475843
Assam,2019,3,Merchant payments,513728,421380275.4207429,19.859046253352275
Assam,2019,3,Financial Services,8606,6403456.344768786,15.672348612589063
Assam,2019,3,Others,61396,46973660.73634353,17.665097614009525
Assam,2019,4,Peer-to-peer payments,3222143,14083346879.361855,23.368258864000207
Assam,2019,4,Recharge & bill payments,2937800,704118873.972094,20.372457756362117
Assam,2019,4,Merchant payments,544053,456318130.082201,19.938700780111944
Assam,2019,4,Financial Services,9621,3492255.0860687294,15.066058528323973
Assam,2019,4,Others,46893,34707757.009855896,17.36247379369926
Assam,2020,1,Peer-to-peer payments,4058740,18977446151.768826,23.666517066426266
Assam,2020,1,Recharge & bill payments,3897975,971722606.1579468,20.69458093811271
Assam,2020,1,Merchant payments,792646,675423852.9512749,20.3308509835498
Assam,2020,1,Financial Services,10173,7054325.507515656,15.76915167556767
Assam,2020,1,Others,49326,36781411.34368035,17.420503176176997
Assam,2020,2,Recharge & bill payments,6045321,1612522828.7163475,21.201065764497606
Assam,2020,2,Peer-to-peer payments,3648386,17358374071.26616,23.577340882360623
Assam,2020,2,Merchant payments,742400,749018053.2400584,20.434273645650343
Assam,2020,2,Financial Services,19814,18130004.687672265,16.71307889644705
Assam,2020,2,Others,49278,28255168.009208795,17.156786972596368
Assam,2020,3,Peer-to-peer payments,5637893,26646565777.43919,24.00592611540617
Assam,2020,3,Recharge & bill payments,5292154,1627282415.9451878,21.210177231524344
Assam,2020,3,Merchant payments,1383230,1492484153.3873158,21.123707786348753
Assam,2020,3,Financial Services,24954,28452966.026372254,17.163763002250803
Assam,2020,3,Others,59480,36605946.74600269,17.415721291890193
Assam,2020,4,Peer-to-peer payments,7538478,36013292450.814384,24.307153942024758
Assam,2020,4,Recharge & bill payments,5383505,1662189124.4177454,21.231401320779128
Assam,2020,4,Merchant payments,2392184,2466913305.59039,21.626233532648108
Assam,2020,4,Financial Services,29764,32314809.975261033,17.291036227219383
Assam,2020,4,Others,79523,51901628.46643049,17.7648607439136
Assam,2021,1,Peer-to-peer payments,9449096,45476079487.10464,24.54045229912503
Assam,2021,1,Recharge & bill payments,6494111,2103017761.546533,21.46663917992067
Assam,2021,1,Merchant payments,3459132,3657261586.2001615,22.019980504099674
Assam,2021,1,Financial Services,34049,41291047.3832124,17.536156288269225
Assam,2021,1,Others,75672,48814663.88782827,17.703541335675773
Assam,2021,2,Peer-to-peer payments,11668399,51521387890.61253,24.66526285726966
Assam,2021,2,Recharge & bill payments,9058005,2657676415.2458973,21.70071805026524
Assam,2021,2,Merchant payments,4562669,4914753140.040101,22.315507363656543
Assam,2021,2,Financial Services,49671,46106001.498141706,17.646453705524248
Assam,2021,2,Others,94161,52549929.267157935,17.777274328305534
Assam,2021,3,Peer-to-peer payments,15617592,64131823895.235466,24.88420655031145
Assam,2021,3,Recharge & bill payments,10284267,3248364164.1984267,21.901417372787986
Assam,2021,3,Merchant payments,7431371,8208706348.034584,22.828461177841135
Assam,2021,3,Financial Services,39479,43889820.495989755,17.597192994579128
Assam,2021,3,Others,131732,67715045.34317216,18.030818963456994
Assam,2021,4,Peer-to-peer payments,21393962,86801625126.53499,25.1868911811049
Assam,2021,4,Merchant payments,12895755,13378765005.905182,23.316934585959338
Assam,2021,4,Recharge & bill payments,11484376,3842004488.3733196,22.069260069791135
Assam,2021,4,Financial Services,60724,65456475.826191336,17.996896003807493
Assam,2021,4,Others,185544,97116796.57575196,18.391424910841284
Assam,2022,1,Peer-to-peer payments,27156085,108855352347.44865,25.413285795199872
Assam,2022,1,Merchant payments,19011883,18833132506.022354,23.658883523029896
Assam,2022,1,Recharge & bill payments,12474674,4424035840.366192,22.210318202708265
Assam,2022,1,Financial Services,68432,73257991.39188361,18.109497911061258
Assam,2022,1,Others,178812,94659207.47378007,18.365793720626094
Assam,2022,2,Peer-to-peer payments,33879530,123829913105.31845,25.542174792455643
Assam,2022,2,Merchant payments,28377534,24333260089.826862,23.915109979456144
Assam,2022,2,Recharge & bill payments,13858113,4814695679.877083,22.294938677889096
Assam,2022,2,Financial Services,50785,55549153.74320389,17.832778857790203
Assam,2022,2,Others,168763,77624058.0178437,18.167387975991062
Assam,2022,3,Peer-to-peer payments,37000266,127264703851.96637,25.56953503660895
Assam,2022,3,Merchant payments,34935460,28789992307.161205,24.083293674399957
Assam,2022,3,Recharge & bill payments,13974568,5295136932.037907,22.39005467648464
Assam,2022,3,Financial Services,65066,62882386.459812224,17.956776673872902
Assam,2022,3,Others,138451,76363577.27323309,18.151016416295313
Assam,2022,4,Peer-to-peer payments,44828832,150693397669.18314,25.738513130538724
Assam,2022,4,Merchant payments,43605784,36033810141.574844,24.3077235052848
Assam,2022,4,Recharge & bill payments,15344794,5773980885.270762,22.476627607871798
Assam,2022,4,Financial Services,74414,75960367.91633397,18.145722300615024
Assam,2022,4,Others,127443,76370123.60102956,18.151102138407424
Assam,2023,1,Merchant payments,48987048,39416860194.0,24.397459485448017
Assam,2023,1,Peer-to-peer payments,48461200,166509153749.0,25.838316122333183
Assam,2023,1,Recharge & bill payments,16113464,6266406177.0,22.558468849909833
Assam,2023,1,Financial Services,82270,86978703.0,18.281173865045755
Assam,2023,1,Others,116656,74768264.0,18.129904088213088
Assam,2023,2,Merchant payments,62403711,45515248236.0,24.541313232849024
Assam,2023,2,Peer-to-peer payments,57852989,182809282981.0,25.93170927685433
Assam,2023,2,Recharge & bill payments,17858409,6631355080.0,22.615075006534664
Assam,2023,2,Financial Services,81172,84797972.0,18.255782197174558
Assam,2023,2,Others,94672,70104514.0,18.0654977579193
Assam,2023,3,Merchant payments,82126315,51533166362.0,24.665491444381097
Assam,2023,3,Peer-to-peer payments,66737077,185030502675.0,25.94378652776336
Assam,2023,3,Recharge & bill payments,18524152,7310558505.0,22.712585510799112
Assam,2023,3,Financial Services,105975,118529318.0,18.59067090565826
Assam,2023,3,Others,81832,65257542.0,17.993852199018303
Assam,2023,4,Merchant payments,95438754,60513904505.0,24.826139002122588
Assam,2023,4,Peer-to-peer payments,79797949,216875937740.0,26.102591311515997
Assam,2023,4,Recharge & bill payments,18323202,8011077428.0,22.804091099467847
Assam,2023,4,Financial Services,119386,142552746.0,18.77522264356871
Assam,2023,4,Others,72866,60164512.0,17.91259325141459
Assam,2024,1,Merchant payments,110124616,68499650021.0,24.950094473033655
Assam,2024,1,Peer-to-peer payments,90992228,244008762377.0,26.220469972980062
Assam,2024,1,Recharge & bill payments,20239264,8488075878.0,22.86192817777987
Assam,2024,1,Financial Services,102326,135951454.0,18.727808431449624
Assam,2024,1,Others,66622,51466300.0,17.75643780193932
Assam,2024,2,Merchant payments,143699277,78145261323.0,25.08183525632609
Assam,2024,2,Peer-to-peer payments,105356010,258191846219.0,26.27696873554196
Assam,2024,2,Recharge & bill payments,22086844,8765311662.0,22.89406791236001
Assam,2024,2,Financial Services,120443,151366643.0,18.835215557653306
Assam,2024,2,Others,64513,54884363.0,17.820739057170876
Assam,2024,3,Merchant payments,161259693,79570459117.0,25.099908744307896
Assam,2024,3,Peer-to-peer payments,112031342,244082572337.0,26.220772416212764
Assam,2024,3,Recharge & bill payments,21850799,9670483722.0,22.992344168221518
Assam,2024,3,Financial Services,131635,175945223.0,18.98568327728844
Assam,2024,3,Others,72122,58848151.0,17.89047098930835
Assam,2024,4,Merchant payments,181752000,90150626448.0,25.224747735534432
Assam,2024,4,Peer-to-peer payments,129207094,282320195685.0,26.366307709448634
Assam,2024,4,Recharge & bill payments,20970477,10067635906.0,23.032591750176614
Assam,2024,4,Financial Services,438162,173496870.0,18.97167012260643
Assam,2024,4,Others,73798,74451050.0,18.125652433851602
Bihar,2018,1,Recharge & bill payments,3159922,375559206.7727593,19.74392669389654
Bihar,2018,1,Peer-to-peer payments,2052089,5295346761.45083,22.39009430251476
Bihar,2018,1,Financial Services,194295,33999413.87739952,17.3418538729441
Bihar,2018,1,Merchant payments,138885,139827755.73655012,18.75592191409746
Bihar,2018,1,Others,279111,201025034.17960182,19.1189400113996
Bihar,2018,2,Recharge & bill payments,4346849,700649777.0602969,20.36751871681787
Bihar,2018,2,Peer-to-peer payments,3447898,12141448845.077621,23.219890960273673
Bihar,2018,2,Merchant payments,311487,318571872.8216527,19.579358671008592
Bihar,2018,2,Financial Services,267433,45332532.096432865,17.629535502591843
Bihar,2018,2,Others,258711,300128082.6160458,19.519719886892045
Bihar,2018,3,Peer-to-peer payments,8893764,18695889187.89432,23.65156950717002
Bihar,2018,3,Recharge & bill payments,4401439,804061398.5166465,20.505186191785405
Bihar,2018,3,Merchant payments,586862,367608510.7261781,19.722529103036763
Bihar,2018,3,Financial Services,274510,33276460.45213346,17.320360841705725
Bihar,2018,3,Others,211229,234968821.31206354,19.27496339229436
Bihar,2018,4,Peer-to-peer payments,8094296,26224303882.80399,23.989952446884253
Bihar,2018,4,Recharge & bill payments,5469096,986310785.0093702,20.709482061694672
Bihar,2018,4,Merchant payments,1680664,848968693.0665624,20.55953286970479
Bihar,2018,4,Financial Services,237247,36199427.51318769,17.404553889742868
Bihar,2018,4,Others,251098,302214380.18458414,19.526647194971698
Bihar,2019,1,Peer-to-peer payments,16807040,38824078062.32093,24.382306459744836
Bihar,2019,1,Recharge & bill payments,7036367,1333688182.5386746,21.011214011643855
Bihar,2019,1,Merchant payments,2055267,1024996999.5279309,20.747955523218288
Bihar,2019,1,Financial Services,204689,28599535.734409343,17.168901077561316
Bihar,2019,1,Others,252871,291464734.4043106,19.490429580122054
Bihar,2019,2,Peer-to-peer payments,15837449,58381285240.80835,24.790261217234683
Bihar,2019,2,Recharge & bill payments,9279442,1996804238.2749753,21.41481385917147
Bihar,2019,2,Merchant payments,4365465,2308145849.844257,21.55971037720233
Bihar,2019,2,Financial Services,129603,63338108.53755434,17.963997752364033
Bihar,2019,2,Others,348520,382864846.0767575,19.763192605173078
Bihar,2019,3,Peer-to-peer payments,15446119,61831776093.09613,24.8476832455466
Bihar,2019,3,Recharge & bill payments,9115040,2140566974.705637,21.48433657280778
Bihar,2019,3,Merchant payments,7206001,3413490288.3137074,21.951001150029843
Bihar,2019,3,Financial Services,89997,20145460.42764103,16.818489581663755
Bihar,2019,3,Others,282743,286804437.7358033,19.474311143333587
Bihar,2019,4,Peer-to-peer payments,26337842,86340631422.24606,25.181566140265048
Bihar,2019,4,Recharge & bill payments,11358597,2649616529.830146,21.6976807611266
Bihar,2019,4,Merchant payments,5519582,4177574379.0405855,22.152996623192273
Bihar,2019,4,Financial Services,100192,18815964.761792127,16.750216310046188
Bihar,2019,4,Others,214101,126788281.9306988,18.658029189788394
Bihar,2020,1,Peer-to-peer payments,23163922,99873688132.9031,25.327172105866765
Bihar,2020,1,Recharge & bill payments,13837430,3680590624.9006104,22.026339072417763
Bihar,2020,1,Merchant payments,7822567,5562692116.5708065,22.439348021832604
Bihar,2020,1,Financial Services,57233,23954789.407903705,16.99167887885193
Bihar,2020,1,Others,200663,115927863.46366584,18.568478697564867
Bihar,2020,2,Peer-to-peer payments,26572651,116244368941.33606,25.47896044103495
Bihar,2020,2,Recharge & bill payments,19522564,5642294772.453551,22.45355669443111
Bihar,2020,2,Merchant payments,7011681,6760404421.62296,22.63434855104359
Bihar,2020,2,Financial Services,73119,54077813.2606806,17.805934572104846
Bihar,2020,2,Others,206727,105377680.17075577,18.473061418050435
Bihar,2020,3,Peer-to-peer payments,37294332,153664683751.53278,25.75803868719516
Bihar,2020,3,Recharge & bill payments,19027978,6313780616.601829,22.56600048108767
Bihar,2020,3,Merchant payments,14777337,13111735855.02769,23.29677353297664
Bihar,2020,3,Financial Services,104135,81355476.16367023,18.21433871774234
Bihar,2020,3,Others,299966,157309412.49242482,18.87372521043642
Bihar,2020,4,Peer-to-peer payments,49432098,208484557891.42865,26.06313081257643
Bihar,2020,4,Merchant payments,26750991,23185594534.30522,23.866796997562425
Bihar,2020,4,Recharge & bill payments,19908687,6926960996.688756,22.65868702549445
Bihar,2020,4,Financial Services,119416,100785736.00790763,18.42850740565234
Bihar,2020,4,Others,380481,207713978.04223877,19.151672590588454
Bihar,2021,1,Peer-to-peer payments,58566582,242013312361.31104,26.212258571351732
Bihar,2021,1,Merchant payments,33959313,30171144593.369873,24.130151827560486
Bihar,2021,1,Recharge & bill payments,21974086,8505455545.448764,22.863973623552514
Bihar,2021,1,Financial Services,124277,112949858.25028673,18.542454554753444
Bihar,2021,1,Others,308219,170787342.8481179,18.955929737323363
Bihar,2021,2,Peer-to-peer payments,78694099,319758683264.15344,26.49083243345619
Bihar,2021,2,Merchant payments,44686786,43458914639.77138,24.495081837711613
Bihar,2021,2,Recharge & bill payments,31646149,11030849713.502428,23.12396170391758
Bihar,2021,2,Financial Services,149791,116086345.91301711,18.569844842104544
Bihar,2021,2,Others,426797,215721223.2386405,19.18949750354533
Bihar,2021,3,Peer-to-peer payments,92785704,331514102784.2631,26.52693618800608
Bihar,2021,3,Merchant payments,64094961,53849745604.9643,24.709463516414424
Bihar,2021,3,Recharge & bill payments,30081746,11327303470.019915,23.150481884632693
Bihar,2021,3,Financial Services,135748,130349071.61901987,18.685726583773175
Bihar,2021,3,Others,572954,241260025.54569885,19.30138585813093
Bihar,2021,4,Peer-to-peer payments,117340712,423665098014.2792,26.772209116900584
Bihar,2021,4,Merchant payments,95992559,81729122295.53772,25.126676229355702
Bihar,2021,4,Recharge & bill payments,30824177,13438634948.212643,23.32139960060439
Bihar,2021,4,Financial Services,186298,173358268.82083318,18.970870934875116
Bihar,2021,4,Others,783199,365400541.9114517,19.716504687707438
Bihar,2022,1,Peer-to-peer payments,138085265,500024806542.69324,26.9379235472253
Bihar,2022,1,Merchant payments,114892163,95507710275.50963,25.28247281705381
Bihar,2022,1,Recharge & bill payments,30545266,15431605247.390364,23.459683532154646
Bihar,2022,1,Financial Services,169722,148088975.22896564,18.81332384182189
Bihar,2022,1,Others,698018,299484690.3236611,19.517573860102093
Bihar,2022,2,Peer-to-peer payments,164119431,610448610667.7207,27.137459951145377
Bihar,2022,2,Merchant payments,158289353,126423430586.42947,25.562902670051972
Bihar,2022,2,Recharge & bill payments,36950622,17225668601.948982,23.569666468938912
Bihar,2022,2,Financial Services,124199,116203820.91131489,18.570856292644248
Bihar,2022,2,Others,661424,247541289.12967217,19.327087954865398
Bihar,2022,3,Merchant payments,198273336,137873615624.72937,25.649603273677133
Bihar,2022,3,Peer-to-peer payments,192304951,632747186972.1919,27.17333679064575
Bihar,2022,3,Recharge & bill payments,46044353,20417791249.028316,23.73967247782024
Bihar,2022,3,Financial Services,179533,161987346.1868727,18.903028786361663
Bihar,2022,3,Others,565212,245905365.7791165,19.3204573319955
Bihar,2022,4,Merchant payments,243777692,172924170171.63205,25.876119012651166
Bihar,2022,4,Peer-to-peer payments,225487662,739870172148.0806,27.329740564710914
Bihar,2022,4,Recharge & bill payments,47054083,22729599211.247635,23.84693384211021
Bihar,2022,4,Financial Services,205989,199208429.5113938,19.109862224063573
Bihar,2022,4,Others,559223,288999714.3604311,19.48193626116422
Bihar,2023,1,Merchant payments,251601655,175053265606.0,25.888356139454427
Bihar,2023,1,Peer-to-peer payments,245677870,836428049163.0,27.45240633952443
Bihar,2023,1,Recharge & bill payments,49781169,27372239431.0,24.032795177331447
Bihar,2023,1,Financial Services,194601,158138446.0,18.87898145414654
Bihar,2023,1,Others,575900,265267298.0,19.396248551050917
Bihar,2023,2,Merchant payments,330603039,214402873623.0,26.091122669150252
Bihar,2023,2,Peer-to-peer payments,293616270,980139698305.0,27.61096094774368
Bihar,2023,2,Recharge & bill payments,58928748,31064849666.0,24.159342781145675
Bihar,2023,2,Financial Services,211722,190366037.0,19.06445929256265
Bihar,2023,2,Others,573315,248957759.0,19.332793801484517
Bihar,2023,3,Merchant payments,361940401,206648202575.0,26.05428367995198
Bihar,2023,3,Peer-to-peer payments,311779356,908446322767.0,27.535001639677763
Bihar,2023,3,Recharge & bill payments,59732275,32565513931.0,24.206519710549095
Bihar,2023,3,Financial Services,270376,277782677.0,19.44234963212875
Bihar,2023,3,Others,516343,215541416.0,19.188663639297115
Bihar,2023,4,Merchant payments,466122317,273626740927.0,26.335030755228768
Bihar,2023,4,Peer-to-peer payments,394813298,1121442567078.0,27.74563697878751
Bihar,2023,4,Recharge & bill payments,62582448,39095012665.0,24.389260742502884
Bihar,2023,4,Financial Services,333579,342560013.0,19.6519574236744
Bihar,2023,4,Others,575632,228927732.0,19.248916935294584
Bihar,2024,1,Merchant payments,548896156,316662638999.0,26.481102813844632
Bihar,2024,1,Peer-to-peer payments,456038110,1275205176229.0,27.87412820412563
Bihar,2024,1,Recharge & bill payments,73038449,45243630428.0,24.535327733184165
Bihar,2024,1,Financial Services,295689,411700201.0,19.835805977388542
Bihar,2024,1,Others,466379,213719039.0,19.18017281318525
Bihar,2024,2,Merchant payments,703589936,385479716519.0,26.677754412534394
Bihar,2024,2,Peer-to-peer payments,529387475,1452390033678.0,28.00423161449596
Bihar,2024,2,Recharge & bill payments,80054155,48206932392.0,24.59876867324197
Bihar,2024,2,Financial Services,386397,523080064.0,20.075245098266542
Bihar,2024,2,Others,470422,246802023.0,19.324097050934327
Bihar,2024,3,Merchant payments,730368233,370788705611.0,26.638898210659647
Bihar,2024,3,Peer-to-peer payments,547897786,1358253139121.0,27.937220533527224
Bihar,2024,3,Recharge & bill payments,73819834,50382123046.0,24.642902247653883
Bihar,2024,3,Financial Services,458793,630950534.0,20.26273802599056
Bihar,2024,3,Others,331577,225555027.0,19.234074713744896
Bihar,2024,4,Merchant payments,843136457,451257296266.0,26.835303515475527
Bihar,2024,4,Peer-to-peer payments,641971705,1592038209091.0,28.096036203748657
Bihar,2024,4,Recharge & bill payments,72565377,54638087933.0,24.723997057709383
Bihar,2024,4,Financial Services,1670253,714133013.0,20.38657979707091
Bihar,2024,4,Others,323883,279749744.0,19.449405993627742
Chandigarh,2018,1,Recharge & bill payments,201262,47479581.16264416,17.675810327385726
Chandigarh,2018,1,Peer-to-peer payments,135136,527998849.34055936,20.08460466428286
Chandigarh,2018,1,Merchant payments,21431,19477066.533276718,16.784748307540664
Chandigarh,2018,1,Financial Services,8473,1865618.249949839,14.439103593454416
Chandigarh,2018,1,Others,15593,16614305.58119321,16.62577472439455
Chandigarh,2018,2,Recharge & bill payments,224548,76722906.67871952,18.15571088770031
Chandigarh,2018,2,Peer-to-peer payments,194627,835296156.4220204,20.543296899478538
Chandigarh,2018,2,Merchant payments,34606,29408471.506333277,17.196793371280414
Chandigarh,2018,2,Financial Services,11927,3679451.8635118967,15.11827462069788
Chandigarh,2018,2,Others,13376,16116275.274144217,16.5953402679948
Chandigarh,2018,3,Peer-to-peer payments,295358,1217617705.9681761,20.920162087482524
Chandigarh,2018,3,Recharge & bill payments,236445,100639674.6708905,18.427057128245178
Chandigarh,2018,3,Merchant payments,64998,37560565.97386869,17.44146530734133
Chandigarh,2018,3,Financial Services,7642,1302311.5967954171,14.079652162638352
Chandigarh,2018,3,Others,12493,12234189.324580798,16.319745075683485
Chandigarh,2018,4,Peer-to-peer payments,431461,1793871702.3196409,21.307642083711162
Chandigarh,2018,4,Recharge & bill payments,310527,128130475.99274208,18.668559654203733
Chandigarh,2018,4,Merchant payments,135266,94010713.60616027,18.35891931891038
Chandigarh,2018,4,Financial Services,10008,2039811.3372037038,14.528368370022104
Chandigarh,2018,4,Others,17854,14538888.5242277,16.492337653303476
Chandigarh,2019,1,Peer-to-peer payments,689400,2123866601.6513758,21.47650413357573
Chandigarh,2019,1,Recharge & bill payments,390610,161414934.10238376,18.899488844230227
Chandigarh,2019,1,Merchant payments,169984,97230471.44089967,18.392594722777424
Chandigarh,2019,1,Financial Services,7412,917030.9066760786,13.728897545263685
Chandigarh,2019,1,Others,17070,12603012.342693318,16.349446497510915
Chandigarh,2019,2,Peer-to-peer payments,604849,2339922407.523348,21.57338360701555
Chandigarh,2019,2,Recharge & bill payments,342294,185659011.54417655,19.039422283297423
Chandigarh,2019,2,Merchant payments,277811,152766864.66190332,18.844423563419404
Chandigarh,2019,2,Financial Services,5590,839765.161351582,13.64087875272142
Chandigarh,2019,2,Others,21926,13928050.053676538,16.449415425965988
Chandigarh,2019,3,Peer-to-peer payments,722233,2815184152.8041325,21.75829351515648
Chandigarh,2019,3,Merchant payments,447069,226535908.8355719,19.238414032641263
Chandigarh,2019,3,Recharge & bill payments,308219,213884900.47217816,19.18094858470843
Chandigarh,2019,3,Financial Services,2447,794918.674981478,13.585996350772664
Chandigarh,2019,3,Others,26575,13282206.873976795,16.40193594376418
Chandigarh,2019,4,Peer-to-peer payments,927850,3586763928.6423693,22.000516220574283
Chandigarh,2019,4,Merchant payments,561630,318692521.79224944,19.57973731752542
Chandigarh,2019,4,Recharge & bill payments,338203,237695594.96329552,19.286501404448625
Chandigarh,2019,4,Financial Services,1911,654298.6785004465,13.391320749493575
Chandigarh,2019,4,Others,21321,8707473.86293627,15.979692394389103
Chandigarh,2020,1,Peer-to-peer payments,1087401,4421372542.468033,22.209716015027883
Chandigarh,2020,1,Merchant payments,764832,438193845.4527705,19.89817194224468
Chandigarh,2020,1,Recharge & bill payments,389851,257250007.2445577,19.36555896472725
Chandigarh,2020,1,Financial Services,1574,1406138.1883251297,14.15635834241679
Chandigarh,2020,1,Others,18853,8230536.662513691,15.923361900107908
Chandigarh,2020,2,Peer-to-peer payments,766698,3293060119.5471582,21.915083097248733
Chandigarh,2020,2,Merchant payments,390906,331423259.0003719,19.618906847579954
Chandigarh,2020,2,Recharge & bill payments,361577,214425229.3354035,19.183471659040503
Chandigarh,2020,2,Financial Services,1797,3982005.1176844486,15.197296299939717
Chandigarh,2020,2,Others,7032,4125116.689457224,15.232605108121433
Chandigarh,2020,3,Peer-to-peer payments,981986,4178346395.412492,22.15318140626879
Chandigarh,2020,3,Merchant payments,796634,604271248.9262259,20.21953374437051
Chandigarh,2020,3,Recharge & bill payments,366353,296964794.9657042,19.509124157639484
Chandigarh,2020,3,Financial Services,2643,5254415.457263877,15.474579510887224
Chandigarh,2020,3,Others,10470,4972498.603385328,15.419433209948638
Chandigarh,2020,4,Merchant payments,1322026,939307675.8510206,20.660653647880373
Chandigarh,2020,4,Peer-to-peer payments,1159377,4872318731.339843,22.306835786466152
Chandigarh,2020,4,Recharge & bill payments,409997,320731281.94750684,19.586114205735555
Chandigarh,2020,4,Financial Services,3346,4400109.748752326,15.297140268742709
Chandigarh,2020,4,Others,17970,10005102.462219946,16.11860586699797
Chandigarh,2021,1,Merchant payments,1799072,1210594490.0981498,20.914377390856533
Chandigarh,2021,1,Peer-to-peer payments,1472084,5916467167.303293,22.501005345598013
Chandigarh,2021,1,Recharge & bill payments,678396,451109555.33889335,19.927220786678493
Chandigarh,2021,1,Financial Services,5111,7700394.761505902,15.85678228310127
Chandigarh,2021,1,Others,15574,10549252.044153867,16.171565613877803
Chandigarh,2021,2,Merchant payments,1926913,1390989390.7789688,21.053281123531512
Chandigarh,2021,2,Peer-to-peer payments,1663559,6541132352.922333,22.601376130229614
Chandigarh,2021,2,Recharge & bill payments,806710,467698864.6672056,19.963335197350446
Chandigarh,2021,2,Financial Services,5502,7394941.032842191,15.816306815400194
Chandigarh,2021,2,Others,14863,10458390.53475552,16.162915231808853
Chandigarh,2021,3,Merchant payments,3179506,2245390329.2047896,21.532145209488537
Chandigarh,2021,3,Peer-to-peer payments,2434417,8927868098.340746,22.91244346865687
Chandigarh,2021,3,Recharge & bill payments,1008585,620437997.3899603,20.24593623560183
Chandigarh,2021,3,Financial Services,5700,7960844.903971832,15.890045821517575
Chandigarh,2021,3,Others,21170,14225734.853836158,16.47056326625815
Chandigarh,2021,4,Merchant payments,4056249,3041038519.8233976,21.83546491271807
Chandigarh,2021,4,Peer-to-peer payments,2797561,10610461952.107159,23.085106328031387
Chandigarh,2021,4,Recharge & bill payments,1013153,693790747.2429855,20.35768095750612
Chandigarh,2021,4,Financial Services,7038,10459431.863661807,16.16301479559592
Chandigarh,2021,4,Others,24902,17832859.58125159,16.696553413384216
Chandigarh,2022,1,Merchant payments,4511757,3264574793.4564357,21.906395359787048
Chandigarh,2022,1,Peer-to-peer payments,3012464,11150701028.605722,23.13476820548652
Chandigarh,2022,1,Recharge & bill payments,1046187,731347957.2152067,20.410399907490927
Chandigarh,2022,1,Financial Services,7228,13538635.562948208,16.42105812340236
Chandigarh,2022,1,Others,22855,14829134.999686666,16.51210445211258
Chandigarh,2022,2,Merchant payments,6136803,3919372475.5605655,22.08919739542415
Chandigarh,2022,2,Peer-to-peer payments,3489382,12549248085.111443,23.252926587272064
Chandigarh,2022,2,Recharge & bill payments,1119367,792957088.5933374,20.49127966665123
Chandigarh,2022,2,Financial Services,6673,8943857.181076445,16.006477617931587
Chandigarh,2022,2,Others,20264,12978651.924569944,16.37881648300484
Chandigarh,2022,3,Merchant payments,7665907,4713972532.82215,22.273796814931316
Chandigarh,2022,3,Peer-to-peer payments,4423590,14788179156.481958,23.417093993005697
Chandigarh,2022,3,Recharge & bill payments,1360342,1033530639.9360826,20.756246584383508
Chandigarh,2022,3,Financial Services,8868,9918740.020967592,16.10993655799798
Chandigarh,2022,3,Others,19466,14156668.144691642,16.4656963886643
Chandigarh,2022,4,Merchant payments,10170372,6570336079.954211,22.605830822008926
Chandigarh,2022,4,Peer-to-peer payments,5951989,20013621495.89691,23.71967895351903
Chandigarh,2022,4,Recharge & bill payments,1749647,1267654269.1590745,20.96043399818035
Chandigarh,2022,4,Financial Services,10778,12000766.356404984,16.300481152074873
Chandigarh,2022,4,Others,22054,16141955.57281622,16.59693243854046
Chandigarh,2023,1,Merchant payments,6460913,3374931077.0,21.939640739729054
Chandigarh,2023,1,Peer-to-peer payments,2634119,8623572416.0,22.87776526929484
Chandigarh,2023,1,Recharge & bill payments,700479,803831354.0,20.50490004767838
Chandigarh,2023,1,Financial Services,8163,12527258.0,16.34341754795386
Chandigarh,2023,1,Others,11931,10032289.0,16.12131944893304
Chandigarh,2023,2,Merchant payments,7747501,3820964178.0,22.06376863059623
Chandigarh,2023,2,Peer-to-peer payments,3048793,9726960611.0,22.998167311478337
Chandigarh,2023,2,Recharge & bill payments,737650,845159777.0,20.555036253837404
Chandigarh,2023,2,Financial Services,8262,11723572.0,16.27711215913294
Chandigarh,2023,2,Others,11481,9600612.0,16.077337508566142
Chandigarh,2023,3,Merchant payments,8849667,4339437634.0,22.191010599473934
Chandigarh,2023,3,Peer-to-peer payments,3410620,10182027091.0,23.04388995319693
Chandigarh,2023,3,Recharge & bill payments,771020,877282807.0,20.59233997041737
Chandigarh,2023,3,Financial Services,10756,19516305.0,16.786760879237452
Chandigarh,2023,3,Others,10102,8519474.0,15.957865277188615
Chandigarh,2023,4,Merchant payments,9052694,4771466320.0,22.285919499429284
Chandigarh,2023,4,Peer-to-peer payments,3480727,10531589834.0,23.07764513317722
Chandigarh,2023,4,Recharge & bill payments,725553,944249351.0,20.66590083329767
Chandigarh,2023,4,Financial Services,10241,21758309.0,16.895506311494724
Chandigarh,2023,4,Others,10863,12159187.0,16.313595655956867
Chandigarh,2024,1,Merchant payments,8982305,4662186840.0,22.262750454191476
Chandigarh,2024,1,Peer-to-peer payments,3414122,10168258638.0,23.042536807075756
Chandigarh,2024,1,Recharge & bill payments,735766,978631681.0,20.701665911116418
Chandigarh,2024,1,Financial Services,10909,21881737.0,16.901162965635795
Chandigarh,2024,1,Others,12071,11217285.0,16.23296653931578
Chandigarh,2024,2,Merchant payments,11201413,5412395814.0,22.411957681129017
Chandigarh,2024,2,Peer-to-peer payments,3948610,11123555377.0,23.132330802904075
Chandigarh,2024,2,Recharge & bill payments,759642,976897042.0,20.699891823696696
Chandigarh,2024,2,Financial Services,15209,26206753.0,17.0815277217697
Chandigarh,2024,2,Others,16099,17848826.0,16.69744834974493
Chandigarh,2024,3,Merchant payments,12322648,6042931862.0,22.522155138902345
Chandigarh,2024,3,Peer-to-peer payments,4530333,12112839411.0,23.217531835401243
Chandigarh,2024,3,Recharge & bill payments,824606,1038931528.0,20.761458646025726
Chandigarh,2024,3,Financial Services,17447,32954399.0,17.31063534565779
Chandigarh,2024,3,Others,13351,31600676.0,17.268689102378282
Chandigarh,2024,4,Merchant payments,12960792,6648643038.0,22.617678616506552
Chandigarh,2024,4,Peer-to-peer payments,4727760,12817849297.0,23.274104512898948
Chandigarh,2024,4,Recharge & bill payments,791148,984309171.0,20.707450604853292
Chandigarh,2024,4,Financial Services,35852,25202177.0,17.042440977318346
Chandigarh,2024,4,Others,12892,25382206.0,17.0495589747047
Chhattisgarh,2018,1,Recharge & bill payments,1177618,206518662.81014803,19.145901347928394
Chhattisgarh,2018,1,Peer-to-peer payments,550697,1838238336.1663632,21.332073524489736
Chhattisgarh,2018,1,Merchant payments,42411,39708474.15869055,17.497075202941563
Chhattisgarh,2018,1,Financial Services,33002,7350624.274461515,15.810295938925965
Chhattisgarh,2018,1,Others,87786,57339459.82710209,17.864499615290217
Chhattisgarh,2018,2,Recharge & bill payments,1643461,351709628.0901169,19.678316475773194
Chhattisgarh,2018,2,Peer-to-peer payments,933066,3703114547.658351,22.03244007241466
Chhattisgarh,2018,2,Merchant payments,118438,129967815.18510856,18.68279740996303
Chhattisgarh,2018,2,Financial Services,40299,9405941.62707696,16.056852241859445
Chhattisgarh,2018,2,Others,80892,69972510.60099621,18.06361303147583
Chhattisgarh,2018,3,Recharge & bill payments,1911374,443460556.77590346,19.9101194217701
Chhattisgarh,2018,3,Peer-to-peer payments,1619886,5647949187.747948,22.45455834077039
Chhattisgarh,2018,3,Merchant payments,220572,145342066.01377475,18.794600604971098
Chhattisgarh,2018,3,Financial Services,31927,6195179.156999446,15.639282153655536
Chhattisgarh,2018,3,Others,75845,59360083.75169004,17.899132584579963
Chhattisgarh,2018,4,Recharge & bill payments,2438959,554514488.4121984,20.133603495003378
Chhattisgarh,2018,4,Peer-to-peer payments,2342713,8450105299.480802,22.85744473983321
Chhattisgarh,2018,4,Merchant payments,458091,331842964.57864183,19.62017241973817
Chhattisgarh,2018,4,Financial Services,42199,9709810.436343707,16.088647420546888
Chhattisgarh,2018,4,Others,83882,70240102.06349953,18.067429974595008
Chhattisgarh,2019,1,Peer-to-peer payments,4068056,11417366152.388483,23.158401380019612
Chhattisgarh,2019,1,Recharge & bill payments,2997095,679458794.5442779,20.33680715034123
Chhattisgarh,2019,1,Merchant payments,710047,374735986.85082686,19.7417323035897
Chhattisgarh,2019,1,Financial Services,33835,5075418.743007188,15.43991978745372
Chhattisgarh,2019,1,Others,78636,67920032.80184662,18.033841597638716
Chhattisgarh,2019,2,Peer-to-peer payments,4350167,15410038389.818308,23.45828497756789
Chhattisgarh,2019,2,Recharge & bill payments,3435305,855753107.510468,20.567492467866327
Chhattisgarh,2019,2,Merchant payments,1483870,654411637.0168115,20.299247127350192
Chhattisgarh,2019,2,Financial Services,22563,4237631.55442897,15.259515311462767
Chhattisgarh,2019,2,Others,98040,77914922.92227882,18.171128070441927
Chhattisgarh,2019,3,Peer-to-peer payments,5021844,17584630267.779922,23.59029107727628
Chhattisgarh,2019,3,Recharge & bill payments,4335851,1069468753.7262831,20.790427871217787
Chhattisgarh,2019,3,Merchant payments,2772084,1074255588.7227576,20.7948937839782
Chhattisgarh,2019,3,Financial Services,16452,4542997.939180325,15.329097911235092
Chhattisgarh,2019,3,Others,96880,70361559.28538439,18.069157653332272
Chhattisgarh,2019,4,Peer-to-peer payments,7241974,24112075521.017845,23.905978610959764
Chhattisgarh,2019,4,Recharge & bill payments,5112337,1257371454.8604,20.952289232733346
Chhattisgarh,2019,4,Merchant payments,3852716,1720930747.6285615,21.26613111433573
Chhattisgarh,2019,4,Financial Services,14974,4665759.804240476,15.355761466691943
Chhattisgarh,2019,4,Others,83757,48745253.90234077,17.70211841533414
Chhattisgarh,2020,1,Peer-to-peer payments,8109789,28723854868.846924,24.08099379460711
Chhattisgarh,2020,1,Recharge & bill payments,6400067,1688995018.2209015,21.247399525816217
Chhattisgarh,2020,1,Merchant payments,4923214,2393811867.3887434,21.596152856361318
Chhattisgarh,2020,1,Financial Services,12424,7378557.223060286,15.814088814761913
Chhattisgarh,2020,1,Others,78497,46557359.6766012,17.6561956732816
Chhattisgarh,2020,2,Recharge & bill payments,8366200,2504355746.828547,21.641297351909532
Chhattisgarh,2020,2,Peer-to-peer payments,7216219,27351810047.608715,24.032048544560872
Chhattisgarh,2020,2,Merchant payments,3158417,2361252112.419633,21.582457871822317
Chhattisgarh,2020,2,Financial Services,19986,17814454.60563486,16.695520798353357
Chhattisgarh,2020,2,Others,60103,33149845.438824516,17.31654864227243
Chhattisgarh,2020,3,Peer-to-peer payments,9734445,34661165923.13037,24.268885759563954
Chhattisgarh,2020,3,Recharge & bill payments,8705513,2790720003.1373434,21.749565465485432
Chhattisgarh,2020,3,Merchant payments,5591916,3990179454.1880045,22.107102043074377
Chhattisgarh,2020,3,Financial Services,34893,39141096.45070238,17.482683558647505
Chhattisgarh,2020,3,Others,81772,45538330.62766186,17.634064982611736
Chhattisgarh,2020,4,Peer-to-peer payments,14257312,50812302052.952705,24.651404328629685
Chhattisgarh,2020,4,Merchant payments,11677743,8238390462.202984,22.832070829652427
Chhattisgarh,2020,4,Recharge & bill payments,9423324,3033918783.208999,21.83312094896107
Chhattisgarh,2020,4,Financial Services,41308,48082346.06124696,17.688425662749506
Chhattisgarh,2020,4,Others,129949,82280639.52262866,18.2256464073885
Chhattisgarh,2021,1,Peer-to-peer payments,15621154,55638916992.13896,24.742148739274814
Chhattisgarh,2021,1,Merchant payments,15222763,10661449529.109669,23.08990022487418
Chhattisgarh,2021,1,Recharge & bill payments,8456094,3000977538.840563,21.822203919151562
Chhattisgarh,2021,1,Financial Services,37395,40387648.84021996,17.51403459917226
Chhattisgarh,2021,1,Others,99031,68111552.62215017,18.036657413442594
Chhattisgarh,2021,2,Peer-to-peer payments,18387345,62134058797.4359,24.85256012640212
Chhattisgarh,2021,2,Merchant payments,15369311,12828590761.713423,23.27494217031386
Chhattisgarh,2021,2,Recharge & bill payments,10764784,3640692364.165052,22.015439710717573
Chhattisgarh,2021,2,Financial Services,40213,39620256.36433959,17.49485109503235
Chhattisgarh,2021,2,Others,127767,85809079.54731184,18.267635392742935
Chhattisgarh,2021,3,Merchant payments,27552743,19905616746.805294,23.714267777485638
Chhattisgarh,2021,3,Peer-to-peer payments,25447410,80506858751.32883,25.111608219633737
Chhattisgarh,2021,3,Recharge & bill payments,11039088,4045490947.2382197,22.120868751720657
Chhattisgarh,2021,3,Financial Services,38817,48855662.40142638,17.704380864255725
Chhattisgarh,2021,3,Others,159880,99286155.00295877,18.41351670341452
Chhattisgarh,2021,4,Merchant payments,40526025,29283695601.229546,24.100296733998103
Chhattisgarh,2021,4,Peer-to-peer payments,32799167,102177997315.68285,25.349982201094285
Chhattisgarh,2021,4,Recharge & bill payments,11115444,4724827139.9519415,22.276096813297393
Chhattisgarh,2021,4,Financial Services,55237,66445873.296120845,18.011898253853982
Chhattisgarh,2021,4,Others,221621,146144588.65236923,18.800107029694114
Chhattisgarh,2022,1,Merchant payments,48236094,33822547183.04485,24.244393493489817
Chhattisgarh,2022,1,Peer-to-peer payments,37457039,118393860520.57216,25.49728270434893
Chhattisgarh,2022,1,Recharge & bill payments,11466264,5442872986.10511,22.417572881036204
Chhattisgarh,2022,1,Financial Services,52918,55991695.312008664,17.840713957562134
Chhattisgarh,2022,1,Others,200977,131773069.80038045,18.696591840495024
Chhattisgarh,2022,2,Merchant payments,61093916,41536371583.74904,24.44983530407693
Chhattisgarh,2022,2,Peer-to-peer payments,42532112,133534947239.2497,25.617629057609594
Chhattisgarh,2022,2,Recharge & bill payments,12737942,5949415519.837789,22.506558819886923
Chhattisgarh,2022,2,Financial Services,41530,46037703.16128763,17.644971274399264
Chhattisgarh,2022,2,Others,178548,114905117.7834119,18.559617291725814
Chhattisgarh,2022,3,Merchant payments,84355775,50874051122.3736,24.652618829397618
Chhattisgarh,2022,3,Peer-to-peer payments,57116149,161027214428.20593,25.80483922136806
Chhattisgarh,2022,3,Recharge & bill payments,16538894,8069941553.075293,22.81141207683219
Chhattisgarh,2022,3,Financial Services,55775,61881709.73674865,17.940735229323657
Chhattisgarh,2022,3,Others,185994,128469268.59740639,18.671200286597426
Chhattisgarh,2022,4,Merchant payments,97405954,60247141797.94961,24.821720969170325
Chhattisgarh,2022,4,Peer-to-peer payments,63986789,183672880692.7266,25.93642219003707
Chhattisgarh,2022,4,Recharge & bill payments,16324117,8376603987.152398,22.84870841729316
Chhattisgarh,2022,4,Financial Services,63695,81169069.23462963,18.212044824127336
Chhattisgarh,2022,4,Others,179891,141385263.4082809,18.766999093890778
Chhattisgarh,2023,1,Merchant payments,115821237,68619935279.0,24.95184893121101
Chhattisgarh,2023,1,Peer-to-peer payments,76752033,221082684005.0,26.121802604266584
Chhattisgarh,2023,1,Recharge & bill payments,21896029,11162940453.0,23.13586524073563
Chhattisgarh,2023,1,Financial Services,72038,65398770.0,17.996014024201926
Chhattisgarh,2023,1,Others,207620,157977952.0,18.877966043280228
Chhattisgarh,2023,2,Merchant payments,138222517,78172761996.0,25.082187111764117
Chhattisgarh,2023,2,Peer-to-peer payments,86887081,243032806463.0,26.216462277199156
Chhattisgarh,2023,2,Recharge & bill payments,24550623,11714283831.0,23.18407477447241
Chhattisgarh,2023,2,Financial Services,77813,90235297.0,18.31793123886003
Chhattisgarh,2023,2,Others,193602,146759167.0,18.804303488315636
Chhattisgarh,2023,3,Merchant payments,161142673,85645642195.0,25.17348418121608
Chhattisgarh,2023,3,Peer-to-peer payments,97060888,251466237009.0,26.250574570993226
Chhattisgarh,2023,3,Recharge & bill payments,25011103,13000613447.0,23.28826238160231
Chhattisgarh,2023,3,Financial Services,95807,131864372.0,18.697284475061295
Chhattisgarh,2023,3,Others,182186,135322503.0,18.723171405991717
Chhattisgarh,2023,4,Merchant payments,185440451,102326470529.0,25.351434230391906
Chhattisgarh,2023,4,Peer-to-peer payments,110795079,287452814383.0,26.38432455983228
Chhattisgarh,2023,4,Recharge & bill payments,25330600,13898322691.0,23.355034000161602
Chhattisgarh,2023,4,Financial Services,115404,174278673.0,18.976166150738393
Chhattisgarh,2023,4,Others,194798,133148269.0,18.706973877274617
Chhattisgarh,2024,1,Merchant payments,212194065,116463019844.0,25.480839633338622
Chhattisgarh,2024,1,Peer-to-peer payments,124567252,329976785438.0,26.522288141777913
Chhattisgarh,2024,1,Recharge & bill payments,29121761,16237500799.0,23.510589268211795
Chhattisgarh,2024,1,Financial Services,117960,205227725.0,19.139630779092478
Chhattisgarh,2024,1,Others,175646,127276095.0,18.661869268990397
Chhattisgarh,2024,2,Merchant payments,245595547,132662738857.0,25.611075946526466
Chhattisgarh,2024,2,Peer-to-peer payments,134658010,346912119555.0,26.57233732705442
Chhattisgarh,2024,2,Recharge & bill payments,31469605,16306210818.0,23.51481190402542
Chhattisgarh,2024,2,Financial Services,148570,297328748.0,19.51034898359588
Chhattisgarh,2024,2,Others,175973,135034441.0,18.721040429789543
Chhattisgarh,2024,3,Merchant payments,267508081,136419004302.0,25.63899690038517
Chhattisgarh,2024,3,Peer-to-peer payments,146302685,342236114715.0,26.55876672970321
Chhattisgarh,2024,3,Recharge & bill payments,29502494,18226578889.0,23.626146744284853
Chhattisgarh,2024,3,Financial Services,179562,354020024.0,19.684864037294762
Chhattisgarh,2024,3,Others,147280,124415828.0,18.63913997293995
Chhattisgarh,2024,4,Merchant payments,304445323,159212481149.0,25.793505506467056
Chhattisgarh,2024,4,Peer-to-peer payments,166465519,398345139636.0,26.710584651460746
Chhattisgarh,2024,4,Recharge & bill payments,29120062,18801380994.0,23.65719616126532
Chhattisgarh,2024,4,Financial Services,477311,324186192.0,19.59682857845026
Chhattisgarh,2024,4,Others,147189,145256654.0,18.79401277020264
Dadra & Nagar Haveli & Daman & Diu,2018,1,Recharge & bill payments,95544,17526369.5804541,16.679217194985487
Dadra & Nagar Haveli & Daman & Diu,2018,1,Peer-to-peer payments,44599,151966933.24607396,18.839173517290984
Dadra & Nagar Haveli & Daman & Diu,2018,1,Merchant payments,1531,1580762.779739072,14.273418693098789
Dadra & Nagar Haveli & Daman & Diu,2018,1,Financial Services,1364,353171.5523814913,12.774712033428084
Dadra & Nagar Haveli & Daman & Diu,2018,1,Others,5511,4231146.95056825,15.257983897317786
Dadra & Nagar Haveli & Daman & Diu,2018,2,Recharge & bill payments,122834,30595592.007682398,17.23636653719404
Dadra & Nagar Haveli & Daman & Diu,2018,2,Peer-to-peer payments,69215,261995613.05482048,19.383838321336473
Dadra & Nagar Haveli & Daman & Diu,2018,2,Merchant payments,3544,4685536.036433555,15.359991095993177
Dadra & Nagar Haveli & Daman & Diu,2018,2,Financial Services,2996,383806.08546730166,12.857895323738381
Dadra & Nagar Haveli & Daman & Diu,2018,2,Others,4037,4410224.471747881,15.29943637349654
Dadra & Nagar Haveli & Daman & Diu,2018,3,Recharge & bill payments,157113,39790820.29359456,17.499146822893653
Dadra & Nagar Haveli & Daman & Diu,2018,3,Peer-to-peer payments,119346,396698085.4104552,19.79868606170296
Dadra & Nagar Haveli & Daman & Diu,2018,3,Merchant payments,7465,5693604.7441260815,15.554854303840878
Dadra & Nagar Haveli & Daman & Diu,2018,3,Financial Services,1477,297647.89589848556,12.603669869179345
Dadra & Nagar Haveli & Daman & Diu,2018,3,Others,4174,5159437.334100959,15.456338281552721
Dadra & Nagar Haveli & Daman & Diu,2018,4,Peer-to-peer payments,194214,582082154.4115133,20.18212215623439
Dadra & Nagar Haveli & Daman & Diu,2018,4,Recharge & bill payments,185793,49972030.11285484,17.72697402913942
Dadra & Nagar Haveli & Daman & Diu,2018,4,Merchant payments,15739,19577328.03937304,16.789882773063574
Dadra & Nagar Haveli & Daman & Diu,2018,4,Financial Services,2996,371674.6991335743,12.825776976514488
Dadra & Nagar Haveli & Daman & Diu,2018,4,Others,5340,6747429.538011953,15.724672329343642
Dadra & Nagar Haveli & Daman & Diu,2019,1,Peer-to-peer payments,408465,757657638.3173952,20.445742178406448
Dadra & Nagar Haveli & Daman & Diu,2019,1,Recharge & bill payments,225998,62660761.88806932,17.953246018455207
Dadra & Nagar Haveli & Daman & Diu,2019,1,Merchant payments,20694,17043867.88608146,16.651301100899357
Dadra & Nagar Haveli & Daman & Diu,2019,1,Financial Services,1645,221064.6189234741,12.306214854634169
Dadra & Nagar Haveli & Daman & Diu,2019,1,Others,5012,5786443.339431095,15.571028557185052
Dadra & Nagar Haveli & Daman & Diu,2019,2,Peer-to-peer payments,244134,734034142.8087387,20.414066102947483
Dadra & Nagar Haveli & Daman & Diu,2019,2,Recharge & bill payments,198184,63874445.55241879,17.972429941909216
Dadra & Nagar Haveli & Daman & Diu,2019,2,Merchant payments,40781,20816136.241969176,16.851239072812668
Dadra & Nagar Haveli & Daman & Diu,2019,2,Financial Services,748,155149.75618074698,11.952152543733465
Dadra & Nagar Haveli & Daman & Diu,2019,2,Others,5809,5561402.205763446,15.531361009522827
Dadra & Nagar Haveli & Daman & Diu,2019,3,Recharge & bill payments,319142,104597035.07984878,18.465625773436926
Dadra & Nagar Haveli & Daman & Diu,2019,3,Peer-to-peer payments,249944,821178569.0593253,20.526251146883656
Dadra & Nagar Haveli & Daman & Diu,2019,3,Merchant payments,63616,30634658.237494454,17.237642580773173
Dadra & Nagar Haveli & Daman & Diu,2019,3,Financial Services,533,425044.05141368794,12.959950445614924
Dadra & Nagar Haveli & Daman & Diu,2019,3,Others,5516,4636167.420289769,15.349398811576075
Dadra & Nagar Haveli & Daman & Diu,2019,4,Recharge & bill payments,351819,125809568.35055912,18.65027996730706
Dadra & Nagar Haveli & Daman & Diu,2019,4,Peer-to-peer payments,324464,1051976410.5472054,20.773936528526896
Dadra & Nagar Haveli & Daman & Diu,2019,4,Merchant payments,86758,45361559.23824883,17.630175613579006
Dadra & Nagar Haveli & Daman & Diu,2019,4,Financial Services,1019,267762.49056630814,12.497859371975574
Dadra & Nagar Haveli & Daman & Diu,2019,4,Others,4911,3225961.384460643,14.986741877481718
Dadra & Nagar Haveli & Daman & Diu,2020,1,Recharge & bill payments,407577,153340696.30393675,18.84817278352134
Dadra & Nagar Haveli & Daman & Diu,2020,1,Peer-to-peer payments,329005,1119439489.5005136,20.836093942073802
Dadra & Nagar Haveli & Daman & Diu,2020,1,Merchant payments,137040,66713356.798143014,18.015915757673852
Dadra & Nagar Haveli & Daman & Diu,2020,1,Financial Services,668,418783.1260904173,12.94511085394216
Dadra & Nagar Haveli & Daman & Diu,2020,1,Others,4289,2851043.563834071,14.86319599872111
Dadra & Nagar Haveli & Daman & Diu,2020,2,Recharge & bill payments,525974,178877986.7248658,19.002214498565777
Dadra & Nagar Haveli & Daman & Diu,2020,2,Peer-to-peer payments,323909,1052118443.3664523,20.774071534626135
Dadra & Nagar Haveli & Daman & Diu,2020,2,Merchant payments,118801,68938500.71228051,18.048725385603603
Dadra & Nagar Haveli & Daman & Diu,2020,2,Financial Services,1826,993268.2971840606,13.808757101813374
Dadra & Nagar Haveli & Daman & Diu,2020,2,Others,2642,1448254.787275234,14.185870484998
Dadra & Nagar Haveli & Daman & Diu,2020,3,Recharge & bill payments,455603,201223380.1868608,19.119926198120364
Dadra & Nagar Haveli & Daman & Diu,2020,3,Peer-to-peer payments,419524,1401020928.2319155,21.060467042970508
Dadra & Nagar Haveli & Daman & Diu,2020,3,Merchant payments,257572,143497844.49072367,18.781830579049313
Dadra & Nagar Haveli & Daman & Diu,2020,3,Financial Services,1635,1778864.0123306382,14.391486085371444
Dadra & Nagar Haveli & Daman & Diu,2020,3,Others,3978,2268098.077531771,14.634452627854353
Dadra & Nagar Haveli & Daman & Diu,2020,4,Peer-to-peer payments,666995,2153786522.547576,21.490493303781058
Dadra & Nagar Haveli & Daman & Diu,2020,4,Merchant payments,631443,316510115.80515665,19.572865763666893
Dadra & Nagar Haveli & Daman & Diu,2020,4,Recharge & bill payments,509971,224246669.7783347,19.228257212765484
Dadra & Nagar Haveli & Daman & Diu,2020,4,Financial Services,2453,1683959.5099964456,14.336659023388576
Dadra & Nagar Haveli & Daman & Diu,2020,4,Others,6929,4283833.187441602,15.270359004721724
Dadra & Nagar Haveli & Daman & Diu,2021,1,Peer-to-peer payments,768921,2379220756.2230163,21.590038858086974
Dadra & Nagar Haveli & Daman & Diu,2021,1,Merchant payments,705821,367522132.38063604,19.722294101689684
Dadra & Nagar Haveli & Daman & Diu,2021,1,Recharge & bill payments,442926,213177144.73200977,19.17763404813108
Dadra & Nagar Haveli & Daman & Diu,2021,1,Financial Services,2243,1930008.9716834244,14.47303572754307
Dadra & Nagar Haveli & Daman & Diu,2021,1,Others,5333,3782868.8861592514,15.14599350866978
Dadra & Nagar Haveli & Daman & Diu,2021,2,Peer-to-peer payments,843550,2512913026.4279447,21.644708485847257
Dadra & Nagar Haveli & Daman & Diu,2021,2,Merchant payments,802899,430487473.930562,19.880428787170864
Dadra & Nagar Haveli & Daman & Diu,2021,2,Recharge & bill payments,471136,208762964.0120024,19.156710027608554
Dadra & Nagar Haveli & Daman & Diu,2021,2,Financial Services,1826,1763792.6506419359,14.382977530612262
Dadra & Nagar Haveli & Daman & Diu,2021,2,Others,5672,3741204.3977531465,15.13491841632807
Dadra & Nagar Haveli & Daman & Diu,2021,3,Merchant payments,1312241,706774071.9381688,20.376221615419755
Dadra & Nagar Haveli & Daman & Diu,2021,3,Peer-to-peer payments,1262732,3339347400.0643554,21.929041235941234
Dadra & Nagar Haveli & Daman & Diu,2021,3,Recharge & bill payments,544322,253199754.8745275,19.349689284073197
Dadra & Nagar Haveli & Daman & Diu,2021,3,Financial Services,2065,2252116.636459231,14.627381503315823
Dadra & Nagar Haveli & Daman & Diu,2021,3,Others,8110,4365759.277996017,15.289302908033076
Dadra & Nagar Haveli & Daman & Diu,2021,4,Merchant payments,2013673,1058989463.1650428,20.780580954663538
Dadra & Nagar Haveli & Daman & Diu,2021,4,Peer-to-peer payments,1577168,4202291071.7106133,22.158895707010764
Dadra & Nagar Haveli & Daman & Diu,2021,4,Recharge & bill payments,551618,294991582.16815025,19.50245738226367
Dadra & Nagar Haveli & Daman & Diu,2021,4,Financial Services,2909,3159306.4175118254,14.965863389868002
Dadra & Nagar Haveli & Daman & Diu,2021,4,Others,11717,6407962.869342193,15.673052129347113
Dadra & Nagar Haveli & Daman & Diu,2022,1,Merchant payments,2507246,1227972829.6970267,20.92863054158705
Dadra & Nagar Haveli & Daman & Diu,2022,1,Peer-to-peer payments,1745454,4674787017.541661,22.26544944111809
Dadra & Nagar Haveli & Daman & Diu,2022,1,Recharge & bill payments,538134,326296370.82357025,19.60331664235852
Dadra & Nagar Haveli & Daman & Diu,2022,1,Financial Services,2574,2661345.5534556974,14.794342775773838
Dadra & Nagar Haveli & Daman & Diu,2022,1,Others,9395,5330803.646676767,15.489012750353265
Dadra & Nagar Haveli & Daman & Diu,2022,2,Merchant payments,3346697,1536859131.3374817,21.153006646253523
Dadra & Nagar Haveli & Daman & Diu,2022,2,Peer-to-peer payments,1861799,5078832140.606572,22.348347178722733
Dadra & Nagar Haveli & Daman & Diu,2022,2,Recharge & bill payments,539562,372921225.4254243,19.73687776609653
Dadra & Nagar Haveli & Daman & Diu,2022,2,Financial Services,1849,2131607.7226029015,14.57238752144129
Dadra & Nagar Haveli & Daman & Diu,2022,2,Others,9864,4415675.718757721,15.300671657456267
Dadra & Nagar Haveli & Daman & Diu,2022,3,Merchant payments,3777156,1705567002.0586467,21.257163445511935
Dadra & Nagar Haveli & Daman & Diu,2022,3,Peer-to-peer payments,2086741,5382949597.510585,22.406502313395865
Dadra & Nagar Haveli & Daman & Diu,2022,3,Recharge & bill payments,592431,425206924.5270094,19.868086491992297
Dadra & Nagar Haveli & Daman & Diu,2022,3,Financial Services,2237,3194409.939898855,14.976913259436921
Dadra & Nagar Haveli & Daman & Diu,2022,3,Others,7056,3729425.46329771,15.131765016606264
Dadra & Nagar Haveli & Daman & Diu,2022,4,Merchant payments,4415771,1889046056.1988354,21.359337806957242
Dadra & Nagar Haveli & Daman & Diu,2022,4,Peer-to-peer payments,2215052,5737539058.403507,22.470296220049075
Dadra & Nagar Haveli & Daman & Diu,2022,4,Recharge & bill payments,548795,426040023.1105018,19.870043853131346
Dadra & Nagar Haveli & Daman & Diu,2022,4,Financial Services,2495,3169199.262533775,14.968989830912351
Dadra & Nagar Haveli & Daman & Diu,2022,4,Others,7472,3846409.1057498828,15.16265083120634
Dadra & Nagar Haveli & Daman & Diu,2023,1,Merchant payments,7184933,2778820380.0,21.74529235121702
Dadra & Nagar Haveli & Daman & Diu,2023,1,Peer-to-peer payments,3623830,9079653826.0,22.92930190405311
Dadra & Nagar Haveli & Daman & Diu,2023,1,Recharge & bill payments,979503,746971431.0,20.431537498724552
Dadra & Nagar Haveli & Daman & Diu,2023,1,Financial Services,3546,2855684.0,14.864822302241121
Dadra & Nagar Haveli & Daman & Diu,2023,1,Others,12173,5789879.0,15.571622123945803
Dadra & Nagar Haveli & Daman & Diu,2023,2,Merchant payments,8331573,3135694669.0,21.866116571811848
Dadra & Nagar Haveli & Daman & Diu,2023,2,Peer-to-peer payments,3962990,9804533561.0,23.006110724020022
Dadra & Nagar Haveli & Daman & Diu,2023,2,Recharge & bill payments,1046280,800283519.0,20.500476622847355
Dadra & Nagar Haveli & Daman & Diu,2023,2,Financial Services,3985,4431276.0,15.304198362332869
Dadra & Nagar Haveli & Daman & Diu,2023,2,Others,12287,5595163.0,15.53741321118419
Dadra & Nagar Haveli & Daman & Diu,2023,3,Merchant payments,9582597,3564710651.0,21.99434872398437
Dadra & Nagar Haveli & Daman & Diu,2023,3,Peer-to-peer payments,4630867,10642329946.0,23.088105276868497
Dadra & Nagar Haveli & Daman & Diu,2023,3,Recharge & bill payments,1139193,878917740.0,20.594201868790247
Dadra & Nagar Haveli & Daman & Diu,2023,3,Financial Services,5572,5268269.0,15.477212593379306
Dadra & Nagar Haveli & Daman & Diu,2023,3,Others,12099,4839857.0,15.392395939419448
Dadra & Nagar Haveli & Daman & Diu,2023,4,Merchant payments,11765508,4318758826.0,22.186233889356604
Dadra & Nagar Haveli & Daman & Diu,2023,4,Peer-to-peer payments,5347152,12234383845.0,23.227516172621982
Dadra & Nagar Haveli & Daman & Diu,2023,4,Recharge & bill payments,1169931,991997355.0,20.715230999923016
Dadra & Nagar Haveli & Daman & Diu,2023,4,Financial Services,5597,7765262.0,15.86517088392052
Dadra & Nagar Haveli & Daman & Diu,2023,4,Others,14185,5154679.0,15.45541559785172
Dadra & Nagar Haveli & Daman & Diu,2024,1,Merchant payments,13631073,4791513247.0,22.29011211664044
Dadra & Nagar Haveli & Daman & Diu,2024,1,Peer-to-peer payments,6113627,13576602170.0,23.331613719448576
Dadra & Nagar Haveli & Daman & Diu,2024,1,Recharge & bill payments,1353851,1135863865.0,20.850659313796825
Dadra & Nagar Haveli & Daman & Diu,2024,1,Financial Services,6748,10924778.0,16.20654406990837
Dadra & Nagar Haveli & Daman & Diu,2024,1,Others,9710,4292265.0,15.27232535658118
Dadra & Nagar Haveli & Daman & Diu,2024,2,Merchant payments,15510300,5152049102.0,22.362660356564845
Dadra & Nagar Haveli & Daman & Diu,2024,2,Peer-to-peer payments,6493955,14085735502.0,23.368428455796728
Dadra & Nagar Haveli & Daman & Diu,2024,2,Recharge & bill payments,1370838,1073613414.0,20.794295819446397
Dadra & Nagar Haveli & Daman & Diu,2024,2,Financial Services,7715,10300178.0,16.147671831689635
Dadra & Nagar Haveli & Daman & Diu,2024,2,Others,10307,7294515.0,15.80263339092509
Dadra & Nagar Haveli & Daman & Diu,2024,3,Merchant payments,16778218,5563348577.0,22.439466026152004
Dadra & Nagar Haveli & Daman & Diu,2024,3,Peer-to-peer payments,7251757,14881287713.0,23.42337040252635
Dadra & Nagar Haveli & Daman & Diu,2024,3,Recharge & bill payments,1397428,1094723407.0,20.813767572873484
Dadra & Nagar Haveli & Daman & Diu,2024,3,Financial Services,10550,15369479.0,16.547894282801927
Dadra & Nagar Haveli & Daman & Diu,2024,3,Others,8317,9902390.0,16.108286801096245
Dadra & Nagar Haveli & Daman & Diu,2024,4,Merchant payments,19213230,6331132984.0,22.56874504365819
Dadra & Nagar Haveli & Daman & Diu,2024,4,Peer-to-peer payments,7882319,16487512787.0,23.525869130607436
Dadra & Nagar Haveli & Daman & Diu,2024,4,Recharge & bill payments,1336160,1107688213.0,20.825540990365557
Dadra & Nagar Haveli & Daman & Diu,2024,4,Financial Services,25423,12601733.0,16.349344981500693
Dadra & Nagar Haveli & Daman & Diu,2024,4,Others,6568,6285744.0,15.65379492917892
Delhi,2018,1,Recharge & bill payments,3947297,1320559612.770412,21.001321433529423
Delhi,2018,1,Peer-to-peer payments,2380820,9125685134.894358,22.934358816982034
Delhi,2018,1,Merchant payments,339809,375393115.19131327,19.743484344685136
Delhi,2018,1,Financial Services,136240,45588429.271575734,17.635164520177145
Delhi,2018,1,Others,318588,344277514.7923026,19.656958622058724
Delhi,2018,2,Recharge & bill payments,4511737,2078183615.8006349,21.454760087991453
Delhi,2018,2,Peer-to-peer payments,3542716,14348179103.109837,23.386888879400946
Delhi,2018,2,Merchant payments,837001,631597790.6002588,20.263763343823275
Delhi,2018,2,Financial Services,205991,66584728.19594695,18.013985817867187
Delhi,2018,2,Others,276278,321754664.4984691,19.589299904719123
Delhi,2018,3,Peer-to-peer payments,8557153,22670122888.868217,23.84431372226581
Delhi,2018,3,Recharge & bill payments,5305635,3261844270.537241,21.905558599826985
Delhi,2018,3,Merchant payments,3808395,1048422633.7093576,20.770552618945214
Delhi,2018,3,Financial Services,274526,45051151.35143036,17.623309121079494
Delhi,2018,3,Others,601339,350405916.1523186,19.674602803734153
Delhi,2018,4,Peer-to-peer payments,9973249,32389252494.75772,24.20109249162184
Delhi,2018,4,Merchant payments,9958967,2738429838.939273,21.73065054197279
Delhi,2018,4,Recharge & bill payments,7483633,3961160542.570066,22.09980288583528
Delhi,2018,4,Financial Services,265004,58162003.43614492,17.878742854765967
Delhi,2018,4,Others,1506866,575852739.0031943,20.17136252625697
Delhi,2019,1,Peer-to-peer payments,20216287,48250023720.99173,24.59966215637878
Delhi,2019,1,Merchant payments,13875931,3996618719.7994804,22.108714520781916
Delhi,2019,1,Recharge & bill payments,10744978,5521320539.356212,22.43188289695028
Delhi,2019,1,Financial Services,223095,30997039.697555833,17.249402296523527
Delhi,2019,1,Others,1947036,670171769.6522964,20.323044611598966
Delhi,2019,2,Merchant payments,20891431,6816878922.844399,22.64266756825462
Delhi,2019,2,Peer-to-peer payments,20570311,65953571241.26435,24.91221686539821
Delhi,2019,2,Recharge & bill payments,12869453,8035701902.391765,22.807160188063193
Delhi,2019,2,Financial Services,137774,33985068.68378611,17.341431859188496
Delhi,2019,2,Others,2702543,866678928.4439986,20.580179142564095
Delhi,2019,3,Merchant payments,29453368,9857221391.940361,23.011470159856366
Delhi,2019,3,Peer-to-peer payments,25201978,81904443496.29778,25.128819081489937
Delhi,2019,3,Recharge & bill payments,11133404,10406524192.884487,23.06569877274187
Delhi,2019,3,Financial Services,92061,27952186.986432005,17.14600603666364
Delhi,2019,3,Others,3657065,1000670778.3478061,20.723936391422306
Delhi,2019,4,Peer-to-peer payments,33040093,105858524152.38443,25.385369361784495
Delhi,2019,4,Merchant payments,32537378,12864577363.070576,23.277743430533075
Delhi,2019,4,Recharge & bill payments,11609898,9500486080.98845,22.974608800769044
Delhi,2019,4,Financial Services,57063,21512527.973989226,16.88414606634538
Delhi,2019,4,Others,3500565,779367300.4732571,20.47399299652879
Delhi,2020,1,Merchant payments,33951545,14470782771.054684,23.395397472329467
Delhi,2020,1,Peer-to-peer payments,32410795,108987600006.3667,25.41449995130393
Delhi,2020,1,Recharge & bill payments,12822919,9498791147.929193,22.97443037997512
Delhi,2020,1,Financial Services,46529,39908838.24852887,17.502108392375675
Delhi,2020,1,Others,2515816,619460878.9909673,20.244360109325232
Delhi,2020,2,Peer-to-peer payments,27155938,86227124454.10175,25.180250633970886
Delhi,2020,2,Merchant payments,24963931,12708327043.868336,23.26552328837572
Delhi,2020,2,Recharge & bill payments,13568505,8699886044.040596,22.88657576424997
Delhi,2020,2,Financial Services,64790,75405868.16164647,18.138395670288922
Delhi,2020,2,Others,288854,162694793.15869594,18.907386575111268
Delhi,2020,3,Peer-to-peer payments,41498638,140074023548.15637,25.665436859458996
Delhi,2020,3,Merchant payments,40973792,21858176583.0589,23.80784090286068
Delhi,2020,3,Recharge & bill payments,13448341,12883226305.336546,23.279192015877733
Delhi,2020,3,Financial Services,85689,114341865.2645722,18.554703345728925
Delhi,2020,3,Others,485401,234194502.8442282,19.27166254106528
Delhi,2020,4,Merchant payments,54581166,31106554562.7951,24.16068439160362
Delhi,2020,4,Peer-to-peer payments,49631928,171546055992.1488,25.868117615564834
Delhi,2020,4,Recharge & bill payments,14862946,12921793576.576857,23.282181147459887
Delhi,2020,4,Financial Services,114862,160007919.76894268,18.890733876778672
Delhi,2020,4,Others,1349515,530676173.2537967,20.089662551847404
Delhi,2021,1,Merchant payments,72615587,39861532639.012344,24.408677601569185
Delhi,2021,1,Peer-to-peer payments,61957428,210823551741.40936,26.07428737290604
Delhi,2021,1,Recharge & bill payments,21164274,15447408658.778738,23.46070710193671
Delhi,2021,1,Financial Services,153039,203106852.42387855,19.129242770067354
Delhi,2021,1,Others,1468676,592745151.8683048,20.20027510551373
Delhi,2021,2,Merchant payments,75620295,42933366743.23575,24.4829151401525
Delhi,2021,2,Peer-to-peer payments,68497718,223034955527.75317,26.13059434737235
Delhi,2021,2,Recharge & bill payments,25026678,15310096462.746447,23.451778347298077
Delhi,2021,2,Financial Services,158170,190019761.49741396,19.06263863786005
Delhi,2021,2,Others,854403,472659189.30861247,19.973885158862462
Delhi,2021,3,Merchant payments,115250887,64006915630.53262,24.88225697121107
Delhi,2021,3,Peer-to-peer payments,93292876,298005532606.47,26.420377889076352
Delhi,2021,3,Recharge & bill payments,28427032,20934734871.908962,23.764675572038733
Delhi,2021,3,Financial Services,144460,220660990.22066334,19.212138105358598
Delhi,2021,3,Others,1645353,690472449.1489255,20.352886631609152
Delhi,2021,4,Merchant payments,149204611,88990516304.07437,25.211795642630854
Delhi,2021,4,Peer-to-peer payments,112380292,376556972334.1598,26.65433519368182
Delhi,2021,4,Recharge & bill payments,30127352,22290161823.248642,23.82741124426618
Delhi,2021,4,Financial Services,199280,287950130.24921745,19.478297867722436
Delhi,2021,4,Others,771824,569713470.6592032,20.160644111106624
Delhi,2022,1,Merchant payments,174454937,98212381475.57239,25.31039812864169
Delhi,2022,1,Peer-to-peer payments,125111881,415305045689.30945,26.75227913701644
Delhi,2022,1,Recharge & bill payments,29435981,22482865572.904938,23.836019325996812
Delhi,2022,1,Financial Services,195184,271039329.10874933,19.41777449786628
Delhi,2022,1,Others,1801878,693588769.393249,20.35738979297839
Delhi,2022,2,Merchant payments,233412802,121657706565.01256,25.52447725448598
Delhi,2022,2,Peer-to-peer payments,143447534,480685895058.7076,26.8984798689147
Delhi,2022,2,Recharge & bill payments,32971294,26876059610.022118,24.01450175000387
Delhi,2022,2,Financial Services,160827,209425798.82013166,19.159880057121274
Delhi,2022,2,Others,641727,426563425.65446466,19.871271628152062
Delhi,2022,3,Merchant payments,276635347,134292748569.06271,25.62328794475176
Delhi,2022,3,Peer-to-peer payments,160580425,509428627035.3385,26.95655559547132
Delhi,2022,3,Recharge & bill payments,37572389,33177115465.46472,24.225126182018315
Delhi,2022,3,Financial Services,195218,265479580.4156591,19.397048489533127
Delhi,2022,3,Others,608782,448676465.8346823,19.92181262213305
Delhi,2022,4,Merchant payments,305621913,153114813286.24423,25.75445389056143
Delhi,2022,4,Peer-to-peer payments,171970100,559069397370.8649,27.04953944796293
Delhi,2022,4,Recharge & bill payments,36775874,31954251758.09231,24.187571084318158
Delhi,2022,4,Financial Services,228639,299454652.77800566,19.517473557639327
Delhi,2022,4,Others,606931,477098950.59646183,19.983234473033622
Delhi,2023,1,Merchant payments,246682850,116053064134.0,25.477313372894333
Delhi,2023,1,Peer-to-peer payments,135403837,460727324748.0,26.856072218501257
Delhi,2023,1,Recharge & bill payments,26976608,33945163887.0,24.248012232733736
Delhi,2023,1,Financial Services,206979,275072622.0,19.432545704403264
Delhi,2023,1,Others,482829,402484189.0,19.813166374548327
Delhi,2023,2,Merchant payments,300493650,126927948779.0,25.566885429970114
Delhi,2023,2,Peer-to-peer payments,151909146,498879007930.0,26.935629434221397
Delhi,2023,2,Recharge & bill payments,29059235,35251178665.0,24.285764802979006
Delhi,2023,2,Financial Services,219538,302441499.0,19.527398428303464
Delhi,2023,2,Others,457429,367938784.0,19.723427137187628
Delhi,2023,3,Merchant payments,347213404,143772297471.0,25.691496617443814
Delhi,2023,3,Peer-to-peer payments,167791074,523701514112.0,26.98418772941156
Delhi,2023,3,Recharge & bill payments,31015600,39925428804.0,24.410279271252804
Delhi,2023,3,Financial Services,275512,439989766.0,19.902262027787955
Delhi,2023,3,Others,411393,360021285.0,19.70167371544423
Delhi,2023,4,Merchant payments,381250463,168766495844.0,25.851781915077076
Delhi,2023,4,Peer-to-peer payments,185276322,588131157564.0,27.10021581705484
Delhi,2023,4,Recharge & bill payments,30903762,41889435437.0,24.458299494564596
Delhi,2023,4,Financial Services,317005,501353917.0,20.032822832803443
Delhi,2023,4,Others,403194,361276587.0,19.70515439468257
Delhi,2024,1,Merchant payments,419098312,183390284466.0,25.934882420812684
Delhi,2024,1,Peer-to-peer payments,197330105,604445932793.0,27.127578061800165
Delhi,2024,1,Recharge & bill payments,33501160,43595822485.0,24.49822716816961
Delhi,2024,1,Financial Services,319041,606216973.0,20.222748522855813
Delhi,2024,1,Others,485440,475774396.0,19.98045434396075
Delhi,2024,2,Merchant payments,519857504,208928942309.0,26.06526004215451
Delhi,2024,2,Peer-to-peer payments,221272475,641147355249.0,27.18652515083328
Delhi,2024,2,Recharge & bill payments,35429237,45318295969.0,24.53697667244345
Delhi,2024,2,Financial Services,376570,743336505.0,20.426659401902654
Delhi,2024,2,Others,604614,779746148.0,20.474478974677567
Delhi,2024,3,Merchant payments,564668341,231032600851.0,26.165824666739848
Delhi,2024,3,Peer-to-peer payments,242786329,672922448569.0,27.234895927514522
Delhi,2024,3,Recharge & bill payments,36462771,52504961937.0,24.684173515182668
Delhi,2024,3,Financial Services,463025,936446162.0,20.657602590742666
Delhi,2024,3,Others,464057,806926069.0,20.5087426111331
Delhi,2024,4,Merchant payments,612111214,261167204054.0,26.28842666771744
Delhi,2024,4,Peer-to-peer payments,261559240,745874399814.0,27.33782305811597
Delhi,2024,4,Recharge & bill payments,35326994,48224664984.0,24.599136448798575
Delhi,2024,4,Financial Services,1115510,932800641.0,20.653702061810694
Delhi,2024,4,Others,430124,861416410.0,20.574088581946803
Goa,2018,1,Recharge & bill payments,85991,18273814.162708722,16.720979727720408
Goa,2018,1,Peer-to-peer payments,59651,268175048.06992978,19.40715049342502
Goa,2018,1,Merchant payments,7880,11036031.735657964,16.216676180576055
Goa,2018,1,Financial Services,1191,520105.642400422,13.16178915107054
Goa,2018,1,Others,6184,5851742.732386975,15.58225024870514
Goa,2018,2,Recharge & bill payments,120943,30994284.17044104,17.24931339611438
Goa,2018,2,Peer-to-peer payments,87878,419492232.52410376,19.85455557005082
Goa,2018,2,Merchant payments,12456,20162855.70611957,16.819352692821145
Goa,2018,2,Financial Services,1903,733429.427283199,13.505488021736943
Goa,2018,2,Others,6395,7221023.530667527,15.792507402556412
Goa,2018,3,Recharge & bill payments,158797,40314972.94208837,17.512233519743326
Goa,2018,3,Peer-to-peer payments,150297,639468418.1317002,20.27614779407603
Goa,2018,3,Merchant payments,21587,26634198.178851012,17.097706631384177
Goa,2018,3,Financial Services,1867,468171.36483984883,13.056591808033488
Goa,2018,3,Others,6963,6281208.620754639,15.653073134666386
Goa,2018,4,Peer-to-peer payments,246426,1021902315.4426756,20.744931743379627
Goa,2018,4,Recharge & bill payments,212122,54832855.89468471,17.81980015061311
Goa,2018,4,Merchant payments,45586,66666113.92145965,18.015207359631848
Goa,2018,4,Financial Services,2523,723599.2328183289,13.491994354253265
Goa,2018,4,Others,8098,8880194.430766659,15.9993341226954
Goa,2019,1,Peer-to-peer payments,378848,1310759847.8146646,20.993872843265983
Goa,2019,1,Recharge & bill payments,275277,78212835.0406034,18.17494433578716
Goa,2019,1,Merchant payments,74527,75946974.41483101,18.14554596284022
Goa,2019,1,Financial Services,2013,499592.0966860995,13.121549239456147
Goa,2019,1,Others,8147,9904147.90979165,16.108464309111707
Goa,2019,2,Peer-to-peer payments,373759,1391933790.7547765,21.053959834332908
Goa,2019,2,Recharge & bill payments,278060,93218689.41694948,18.350458800504565
Goa,2019,2,Merchant payments,104592,92873008.6474504,18.346743630327882
Goa,2019,2,Financial Services,1211,515859.8076807977,13.15359225551734
Goa,2019,2,Others,10819,13325754.760758925,16.405209243913166
Goa,2019,3,Peer-to-peer payments,475178,1704668027.0159788,21.25663622374845
Goa,2019,3,Recharge & bill payments,453806,157952854.9501171,18.8778071664045
Goa,2019,3,Merchant payments,150578,123948570.56857497,18.635377292123927
Goa,2019,3,Financial Services,1510,1282344.8444824044,14.064201649568561
Goa,2019,3,Others,11344,12515394.117688328,16.342470053878873
Goa,2019,4,Peer-to-peer payments,698728,2484453030.31845,21.63331836414631
Goa,2019,4,Recharge & bill payments,552421,205602115.14625147,19.14145338403245
Goa,2019,4,Merchant payments,250893,218404664.8638511,19.201860165452292
Goa,2019,4,Financial Services,1497,649712.8451498008,13.384287306707444
Goa,2019,4,Others,11733,14350825.325765317,16.479318082189053
Goa,2020,1,Peer-to-peer payments,817198,2851686768.653684,21.771176505154717
Goa,2020,1,Recharge & bill payments,678079,244739382.20701858,19.315704460321754
Goa,2020,1,Merchant payments,373110,298421548.1046571,19.514017639184647
Goa,2020,1,Financial Services,1762,1816477.5692472362,14.412410332746788
Goa,2020,1,Others,11088,13707055.389155574,16.433421323099825
Goa,2020,2,Recharge & bill payments,758617,241196540.9379891,19.301122685807353
Goa,2020,2,Peer-to-peer payments,493326,1766723888.2025127,21.29239275842646
Goa,2020,2,Merchant payments,221358,168591711.94693565,18.942990450170615
Goa,2020,2,Financial Services,3081,3328361.317987765,15.017990944585042
Goa,2020,2,Others,5710,3775927.611346662,15.144156900175448
Goa,2020,3,Peer-to-peer payments,759351,2723430713.3444066,21.72515821453211
Goa,2020,3,Recharge & bill payments,696770,280187505.0339355,19.45096960141528
Goa,2020,3,Merchant payments,446880,353193881.4783259,19.682527706267543
Goa,2020,3,Financial Services,4985,6418950.466847964,15.674765339406626
Goa,2020,3,Others,7545,5112530.621144422,15.44720526437899
Goa,2020,4,Peer-to-peer payments,1550251,5407626413.043346,22.41107609305746
Goa,2020,4,Merchant payments,1389834,1123844212.5171819,20.84002097873835
Goa,2020,4,Recharge & bill payments,839199,345088772.3784919,19.659312256036586
Goa,2020,4,Financial Services,7287,10386560.386677971,16.156023354176543
Goa,2020,4,Others,14810,12846789.254236266,16.368604552441322
Goa,2021,1,Peer-to-peer payments,2235456,7553384653.1682,22.74526159831689
Goa,2021,1,Merchant payments,2195509,1768358976.7158575,21.293317822246177
Goa,2021,1,Recharge & bill payments,880682,410604192.7268899,19.833140276152307
Goa,2021,1,Financial Services,8138,12207778.148638733,16.3175839416349
Goa,2021,1,Others,11764,12687278.26183929,16.356110416533298
Goa,2021,2,Merchant payments,1869384,1411529033.6650195,21.0679393755242
Goa,2021,2,Peer-to-peer payments,1866837,6195032351.177256,22.547013574318523
Goa,2021,2,Recharge & bill payments,953219,383804809.3560881,19.76564467495617
Goa,2021,2,Financial Services,8303,12371843.844825167,16.330933871876354
Goa,2021,2,Others,12392,10115549.032816991,16.129584405040998
Goa,2021,3,Merchant payments,2865625,2143135314.897931,21.48553569465389
Goa,2021,3,Peer-to-peer payments,2560305,7871092673.137299,22.786462730162338
Goa,2021,3,Recharge & bill payments,1017351,438838003.22982365,19.899640892072178
Goa,2021,3,Financial Services,8337,12943224.07382146,16.376083048891044
Goa,2021,3,Others,16145,12416377.597493527,16.33452701365074
Goa,2021,4,Merchant payments,5474662,4384250602.937038,22.20128454826517
Goa,2021,4,Peer-to-peer payments,4408822,13618351952.666094,23.33468412841298
Goa,2021,4,Recharge & bill payments,1170180,585734312.4063727,20.188376854637408
Goa,2021,4,Financial Services,11320,17101084.66037453,16.654652508368343
Goa,2021,4,Others,23775,21819163.1997744,16.898299233317257
Goa,2022,1,Merchant payments,6364271,4682000388.389215,22.26699128918241
Goa,2022,1,Peer-to-peer payments,4640380,14449830641.555716,23.39394853119781
Goa,2022,1,Recharge & bill payments,1177071,646403472.1135541,20.286934438166554
Goa,2022,1,Financial Services,11677,17490493.19245399,16.67716810231052
Goa,2022,1,Others,20699,20720407.595174044,16.84662969500543
Goa,2022,2,Merchant payments,7812998,5736211013.6866455,22.47006472734369
Goa,2022,2,Peer-to-peer payments,5097942,16372343177.228306,23.518859356646175
Goa,2022,2,Recharge & bill payments,1279377,738765635.2807853,20.420491292322904
Goa,2022,2,Financial Services,10666,13192736.02810038,16.395177010983286
Goa,2022,2,Others,15071,12525197.296362752,16.343253036854808
Goa,2022,3,Merchant payments,7595135,5112175255.359402,22.354890836759377
Goa,2022,3,Peer-to-peer payments,4449008,13780955270.352726,23.346553423159143
Goa,2022,3,Recharge & bill payments,1122869,657115143.5357426,20.303369819138258
Goa,2022,3,Financial Services,9992,12650738.420843877,16.35322622367016
Goa,2022,3,Others,11683,11368868.03761505,16.246389391792107
Goa,2022,4,Merchant payments,10319138,6739205748.43176,22.631207913596192
Goa,2022,4,Peer-to-peer payments,5652373,17421974714.962345,23.580998161071385
Goa,2022,4,Recharge & bill payments,1195865,734121700.6400625,20.414185378883616
Goa,2022,4,Financial Services,12147,15705663.126967767,16.569531977674146
Goa,2022,4,Others,13151,13978544.178016864,16.453034224835314
Goa,2023,1,Merchant payments,14273665,9074816758.0,22.92876902504774
Goa,2023,1,Peer-to-peer payments,8071768,24773922296.0,23.933057416599777
Goa,2023,1,Recharge & bill payments,1816029,1197558557.0,20.903550786262535
Goa,2023,1,Financial Services,16209,32648574.0,17.301311768017563
Goa,2023,1,Others,17399,18019590.0,16.706970112883557
Goa,2023,2,Merchant payments,15990744,10146039934.0,23.04034931211707
Goa,2023,2,Peer-to-peer payments,8589659,26985284919.0,24.01855755141968
Goa,2023,2,Recharge & bill payments,1917200,1239783487.0,20.93820259486626
Goa,2023,2,Financial Services,17352,25141843.0,17.040044107680682
Goa,2023,2,Others,15635,15956760.0,16.585393184527685
Goa,2023,3,Merchant payments,16565190,10365884105.0,23.061785876446912
Goa,2023,3,Peer-to-peer payments,8489945,25735484138.0,23.971136582347462
Goa,2023,3,Recharge & bill payments,1913363,1234664127.0,20.934064808904612
Goa,2023,3,Financial Services,17422,26274694.0,17.08411686666753
Goa,2023,3,Others,13808,12872910.0,16.37063573892254
Goa,2023,4,Merchant payments,21003656,12478698529.0,23.247288909994563
Goa,2023,4,Peer-to-peer payments,10430430,30342597216.0,24.135818410927463
Goa,2023,4,Recharge & bill payments,1991324,1413113823.0,21.069061492252274
Goa,2023,4,Financial Services,20827,38067531.0,17.454872298308743
Goa,2023,4,Others,14741,15194458.0,16.536441379882156
Goa,2024,1,Merchant payments,22163645,12736252466.0,23.267718288951837
Goa,2024,1,Peer-to-peer payments,10729197,31099473803.0,24.160456736502933
Goa,2024,1,Recharge & bill payments,2087441,1465885657.0,21.1057254414618
Goa,2024,1,Financial Services,20782,37240917.0,17.43291866098231
Goa,2024,1,Others,12922,13047417.0,16.38410081775108
Goa,2024,2,Merchant payments,23908901,13821574623.0,23.34949658685627
Goa,2024,2,Peer-to-peer payments,10933835,32155453858.0,24.193847911159175
Goa,2024,2,Recharge & bill payments,2120776,1419954245.0,21.073890486913708
Goa,2024,2,Financial Services,24891,41870631.0,17.55009523222103
Goa,2024,2,Others,12403,15977355.0,16.586683027791885
Goa,2024,3,Merchant payments,23789645,13663769858.0,23.338013630979002
Goa,2024,3,Peer-to-peer payments,10858222,30761382765.0,24.149525933954497
Goa,2024,3,Recharge & bill payments,2070465,1423628089.0,21.07647444307184
Goa,2024,3,Financial Services,32037,51120538.0,17.749696911796434
Goa,2024,3,Others,11742,13626762.0,16.42754628463825
Goa,2024,4,Merchant payments,30381117,17216927595.0,23.5691588993535
Goa,2024,4,Peer-to-peer payments,13499590,37720460757.0,24.353468509854455
Goa,2024,4,Recharge & bill payments,2166016,1548395751.0,21.160485233186865
Goa,2024,4,Financial Services,71254,55469478.0,17.831343499522912
Goa,2024,4,Others,13559,21335962.0,16.875904610684252
Gujarat,2018,1,Recharge & bill payments,3691952,878929080.9916563,20.594214772066582
Gujarat,2018,1,Peer-to-peer payments,1738974,6318864759.888066,22.566805402528654
Gujarat,2018,1,Merchant payments,145436,166036667.57089135,18.927719216932477
Gujarat,2018,1,Financial Services,122117,27986679.009713165,17.147239241012887
Gujarat,2018,1,Others,250296,186165067.5737218,19.042144303562964
Gujarat,2018,2,Recharge & bill payments,4643367,1571880396.377953,21.175538444966055
Gujarat,2018,2,Peer-to-peer payments,2483231,10009680530.386887,23.026818514817883
Gujarat,2018,2,Merchant payments,275503,356984574.1205573,19.69320313186525
Gujarat,2018,2,Financial Services,140704,38598263.22838031,17.468717865247285
Gujarat,2018,2,Others,202928,185541007.527258,19.038786485807147
Gujarat,2018,3,Peer-to-peer payments,5287200,15272745137.759302,23.449335713350333
Gujarat,2018,3,Recharge & bill payments,5117168,1938041688.9678535,21.384943862034927
Gujarat,2018,3,Merchant payments,573440,466209496.80151117,19.96014565716302
Gujarat,2018,3,Financial Services,136468,24930605.607339725,17.03160678762809
Gujarat,2018,3,Others,219873,164477497.1394802,18.91828432938752
Gujarat,2018,4,Peer-to-peer payments,6488202,21207285184.780193,23.777610600432077
Gujarat,2018,4,Recharge & bill payments,6138404,2297332323.0815277,21.555014427629406
Gujarat,2018,4,Merchant payments,1656377,1088373316.0580251,20.807950048823148
Gujarat,2018,4,Financial Services,133915,30699273.16507,17.23974956944633
Gujarat,2018,4,Others,316405,207297005.69778407,19.149663137831347
Gujarat,2019,1,Peer-to-peer payments,13465044,31231285551.308655,24.16468617141303
Gujarat,2019,1,Recharge & bill payments,8595256,3104251732.6516943,21.8560385357379
Gujarat,2019,1,Merchant payments,2493340,1296376125.1752787,20.98283861358484
Gujarat,2019,1,Financial Services,114539,19581520.569400217,16.790096902435504
Gujarat,2019,1,Others,323272,204585378.77191538,19.13649595131331
Gujarat,2019,2,Peer-to-peer payments,12547493,41853661230.46585,24.45744511467818
Gujarat,2019,2,Recharge & bill payments,10434449,4651874823.428602,22.260536163336376
Gujarat,2019,2,Merchant payments,5486791,2526448415.3585706,21.650080365451817
Gujarat,2019,2,Financial Services,70502,17349813.389733132,16.66909236630183
Gujarat,2019,2,Others,442607,271280936.6247084,19.418665512074373
Gujarat,2019,3,Peer-to-peer payments,14529353,49206585462.018684,24.619293302361807
Gujarat,2019,3,Merchant payments,11788077,4211116461.2911887,22.160993642426543
Gujarat,2019,3,Recharge & bill payments,11349625,5768100024.478059,22.47560857822774
Gujarat,2019,3,Financial Services,78609,20507001.233050577,16.836276958130014
Gujarat,2019,3,Others,482985,256386015.24681717,19.362194742704528
Gujarat,2019,4,Peer-to-peer payments,19107911,64477452638.7778,24.889581428157474
Gujarat,2019,4,Recharge & bill payments,12967713,6517891166.722656,22.597816720033467
Gujarat,2019,4,Merchant payments,9964076,5480269119.720948,22.42442004632111
Gujarat,2019,4,Financial Services,63498,20202767.26414788,16.821330195761526
Gujarat,2019,4,Others,444434,194846362.42851496,19.087721926133796
Gujarat,2020,1,Peer-to-peer payments,19068093,72393727235.07784,25.005385492198922
Gujarat,2020,1,Recharge & bill payments,15648472,7197595156.690899,22.69701280129977
Gujarat,2020,1,Merchant payments,12191478,7210758662.281933,22.6988400064638
Gujarat,2020,1,Financial Services,50753,27460255.45966168,17.128250297650933
Gujarat,2020,1,Others,367621,165535312.39278784,18.924695103994953
Gujarat,2020,2,Recharge & bill payments,19971660,8322688556.990006,22.842251183568937
Gujarat,2020,2,Peer-to-peer payments,17569398,64723140394.22913,24.893384631313477
Gujarat,2020,2,Merchant payments,9645967,7196610931.561442,22.696876048341696
Gujarat,2020,2,Financial Services,59617,53132341.305008195,17.788296383753266
Gujarat,2020,2,Others,173543,92274135.40504411,18.3402744479099
Gujarat,2020,3,Peer-to-peer payments,23130724,89142122337.25531,25.213497813226212
Gujarat,2020,3,Merchant payments,18338969,12749796641.785404,23.26878115883819
Gujarat,2020,3,Recharge & bill payments,17481357,9820654243.80882,23.007753580801143
Gujarat,2020,3,Financial Services,92278,84723188.62104335,18.25489990752232
Gujarat,2020,3,Others,246851,124456073.24163358,18.63946339427808
Gujarat,2020,4,Peer-to-peer payments,29967258,116743230330.36209,25.483242747500448
Gujarat,2020,4,Merchant payments,28430460,20844321156.652935,23.76034738155329
Gujarat,2020,4,Recharge & bill payments,18943669,10441981826.080866,23.069100231565596
Gujarat,2020,4,Financial Services,113371,120056733.8865249,18.603474979737044
Gujarat,2020,4,Others,373789,243470065.45681778,19.310504562568216
Gujarat,2021,1,Peer-to-peer payments,36427493,144818968373.02933,25.698750305376876
Gujarat,2021,1,Merchant payments,35815382,26512643894.003174,24.00088758426249
Gujarat,2021,1,Recharge & bill payments,22088838,11996115292.377842,23.207848708772136
Gujarat,2021,1,Financial Services,126380,137612317.73580322,18.739951005152577
Gujarat,2021,1,Others,316472,235440836.3042438,19.276970218221273
Gujarat,2021,2,Merchant payments,42593432,33542305033.829506,24.236073315930216
Gujarat,2021,2,Peer-to-peer payments,41642387,162483567902.30194,25.813842713008107
Gujarat,2021,2,Recharge & bill payments,27127405,13750783181.944221,23.344361618196483
Gujarat,2021,2,Financial Services,128647,136119996.7022825,18.729047390716893
Gujarat,2021,2,Others,349525,249278437.33914098,19.334081055941304
Gujarat,2021,3,Merchant payments,62934471,48197579736.51646,24.598574643827657
Gujarat,2021,3,Peer-to-peer payments,56134212,208013326600.62402,26.060867984795436
Gujarat,2021,3,Recharge & bill payments,29580901,15945997372.058683,23.49247368628687
Gujarat,2021,3,Financial Services,125167,163304131.1436523,18.91112486162332
Gujarat,2021,3,Others,473656,304418273.24545926,19.53391321580774
Gujarat,2021,4,Merchant payments,84846502,68717933161.8696,24.953276037960414
Gujarat,2021,4,Peer-to-peer payments,67301686,254338740726.63605,26.26193284038905
Gujarat,2021,4,Recharge & bill payments,30072479,18739034341.66239,23.653874583222095
Gujarat,2021,4,Financial Services,175393,209214620.7057898,19.158871181143727
Gujarat,2021,4,Others,591265,377657202.7539646,19.749497473754207
Gujarat,2022,1,Merchant payments,101648378,79563412221.78397,25.09982017868499
Gujarat,2022,1,Peer-to-peer payments,77768758,292439274688.30835,26.401522874165018
Gujarat,2022,1,Recharge & bill payments,30473298,20042066374.66357,23.721099220405403
Gujarat,2022,1,Financial Services,160423,187077879.38466492,19.04703556076347
Gujarat,2022,1,Others,496289,316261089.4073821,19.57207866587296
Gujarat,2022,2,Merchant payments,131610193,95585623258.23604,25.283288261377297
Gujarat,2022,2,Peer-to-peer payments,86423696,326945780476.59766,26.51306018515883
Gujarat,2022,2,Recharge & bill payments,33424931,23844933238.40894,23.89483758891952
Gujarat,2022,2,Financial Services,125180,142685436.4192669,18.776153026919093
Gujarat,2022,2,Others,468796,278978567.1836352,19.44664552028899
Gujarat,2022,3,Merchant payments,161264265,109018764232.99393,25.414785853295353
Gujarat,2022,3,Peer-to-peer payments,103034790,359338045092.0105,26.607529412165015
Gujarat,2022,3,Recharge & bill payments,38383683,28649040040.502144,24.078385773140997
Gujarat,2022,3,Financial Services,152053,162173602.84596294,18.904177948091316
Gujarat,2022,3,Others,404941,269479241.0969004,19.412001921587663
Gujarat,2022,4,Merchant payments,186533503,125585214989.03009,25.55625036900402
Gujarat,2022,4,Peer-to-peer payments,114868478,411053364214.2685,26.741988882953997
Gujarat,2022,4,Recharge & bill payments,39167297,30789927498.953297,24.150453444217927
Gujarat,2022,4,Financial Services,179101,194314203.00804448,19.084987015165417
Gujarat,2022,4,Others,407639,295484431.2780074,19.504126710776312
Gujarat,2023,1,Merchant payments,199359623,123421554216.0,25.53887160267043
Gujarat,2023,1,Peer-to-peer payments,120907384,436337923470.0,26.801682833928897
Gujarat,2023,1,Recharge & bill payments,41649002,37570733166.0,24.349491211034454
Gujarat,2023,1,Financial Services,180163,200278806.0,19.115220988747602
Gujarat,2023,1,Others,415154,295699148.0,19.504853106901756
Gujarat,2023,2,Merchant payments,239396654,135256737974.0,25.630440572101225
Gujarat,2023,2,Peer-to-peer payments,132035120,470150906708.0,26.876319558220228
Gujarat,2023,2,Recharge & bill payments,44902296,39506073738.0,24.39972026257708
Gujarat,2023,2,Financial Services,191053,225104195.0,19.232073946307402
Gujarat,2023,2,Others,397430,268385910.0,19.407936469135585
Gujarat,2023,3,Merchant payments,279651861,155597205179.0,25.77053648696127
Gujarat,2023,3,Peer-to-peer payments,151754885,508236930735.0,26.95421357488126
Gujarat,2023,3,Recharge & bill payments,47284770,43342854631.0,24.492407696875404
Gujarat,2023,3,Financial Services,246300,311377540.0,19.556516692091403
Gujarat,2023,3,Others,365774,248668365.0,19.331630703256735
Gujarat,2023,4,Merchant payments,319459808,179560004574.0,25.91377527633909
Gujarat,2023,4,Peer-to-peer payments,166959749,567135968086.0,27.063864914548684
Gujarat,2023,4,Recharge & bill payments,47046378,47786850776.0,24.5900163502528
Gujarat,2023,4,Financial Services,271611,349727923.0,19.672666050146773
Gujarat,2023,4,Others,378032,254647715.0,19.35539164208129
Gujarat,2024,1,Merchant payments,366409312,201682534095.0,26.029960684681686
Gujarat,2024,1,Peer-to-peer payments,187792836,618453750215.0,27.150488248644265
Gujarat,2024,1,Recharge & bill payments,51744007,50813658532.0,24.65143102415196
Gujarat,2024,1,Financial Services,273979,398254841.0,19.802602664872612
Gujarat,2024,1,Others,356537,271267241.0,19.418615025775736
Gujarat,2024,2,Merchant payments,437221639,222449503863.0,26.127965963870057
Gujarat,2024,2,Peer-to-peer payments,199501081,638163102162.0,27.181859733642835
Gujarat,2024,2,Recharge & bill payments,52968092,49178909419.0,24.61873069821408
Gujarat,2024,2,Financial Services,320563,459744596.0,19.946181669340497
Gujarat,2024,2,Others,383778,373786893.0,19.739196390840835
Gujarat,2024,3,Merchant payments,476512894,238978729415.0,26.19964038665793
Gujarat,2024,3,Peer-to-peer payments,225649266,671907062380.0,27.233385867876954
Gujarat,2024,3,Recharge & bill payments,54584624,51775029765.0,24.670173819138565
Gujarat,2024,3,Financial Services,384648,514500536.0,20.05870715696961
Gujarat,2024,3,Others,309818,376066005.0,19.745275233819786
Gujarat,2024,4,Merchant payments,530043047,271052844680.0,26.32557963763919
Gujarat,2024,4,Peer-to-peer payments,244109941,750880785528.0,27.344512735136494
Gujarat,2024,4,Recharge & bill payments,51838504,53102559360.0,24.695490962921664
Gujarat,2024,4,Financial Services,1091610,557971100.0,20.13981772868184
Gujarat,2024,4,Others,291864,420340754.0,19.856576261726936
Haryana,2018,1,Recharge & bill payments,2368002,535578755.07945114,20.0988585072147
Haryana,2018,1,Peer-to-peer payments,1607193,5814807510.68666,22.483673520337625
Haryana,2018,1,Merchant payments,167816,173513595.3537558,18.97176651943213
Haryana,2018,1,Financial Services,128636,27501068.014126316,17.12973543512221
Haryana,2018,1,Others,209123,242110585.52640373,19.304905148859742
Haryana,2018,2,Recharge & bill payments,3054284,984897276.651981,20.708047907050396
Haryana,2018,2,Peer-to-peer payments,2388953,9745924809.851494,23.00011506646535
Haryana,2018,2,Merchant payments,369916,334118261.45344114,19.627005567471645
Haryana,2018,2,Financial Services,167570,38145882.44180386,17.456928405332754
Haryana,2018,2,Others,170208,217328211.71769944,19.19691926983037
Haryana,2018,3,Peer-to-peer payments,3753981,14429454356.345787,23.39253739594351
Haryana,2018,3,Recharge & bill payments,3203386,1310467515.0605886,20.993649792981063
Haryana,2018,3,Merchant payments,1003057,427387637.9335371,19.87320197889046
Haryana,2018,3,Financial Services,100452,17323790.814170156,16.6675913640527
Haryana,2018,3,Others,201148,190505707.47361812,19.065192717822843
Haryana,2018,4,Peer-to-peer payments,5905032,22416919746.93868,23.83308185656739
Haryana,2018,4,Recharge & bill payments,4116262,1671040703.7317612,21.236712445767324
Haryana,2018,4,Merchant payments,2413446,1013407379.8963095,20.73658413427965
Haryana,2018,4,Financial Services,120711,22252543.62175617,16.917966925060092
Haryana,2018,4,Others,394732,267255642.26742023,19.403716223707928
Haryana,2019,1,Peer-to-peer payments,12622225,30283578836.61907,24.13387144999854
Haryana,2019,1,Recharge & bill payments,5576577,2202061874.5361757,21.512659974550647
Haryana,2019,1,Merchant payments,3361995,1292375556.3150868,20.979747879104302
Haryana,2019,1,Financial Services,101786,15201736.002431491,16.536920255763203
Haryana,2019,1,Others,473192,258437718.15887585,19.370165291196923
Haryana,2019,2,Peer-to-peer payments,10387562,37056084813.57578,24.33569840771599
Haryana,2019,2,Recharge & bill payments,5902923,2838724048.0896106,21.766620509674134
Haryana,2019,2,Merchant payments,5738283,2292901816.1432047,21.553084021389612
Haryana,2019,2,Financial Services,57488,12080285.227121718,16.307085444488393
Haryana,2019,2,Others,655560,301748850.1804938,19.52510561074492
Haryana,2019,3,Peer-to-peer payments,11775288,43738290119.9285,24.501489759545432
Haryana,2019,3,Merchant payments,9386779,3615636827.8118167,22.008533839922453
Haryana,2019,3,Recharge & bill payments,8289987,4817098564.823641,22.295437626461887
Haryana,2019,3,Financial Services,61503,16715100.880217994,16.63182317295494
Haryana,2019,3,Others,829974,301378585.9978597,19.523877796502983
Haryana,2019,4,Peer-to-peer payments,15729819,58242027266.14443,24.78787304907423
Haryana,2019,4,Merchant payments,11615667,5253780278.236426,22.382213707623915
Haryana,2019,4,Recharge & bill payments,9648003,5637358525.756194,22.452681446428162
Haryana,2019,4,Financial Services,41688,13756049.144287623,16.43698929579427
Haryana,2019,4,Others,790808,212797749.81994924,19.175852745920782
Haryana,2020,1,Peer-to-peer payments,17728235,68367245528.07149,24.94815968034768
Haryana,2020,1,Merchant payments,14327020,7075196609.224878,22.679861069520673
Haryana,2020,1,Recharge & bill payments,11346112,6331682016.516322,22.56883175937133
Haryana,2020,1,Financial Services,34488,25266730.1883267,17.044999115568935
Haryana,2020,1,Others,600232,176823674.24305555,18.9906636089485
Haryana,2020,2,Peer-to-peer payments,17334369,66645492690.67839,24.922653254752895
Haryana,2020,2,Recharge & bill payments,12740328,6547618491.532405,22.60236723155274
Haryana,2020,2,Merchant payments,11527654,7393393677.758501,22.723852692307677
Haryana,2020,2,Financial Services,48759,49209527.29146181,17.7115978271726
Haryana,2020,2,Others,129940,75550536.67993587,18.14031236353309
Haryana,2020,3,Peer-to-peer payments,24123449,88796356487.11024,25.20961145556346
Haryana,2020,3,Merchant payments,20845136,12141560866.982178,23.219900186634483
Haryana,2020,3,Recharge & bill payments,12716319,8452802892.504496,22.857763926687404
Haryana,2020,3,Financial Services,66457,80854296.9304013,18.208159301886806
Haryana,2020,3,Others,186818,96375902.20346308,18.383766761564818
Haryana,2020,4,Merchant payments,34063692,21382305452.06797,23.785829568959393
Haryana,2020,4,Peer-to-peer payments,33920789,128613933346.85507,25.58008098928722
Haryana,2020,4,Recharge & bill payments,14682896,9675471300.731653,22.992859788033076
Haryana,2020,4,Financial Services,84881,103265693.75364488,18.4528157855527
Haryana,2020,4,Others,419181,223528573.1334415,19.225049812317753
Haryana,2021,1,Merchant payments,39363588,23389100227.155342,23.87553594857493
Haryana,2021,1,Peer-to-peer payments,36764622,135970636784.61835,25.635704793383308
Haryana,2021,1,Recharge & bill payments,13680353,9260346909.440674,22.94900734823329
Haryana,2021,1,Financial Services,79784,99672809.99228218,18.41740348953864
Haryana,2021,1,Others,364437,218544351.22172093,19.202499536897687
Haryana,2021,2,Merchant payments,45335533,29119078263.957985,24.09465940678485
Haryana,2021,2,Peer-to-peer payments,44086559,161073685336.6668,25.80512777013534
Haryana,2021,2,Recharge & bill payments,15861047,9839496894.971409,23.00967041824528
Haryana,2021,2,Financial Services,85821,97238136.09517692,18.392673549425073
Haryana,2021,2,Others,311896,227855606.99266592,19.244222688022873
Haryana,2021,3,Merchant payments,66885213,40190922826.60629,24.41690700676636
Haryana,2021,3,Peer-to-peer payments,55929958,188548678300.5247,25.962622050822574
Haryana,2021,3,Recharge & bill payments,17087955,11681457468.964512,23.181268589949067
Haryana,2021,3,Financial Services,77496,116592181.46997279,18.57419278392093
Haryana,2021,3,Others,479071,289441481.64370304,19.483463702054273
Haryana,2021,4,Merchant payments,84993587,56325102920.50671,24.75440615054235
Haryana,2021,4,Peer-to-peer payments,66548306,238638993818.09595,26.19821776083114
Haryana,2021,4,Recharge & bill payments,17632752,13817258646.066364,23.349184274326547
Haryana,2021,4,Financial Services,105050,151421306.61683068,18.835576626296447
Haryana,2021,4,Others,407280,307822609.17479354,19.545034234029195
Haryana,2022,1,Merchant payments,98346418,62565728158.2885,24.859483491640336
Haryana,2022,1,Peer-to-peer payments,74499889,263547240999.68338,26.29749847159364
Haryana,2022,1,Recharge & bill payments,18494827,14765350795.965681,23.41554911054382
Haryana,2022,1,Financial Services,107240,146586164.62792295,18.80312397480509
Haryana,2022,1,Others,540235,279136534.21161634,19.44721159359981
Haryana,2022,2,Merchant payments,130033573,76926347115.76375,25.066114270081307
Haryana,2022,2,Peer-to-peer payments,84219451,300504797205.2718,26.42872955487502
Haryana,2022,2,Recharge & bill payments,20011709,17457331653.445232,23.583025549472868
Haryana,2022,2,Financial Services,89805,120610061.5284536,18.60807327599436
Haryana,2022,2,Others,345424,224949213.49711913,19.231385221345466
Haryana,2022,3,Merchant payments,151278013,87063736519.87311,25.1899062910661
Haryana,2022,3,Peer-to-peer payments,95071203,319374569105.9015,26.48963044872743
Haryana,2022,3,Recharge & bill payments,22592966,21247984018.682095,23.779527858154406
Haryana,2022,3,Financial Services,111032,144937203.2864578,18.79181113269477
Haryana,2022,3,Others,308596,223267730.28330007,19.223882198008443
Haryana,2022,4,Merchant payments,169685872,102918159834.12416,25.357199944634665
Haryana,2022,4,Peer-to-peer payments,102993798,364514204185.1917,26.621831356596598
Haryana,2022,4,Recharge & bill payments,23545059,22666085169.84729,23.844135598898006
Haryana,2022,4,Financial Services,118488,152488074.9943577,18.842596960753795
Haryana,2022,4,Others,305148,239722615.94605047,19.294993050172675
Haryana,2023,1,Merchant payments,220693824,114248076004.0,25.46163802636011
Haryana,2023,1,Peer-to-peer payments,128879993,443424820679.0,26.817794110640392
Haryana,2023,1,Recharge & bill payments,31210728,32978369763.0,24.219117721806988
Haryana,2023,1,Financial Services,158036,217615573.0,19.198240642076108
Haryana,2023,1,Others,375883,281741717.0,19.45650131559853
Haryana,2023,2,Merchant payments,275974807,130133751625.0,25.59182861715121
Haryana,2023,2,Peer-to-peer payments,147382711,495834929236.0,26.92950890432215
Haryana,2023,2,Recharge & bill payments,33655091,35262651840.0,24.286090219284397
Haryana,2023,2,Financial Services,172309,259162565.0,19.37296609071634
Haryana,2023,2,Others,351272,251633370.0,19.34348370913043
Haryana,2023,3,Merchant payments,310148821,140917418482.0,25.671439871226674
Haryana,2023,3,Peer-to-peer payments,156760079,498555993196.0,26.9349817434046
Haryana,2023,3,Recharge & bill payments,34105227,37490386949.0,24.34735038906001
Haryana,2023,3,Financial Services,198713,304618547.0,19.534570889545826
Haryana,2023,3,Others,306638,223563566.0,19.225206347686687
Haryana,2023,4,Merchant payments,343440148,167695632461.0,25.845416461679722
Haryana,2023,4,Peer-to-peer payments,175429519,571466808865.0,27.071472241269884
Haryana,2023,4,Recharge & bill payments,35320482,42514330771.0,24.47310705067474
Haryana,2023,4,Financial Services,238826,371355840.0,19.732671301052417
Haryana,2023,4,Others,319258,222356663.0,19.219793245238673
Haryana,2024,1,Merchant payments,376661558,177987462151.0,25.904978947409354
Haryana,2024,1,Peer-to-peer payments,187967904,583735861647.0,27.092714425761265
Haryana,2024,1,Recharge & bill payments,39068051,44295176434.0,24.51414162398342
Haryana,2024,1,Financial Services,256222,477335930.0,19.983731058841055
Haryana,2024,1,Others,339765,292383070.0,19.49357538744699
Haryana,2024,2,Merchant payments,482530215,211396204964.0,26.07699995830561
Haryana,2024,2,Peer-to-peer payments,214457734,647411527784.0,27.196247984558987
Haryana,2024,2,Recharge & bill payments,40862353,45581779106.0,24.542773892626155
Haryana,2024,2,Financial Services,304547,600748740.0,20.213687336864965
Haryana,2024,2,Others,399076,454335006.0,19.934345384771678
Haryana,2024,3,Merchant payments,521289709,224122374449.0,26.135458054134936
Haryana,2024,3,Peer-to-peer payments,231461545,648650534007.0,27.19815994022371
Haryana,2024,3,Recharge & bill payments,41502651,49244659978.0,24.620066771863563
Haryana,2024,3,Financial Services,361554,712626768.0,20.384468375684452
Haryana,2024,3,Others,324761,476486596.0,19.981950152646142
Haryana,2024,4,Merchant payments,554528337,256120928312.0,26.268915546114105
Haryana,2024,4,Peer-to-peer payments,244665075,724617450899.0,27.30890969861173
Haryana,2024,4,Recharge & bill payments,40983335,49974294031.0,24.634774590809883
Haryana,2024,4,Financial Services,906666,717769217.0,20.391658651946596
Haryana,2024,4,Others,310877,528916895.0,20.086341881073324
Himachal Pradesh,2018,1,Recharge & bill payments,284371,49871175.82607427,17.724953775119843
Himachal Pradesh,2018,1,Peer-to-peer payments,154572,546222027.4835303,20.11853609662551
Himachal Pradesh,2018,1,Merchant payments,13241,13851230.83495245,16.443884727794394
Himachal Pradesh,2018,1,Financial Services,8955,2040522.724771278,14.528717060700506
Himachal Pradesh,2018,1,Others,20779,16752849.503009535,16.63407898104065
Himachal Pradesh,2018,2,Recharge & bill payments,385642,83714322.414042,18.242920648824256
Himachal Pradesh,2018,2,Peer-to-peer payments,243436,1043702964.1513071,20.766040769785867
Himachal Pradesh,2018,2,Merchant payments,27851,31961300.882765952,17.28003641278759
Himachal Pradesh,2018,2,Financial Services,11330,4108919.3075577794,15.228670853069968
Himachal Pradesh,2018,2,Others,19436,19681794.59544668,16.79520468503233
Himachal Pradesh,2018,3,Recharge & bill payments,457449,108456077.51862916,18.501855842708693
Himachal Pradesh,2018,3,Peer-to-peer payments,362755,1596570994.985427,21.19112403889887
Himachal Pradesh,2018,3,Merchant payments,40675,31168155.22193054,17.25490749766577
Himachal Pradesh,2018,3,Financial Services,8182,1552275.0537747287,14.255232833608574
Himachal Pradesh,2018,3,Others,17693,16293930.078267336,16.606303269959607
Himachal Pradesh,2018,4,Recharge & bill payments,598325,143031082.4432017,18.778572531339133
Himachal Pradesh,2018,4,Peer-to-peer payments,590518,2367228879.4462624,21.58498585923196
Himachal Pradesh,2018,4,Merchant payments,86963,87575811.80014335,18.288015408193946
Himachal Pradesh,2018,4,Financial Services,11834,2283052.790977265,14.641024486766236
Himachal Pradesh,2018,4,Others,20243,21180141.658664487,16.868574633651416
Himachal Pradesh,2019,1,Peer-to-peer payments,1178280,3066233587.9236507,21.843715801357515
Himachal Pradesh,2019,1,Recharge & bill payments,844570,209521987.03977025,19.160339246662865
Himachal Pradesh,2019,1,Merchant payments,115553,86624660.3112043,18.27709510563933
Himachal Pradesh,2019,1,Financial Services,9585,1424229.9989233727,14.16914257614315
Himachal Pradesh,2019,1,Others,20730,17676977.717503674,16.6877737135519
Himachal Pradesh,2019,2,Peer-to-peer payments,1141873,4428007670.958708,22.211215584392633
Himachal Pradesh,2019,2,Recharge & bill payments,1076793,279864579.97562265,19.449816404769503
Himachal Pradesh,2019,2,Merchant payments,248517,141088575.8726466,18.764898455874967
Himachal Pradesh,2019,2,Financial Services,5013,1453651.5352588107,14.189589936893407
Himachal Pradesh,2019,2,Others,30110,25469495.268363245,17.052992069310644
Himachal Pradesh,2019,3,Recharge & bill payments,1212659,327570066.9967147,19.607212538237526
Himachal Pradesh,2019,3,Peer-to-peer payments,1181680,5039276845.295213,22.3405284258571
Himachal Pradesh,2019,3,Merchant payments,312575,182746198.16430056,19.02360885837132
Himachal Pradesh,2019,3,Financial Services,3096,1775673.9713265826,14.38969117414514
Himachal Pradesh,2019,3,Others,25170,20649996.69578039,16.843225765786826
Himachal Pradesh,2019,4,Peer-to-peer payments,1579582,6533855301.069828,22.600263004497435
Himachal Pradesh,2019,4,Recharge & bill payments,1442940,402619114.99428564,19.813501551399657
Himachal Pradesh,2019,4,Merchant payments,467309,314965060.6352696,19.567972275194744
Himachal Pradesh,2019,4,Financial Services,4576,1769641.9665086274,14.386288370366106
Himachal Pradesh,2019,4,Others,22239,17954418.582290154,16.703346858875882
Himachal Pradesh,2020,1,Recharge & bill payments,1815157,542356756.9678606,20.11143456790179
Himachal Pradesh,2020,1,Peer-to-peer payments,1594806,6431826925.118802,22.584524460208367
Himachal Pradesh,2020,1,Merchant payments,711018,427497010.10439825,19.87345785474799
Himachal Pradesh,2020,1,Financial Services,4711,3172303.6900622216,14.969968913259411
Himachal Pradesh,2020,1,Others,18788,14613755.241563875,16.497473851405214
Himachal Pradesh,2020,2,Recharge & bill payments,2558935,802231470.1628922,20.502907741598886
Himachal Pradesh,2020,2,Peer-to-peer payments,1544488,6738488218.640328,22.631101436955046
Himachal Pradesh,2020,2,Merchant payments,570031,479165630.6102103,19.987556881847514
Himachal Pradesh,2020,2,Financial Services,7634,7359757.737539303,15.811537709942137
Himachal Pradesh,2020,2,Others,14642,9659685.392965626,16.083471741165404
Himachal Pradesh,2020,3,Recharge & bill payments,2416395,834567922.2742614,20.542424691731398
Himachal Pradesh,2020,3,Peer-to-peer payments,1954492,8806586536.659174,22.89876574865499
Himachal Pradesh,2020,3,Merchant payments,1090445,851539467.337558,20.562556408534284
Himachal Pradesh,2020,3,Financial Services,9543,11391079.288736572,16.248341176293394
Himachal Pradesh,2020,3,Others,19001,11969008.527252048,16.297831327849178
Himachal Pradesh,2020,4,Recharge & bill payments,2638030,936305777.7250878,20.657452667763497
Himachal Pradesh,2020,4,Peer-to-peer payments,2594659,11426268857.229637,23.15918082736128
Himachal Pradesh,2020,4,Merchant payments,2001259,1589433440.2684097,21.186643463432986
Himachal Pradesh,2020,4,Financial Services,11353,15534252.217986543,16.55855802871638
Himachal Pradesh,2020,4,Others,27027,21510781.37178286,16.884064873050274
Himachal Pradesh,2021,1,Peer-to-peer payments,2845733,11358078843.572702,23.15319512014307
Himachal Pradesh,2021,1,Recharge & bill payments,2547359,948929031.6443391,20.670844572581256
Himachal Pradesh,2021,1,Merchant payments,2186946,1778219850.8347864,21.29887861759461
Himachal Pradesh,2021,1,Financial Services,12561,16554205.504427344,16.622150796943565
Himachal Pradesh,2021,1,Others,21430,18764977.931273177,16.74750286778341
Himachal Pradesh,2021,2,Peer-to-peer payments,3340531,13035543546.66397,23.290945582554475
Himachal Pradesh,2021,2,Recharge & bill payments,3216602,1045789841.916208,20.768038267408954
Himachal Pradesh,2021,2,Merchant payments,2883209,2378084375.199477,21.589561116586992
Himachal Pradesh,2021,2,Financial Services,14642,16428390.62373627,16.614521592570178
Himachal Pradesh,2021,2,Others,28918,19788385.405835297,16.800605778420024
Himachal Pradesh,2021,3,Peer-to-peer payments,4455153,16560383923.204865,23.53027916946358
Himachal Pradesh,2021,3,Merchant payments,4198808,3524434949.634083,21.982985962669137
Himachal Pradesh,2021,3,Recharge & bill payments,3359406,1178802736.5280356,20.887765131125793
Himachal Pradesh,2021,3,Financial Services,14497,22805774.600357123,16.942524377650773
Himachal Pradesh,2021,3,Others,36303,23834687.160697926,16.98665256328387
Himachal Pradesh,2021,4,Merchant payments,6062931,5228613146.743451,22.377411907343202
Himachal Pradesh,2021,4,Peer-to-peer payments,5323397,19568394324.584805,23.697181567240968
Himachal Pradesh,2021,4,Recharge & bill payments,3211367,1278824361.837138,20.96920702629562
Himachal Pradesh,2021,4,Financial Services,18198,24809740.714031782,17.026746945054818
Himachal Pradesh,2021,4,Others,50971,35578926.74639452,17.387264103333983
Himachal Pradesh,2022,1,Merchant payments,7030946,5558905677.966259,22.43866710550743
Himachal Pradesh,2022,1,Peer-to-peer payments,5718936,19473276901.331963,23.692308947373306
Himachal Pradesh,2022,1,Recharge & bill payments,3271665,1429960686.7669475,21.080912789768277
Himachal Pradesh,2022,1,Financial Services,19314,24442138.15399971,17.011819215196823
Himachal Pradesh,2022,1,Others,47319,31862035.713640407,17.27692578738474
Himachal Pradesh,2022,2,Merchant payments,10591420,7697399368.089639,22.764148364483532
Himachal Pradesh,2022,2,Peer-to-peer payments,7109948,24407668318.014194,23.918163195240844
Himachal Pradesh,2022,2,Recharge & bill payments,3520538,1553155243.3951051,21.163554340312047
Himachal Pradesh,2022,2,Financial Services,16901,20627276.079190243,16.842124887930492
Himachal Pradesh,2022,2,Others,52564,30257752.66416522,17.225263029073435
Himachal Pradesh,2022,3,Merchant payments,12686960,8511266152.669347,22.864656552679385
Himachal Pradesh,2022,3,Peer-to-peer payments,8330778,27039659316.468132,24.020570488835745
Himachal Pradesh,2022,3,Recharge & bill payments,4083168,1780405740.3941154,21.300107119878415
Himachal Pradesh,2022,3,Financial Services,21293,22686931.870640453,16.93729967223957
Himachal Pradesh,2022,3,Others,42669,26764547.138168834,17.10258873910289
Himachal Pradesh,2022,4,Merchant payments,15297492,10280295883.656351,23.05349487911334
Himachal Pradesh,2022,4,Peer-to-peer payments,9284824,29629346091.977356,24.112031129202208
Himachal Pradesh,2022,4,Recharge & bill payments,3907023,1810538524.3215194,21.316890165773472
Himachal Pradesh,2022,4,Financial Services,24342,31775337.436365627,17.274201026009525
Himachal Pradesh,2022,4,Others,41455,27387394.982090995,17.12559346487193
Himachal Pradesh,2023,1,Merchant payments,14694013,9023136407.0,22.923057827654542
Himachal Pradesh,2023,1,Peer-to-peer payments,8637695,26709451358.0,24.008283323198388
Himachal Pradesh,2023,1,Recharge & bill payments,3901516,1950250571.0,21.391223699728386
Himachal Pradesh,2023,1,Financial Services,25722,30757925.0,17.241658275100967
Himachal Pradesh,2023,1,Others,42780,27351473.0,17.12428097934713
Himachal Pradesh,2023,2,Merchant payments,19954117,11643011071.0,23.177971928958495
Himachal Pradesh,2023,2,Peer-to-peer payments,10781507,33008088763.0,24.220018482437954
Himachal Pradesh,2023,2,Recharge & bill payments,4247339,2159052653.0,21.492935376324354
Himachal Pradesh,2023,2,Financial Services,27709,34689932.0,17.361960087551736
Himachal Pradesh,2023,2,Others,50923,30221299.0,17.224057531752585
Himachal Pradesh,2023,3,Merchant payments,19233611,10559011464.0,23.080245499573778
Himachal Pradesh,2023,3,Peer-to-peer payments,9983786,29239694406.0,24.098793020576384
Himachal Pradesh,2023,3,Recharge & bill payments,4046932,1991652882.0,21.412230725402473
Himachal Pradesh,2023,3,Financial Services,27958,41972330.0,17.5525211734387
Himachal Pradesh,2023,3,Others,44767,22240555.0,16.917428027034163
Himachal Pradesh,2023,4,Merchant payments,23387107,12903037462.0,23.280728582845214
Himachal Pradesh,2023,4,Peer-to-peer payments,11365164,33158062287.0,24.22455173028294
Himachal Pradesh,2023,4,Recharge & bill payments,3816711,2143949720.0,21.485915628853867
Himachal Pradesh,2023,4,Financial Services,33097,51956047.0,17.765908688367535
Himachal Pradesh,2023,4,Others,49760,23241048.0,16.961430626622942
Himachal Pradesh,2024,1,Merchant payments,23888813,12955779718.0,23.28480783587261
Himachal Pradesh,2024,1,Peer-to-peer payments,11704961,32645830060.0,24.20898296815714
Himachal Pradesh,2024,1,Recharge & bill payments,3859407,2212162426.0,21.51723634783832
Himachal Pradesh,2024,1,Financial Services,30691,48981227.0,17.70694768063175
Himachal Pradesh,2024,1,Others,36689,21477908.0,16.882535476497758
Himachal Pradesh,2024,2,Merchant payments,33432764,17005142646.0,23.55678164390317
Himachal Pradesh,2024,2,Peer-to-peer payments,14843874,40268257987.0,24.418829352567673
Himachal Pradesh,2024,2,Recharge & bill payments,4230908,2481006839.0,21.631930298605116
Himachal Pradesh,2024,2,Financial Services,36023,61908319.0,17.94116513896182
Himachal Pradesh,2024,2,Others,40232,33424911.0,17.324812048188907
Himachal Pradesh,2024,3,Merchant payments,31048392,15876449590.0,23.488102690375303
Himachal Pradesh,2024,3,Peer-to-peer payments,14484420,38181559423.0,24.365618498412015
Himachal Pradesh,2024,3,Recharge & bill payments,4131536,2449198130.0,21.619026514461464
Himachal Pradesh,2024,3,Financial Services,44777,72816126.0,18.10344801335921
Himachal Pradesh,2024,3,Others,28424,35918329.0,17.396758308112577
Himachal Pradesh,2024,4,Merchant payments,34093853,18651098385.0,23.6491708759937
Himachal Pradesh,2024,4,Peer-to-peer payments,15691651,42533547817.0,24.473558961919224
Himachal Pradesh,2024,4,Recharge & bill payments,3857052,2426494040.0,21.609713271005994
Himachal Pradesh,2024,4,Financial Services,129364,92305168.0,18.340610700071863
Himachal Pradesh,2024,4,Others,26478,33550824.0,17.328572011243565
Jammu & Kashmir,2018,1,Recharge & bill payments,457813,78812610.35129012,18.18258358455173
Jammu & Kashmir,2018,1,Peer-to-peer payments,353621,861670157.9310012,20.57438310914847
Jammu & Kashmir,2018,1,Financial Services,65683,10269382.6199755,16.144677562574454
Jammu & Kashmir,2018,1,Merchant payments,28696,30967525.638810236,17.248449685628422
Jammu & Kashmir,2018,1,Others,35755,23651562.715049967,16.978939789746047
Jammu & Kashmir,2018,2,Recharge & bill payments,794502,166762242.91718757,18.932079666854122
Jammu & Kashmir,2018,2,Peer-to-peer payments,771844,2372961687.5536175,21.587404669538827
Jammu & Kashmir,2018,2,Financial Services,112422,15636116.81386063,16.56509404064919
Jammu & Kashmir,2018,2,Merchant payments,79248,64454257.5252622,17.981466360034926
Jammu & Kashmir,2018,2,Others,38310,31391931.692946266,17.26206149726192
Jammu & Kashmir,2018,3,Peer-to-peer payments,1260453,3616022745.5645847,22.0086405699888
Jammu & Kashmir,2018,3,Recharge & bill payments,822143,203079955.34644008,19.12911033308599
Jammu & Kashmir,2018,3,Merchant payments,140076,82826475.18797052,18.232258328967205
Jammu & Kashmir,2018,3,Financial Services,44464,6397888.3546260595,15.671478705598089
Jammu & Kashmir,2018,3,Others,36825,26373935.004048545,17.087886807868053
Jammu & Kashmir,2018,4,Peer-to-peer payments,1265457,5151829745.262983,22.36261777905782
Jammu & Kashmir,2018,4,Recharge & bill payments,970724,254473764.00233167,19.354708304171073
Jammu & Kashmir,2018,4,Merchant payments,402303,215771001.5429565,19.189728229854854
Jammu & Kashmir,2018,4,Financial Services,33775,6072177.152358056,15.61922793760711
Jammu & Kashmir,2018,4,Others,49051,36573577.73688933,17.414836645247068
Jammu & Kashmir,2019,1,Peer-to-peer payments,1913720,5414709531.836735,22.41238507474857
Jammu & Kashmir,2019,1,Recharge & bill payments,1131953,302663112.8884805,19.528130909574646
Jammu & Kashmir,2019,1,Merchant payments,452379,199219534.93760535,19.10991797028196
Jammu & Kashmir,2019,1,Financial Services,43247,4593545.201922052,15.34016287675172
Jammu & Kashmir,2019,1,Others,43688,30649751.65627311,17.238135150371782
Jammu & Kashmir,2019,2,Peer-to-peer payments,1180781,5666318253.462076,22.457805405937574
Jammu & Kashmir,2019,2,Recharge & bill payments,706569,215937468.94414753,19.190499432738513
Jammu & Kashmir,2019,2,Merchant payments,353678,188931529.4882364,19.05689523483835
Jammu & Kashmir,2019,2,Financial Services,22663,2652961.353697454,14.791187442931543
Jammu & Kashmir,2019,2,Others,32664,26301988.31534837,17.08515513365434
Jammu & Kashmir,2019,3,Peer-to-peer payments,618694,3499425217.9582095,21.975864568800883
Jammu & Kashmir,2019,3,Recharge & bill payments,318061,111964437.03321175,18.533691861279387
Jammu & Kashmir,2019,3,Merchant payments,165115,120736230.08884756,18.609118815745532
Jammu & Kashmir,2019,3,Financial Services,2895,658515.8825482852,13.397745437723366
Jammu & Kashmir,2019,3,Others,11761,11446090.81965122,16.25315890390496
Jammu & Kashmir,2019,4,Peer-to-peer payments,310620,1799955855.9714913,21.311027977643086
Jammu & Kashmir,2019,4,Merchant payments,91303,77859073.82317376,18.170411017506936
Jammu & Kashmir,2019,4,Recharge & bill payments,84803,49065907.04578097,17.70867501444793
Jammu & Kashmir,2019,4,Financial Services,197,213741.2862032762,12.272526298209932
Jammu & Kashmir,2019,4,Others,3005,2601419.6959477984,14.771568275276218
Jammu & Kashmir,2020,1,Peer-to-peer payments,435154,2654638582.0865793,21.699574355476496
Jammu & Kashmir,2020,1,Recharge & bill payments,341357,144213068.71202034,18.786802414713616
Jammu & Kashmir,2020,1,Merchant payments,135241,131144418.96503358,18.691809716403146
Jammu & Kashmir,2020,1,Financial Services,2350,2116665.1182805505,14.565352823120676
Jammu & Kashmir,2020,1,Others,7528,5530441.652102945,15.525778415883277
Jammu & Kashmir,2020,2,Peer-to-peer payments,1238380,7426818530.258213,22.728363411681936
Jammu & Kashmir,2020,2,Recharge & bill payments,1028741,413037418.32063264,19.83904875050296
Jammu & Kashmir,2020,2,Merchant payments,341375,403026357.7674071,19.814512524142792
Jammu & Kashmir,2020,2,Financial Services,9130,10415041.341445928,16.158761698098225
Jammu & Kashmir,2020,2,Others,17380,12351591.57084975,16.329295565829767
Jammu & Kashmir,2020,3,Peer-to-peer payments,1787154,10837119046.792652,23.10624302713584
Jammu & Kashmir,2020,3,Recharge & bill payments,1005745,443743222.500647,19.91075662765284
Jammu & Kashmir,2020,3,Merchant payments,642688,667957476.4350253,20.319735072940365
Jammu & Kashmir,2020,3,Financial Services,10111,13281733.802213533,16.401900326177657
Jammu & Kashmir,2020,3,Others,20200,15128281.341935568,16.532076552679822
Jammu & Kashmir,2020,4,Peer-to-peer payments,2378539,13736841259.979288,23.343347203641386
Jammu & Kashmir,2020,4,Recharge & bill payments,1900075,536741118.30199385,20.101026449270954
Jammu & Kashmir,2020,4,Merchant payments,1377786,1045006123.4596367,20.767288583072936
Jammu & Kashmir,2020,4,Financial Services,13578,17966592.697469097,16.704024685837513
Jammu & Kashmir,2020,4,Others,84466,44350708.939814664,17.607639274253852
Jammu & Kashmir,2021,1,Peer-to-peer payments,2800201,14801220301.14875,23.41797546716532
Jammu & Kashmir,2021,1,Recharge & bill payments,2554798,663747765.6760966,20.313412765808316
Jammu & Kashmir,2021,1,Merchant payments,1527253,1605408313.4781337,21.196643962717815
Jammu & Kashmir,2021,1,Financial Services,17276,20848657.8594191,16.852800180851002
Jammu & Kashmir,2021,1,Others,98042,47124854.989329115,17.668311147798423
Jammu & Kashmir,2021,2,Peer-to-peer payments,3955437,19502438177.8094,23.69380532951065
Jammu & Kashmir,2021,2,Recharge & bill payments,3568970,892467613.5545956,20.60950078474637
Jammu & Kashmir,2021,2,Merchant payments,2378307,2343370985.5822287,21.574856322214554
Jammu & Kashmir,2021,2,Financial Services,19432,21897796.187056318,16.90189660466179
Jammu & Kashmir,2021,2,Others,105673,53580855.45836207,17.796702406618195
Jammu & Kashmir,2021,3,Peer-to-peer payments,5621108,26562997915.198593,24.002785028535776
Jammu & Kashmir,2021,3,Recharge & bill payments,4192099,1126801385.0108979,20.842648824007355
Jammu & Kashmir,2021,3,Merchant payments,3197489,3818849262.990345,22.06321497438997
Jammu & Kashmir,2021,3,Financial Services,16071,27585395.493344467,17.132797078097948
Jammu & Kashmir,2021,3,Others,124274,62209689.3389434,17.946021338805505
Jammu & Kashmir,2021,4,Peer-to-peer payments,6852001,31444247707.630074,24.171481900617852
Jammu & Kashmir,2021,4,Merchant payments,5399465,6026170895.591109,22.51937763712479
Jammu & Kashmir,2021,4,Recharge & bill payments,4358892,1334473410.4377313,21.011802602622154
Jammu & Kashmir,2021,4,Financial Services,20269,34425387.51761782,17.354304888430132
Jammu & Kashmir,2021,4,Others,160001,86920024.59513804,18.280499007820225
Jammu & Kashmir,2022,1,Peer-to-peer payments,6263588,25881919928.642838,23.976810489671482
Jammu & Kashmir,2022,1,Merchant payments,5769426,5903944370.148529,22.498886501969253
Jammu & Kashmir,2022,1,Recharge & bill payments,4046350,1253753685.6124904,20.949407837704683
Jammu & Kashmir,2022,1,Financial Services,20506,28915576.119299565,17.17989100854178
Jammu & Kashmir,2022,1,Others,145441,79330065.6359112,18.18912776526159
Jammu & Kashmir,2022,2,Merchant payments,9917899,8541811640.294408,22.868238958232187
Jammu & Kashmir,2022,2,Peer-to-peer payments,8948548,35973490940.6326,24.30604814142189
Jammu & Kashmir,2022,2,Recharge & bill payments,4759941,1631580783.9159238,21.212815188503274
Jammu & Kashmir,2022,2,Financial Services,17495,23857762.100494668,16.987620219212097
Jammu & Kashmir,2022,2,Others,169864,83549709.69216739,18.240952350308685
Jammu & Kashmir,2022,3,Merchant payments,9594459,8056512904.560925,22.80974665785844
Jammu & Kashmir,2022,3,Peer-to-peer payments,8391981,31280124357.943665,24.166248728285172
Jammu & Kashmir,2022,3,Recharge & bill payments,4397779,1538833023.8071973,21.154290190015292
Jammu & Kashmir,2022,3,Financial Services,16502,21281997.61037215,16.873372137687888
Jammu & Kashmir,2022,3,Others,133673,66802218.32606816,18.017246861399123
Jammu & Kashmir,2022,4,Merchant payments,13060020,9463119176.828749,22.970667888478456
Jammu & Kashmir,2022,4,Peer-to-peer payments,9209773,33017162449.59025,24.220293337481454
Jammu & Kashmir,2022,4,Recharge & bill payments,4885856,1738113554.2451303,21.276066198390087
Jammu & Kashmir,2022,4,Financial Services,17803,26804683.92881795,17.104087240980252
Jammu & Kashmir,2022,4,Others,142706,70096050.90090424,18.06537702946159
Jammu & Kashmir,2023,1,Merchant payments,19258641,12262102502.0,23.229779245655003
Jammu & Kashmir,2023,1,Peer-to-peer payments,12527159,41006666634.0,24.43700049128629
Jammu & Kashmir,2023,1,Recharge & bill payments,6894943,2522356131.0,21.6484592746706
Jammu & Kashmir,2023,1,Financial Services,26119,30772190.0,17.242121950483074
Jammu & Kashmir,2023,1,Others,220382,99850124.0,18.41918086970313
Jammu & Kashmir,2023,2,Merchant payments,27968919,16519042612.0,23.527779650151658
Jammu & Kashmir,2023,2,Peer-to-peer payments,17988275,56687068768.0,24.76081195763076
Jammu & Kashmir,2023,2,Recharge & bill payments,8374394,3181150839.0,21.880508867639783
Jammu & Kashmir,2023,2,Financial Services,27724,36616737.0,17.416016016235947
Jammu & Kashmir,2023,2,Others,228987,106126424.0,18.480141630067475
Jammu & Kashmir,2023,3,Merchant payments,33831979,20030764520.0,23.720535154692534
Jammu & Kashmir,2023,3,Peer-to-peer payments,20589029,62320529579.0,24.85555673622633
Jammu & Kashmir,2023,3,Recharge & bill payments,9247909,3508619105.0,21.97848837992136
Jammu & Kashmir,2023,3,Financial Services,31473,61895606.0,17.940959765831053
Jammu & Kashmir,2023,3,Others,203189,94339616.0,18.362411776028388
Jammu & Kashmir,2023,4,Merchant payments,38724913,23286334977.0,23.87113254383954
Jammu & Kashmir,2023,4,Peer-to-peer payments,20930306,65658312220.0,24.90773004386158
Jammu & Kashmir,2023,4,Recharge & bill payments,9268356,3954471487.0,22.098112797883847
Jammu & Kashmir,2023,4,Financial Services,36281,80127905.0,18.19913474087816
Jammu & Kashmir,2023,4,Others,207276,90895171.0,18.325217444425814
Jammu & Kashmir,2024,1,Merchant payments,44039688,26132817115.0,23.986457722225282
Jammu & Kashmir,2024,1,Peer-to-peer payments,21676857,63494530507.0,24.874219605403052
Jammu & Kashmir,2024,1,Recharge & bill payments,9191925,4183099352.0,22.15431828073808
Jammu & Kashmir,2024,1,Financial Services,36970,77808277.0,18.169758384516708
Jammu & Kashmir,2024,1,Others,170915,72673690.0,18.101489992551095
Jammu & Kashmir,2024,2,Merchant payments,67028884,36427331951.0,24.318585207623606
Jammu & Kashmir,2024,2,Peer-to-peer payments,30553524,87708294314.0,25.19728230785024
Jammu & Kashmir,2024,2,Recharge & bill payments,10377382,4725535622.0,22.27624675083251
Jammu & Kashmir,2024,2,Financial Services,51851,118499860.0,18.59042234554299
Jammu & Kashmir,2024,2,Others,167373,82095164.0,18.223389681092865
Jammu & Kashmir,2024,3,Merchant payments,72762518,40065179721.0,24.41377345792702
Jammu & Kashmir,2024,3,Peer-to-peer payments,35411991,98957280136.0,25.317954080184467
Jammu & Kashmir,2024,3,Recharge & bill payments,11191575,5221833445.0,22.376114412038334
Jammu & Kashmir,2024,3,Financial Services,62311,146900251.0,18.805264356595323
Jammu & Kashmir,2024,3,Others,126893,79152424.0,18.18688598185102
Jammu & Kashmir,2024,4,Merchant payments,77746893,45801663532.0,24.547586249088155
Jammu & Kashmir,2024,4,Peer-to-peer payments,37314662,109794685213.0,25.42187796060624
Jammu & Kashmir,2024,4,Recharge & bill payments,10916802,5152602988.0,22.362767858690216
Jammu & Kashmir,2024,4,Financial Services,180612,129044033.0,18.675664252916896
Jammu & Kashmir,2024,4,Others,102248,72984966.0,18.105764046399013
Jharkhand,2018,1,Recharge & bill payments,1095857,132181815.28422523,18.699688928903438
Jharkhand,2018,1,Peer-to-peer payments,809459,2036315435.6551185,21.43440785322919
Jharkhand,2018,1,Financial Services,107755,45483178.104925826,17.632853125567355
Jharkhand,2018,1,Merchant payments,66299,66465337.511485815,18.012191144349718
Jharkhand,2018,1,Others,99551,93740623.36363094,18.356042211025844
Jharkhand,2018,2,Recharge & bill payments,1398777,208894647.78855115,19.157340610059638
Jharkhand,2018,2,Peer-to-peer payments,1375872,4205862516.777491,22.159745226526134
Jharkhand,2018,2,Financial Services,160637,65554548.24621317,17.998393166928505
Jharkhand,2018,2,Merchant payments,130339,138889079.16124776,18.749186188084437
Jharkhand,2018,2,Others,86455,102374867.08935027,18.444151811632164
Jharkhand,2018,3,Peer-to-peer payments,6003688,8142915751.203348,22.820414153338753
Jharkhand,2018,3,Recharge & bill payments,1539476,256930062.20347697,19.364314478213128
Jharkhand,2018,3,Merchant payments,287427,155059935.04035243,18.859322284271787
Jharkhand,2018,3,Financial Services,216343,38182603.57787939,17.457890592318538
Jharkhand,2018,3,Others,75687,68483065.67956133,18.042097070914835
Jharkhand,2018,4,Peer-to-peer payments,3325473,9414019816.80093,22.965465885064525
Jharkhand,2018,4,Recharge & bill payments,1885135,328077093.4784577,19.60875918287151
Jharkhand,2018,4,Merchant payments,845956,373435992.4816617,19.7382571783247
Jharkhand,2018,4,Financial Services,136918,36357465.52244099,17.408910147245322
Jharkhand,2018,4,Others,90561,90026272.83887212,18.31561211723384
Jharkhand,2019,1,Peer-to-peer payments,5952105,12664709652.347084,23.262085195016624
Jharkhand,2019,1,Recharge & bill payments,2347079,440323945.0577217,19.903021255024377
Jharkhand,2019,1,Merchant payments,892826,391616776.11217976,19.785794310175287
Jharkhand,2019,1,Financial Services,105558,47227410.81132864,17.670485040695297
Jharkhand,2019,1,Others,90140,83358664.9497917,18.23866313235989
Jharkhand,2019,2,Peer-to-peer payments,5155937,17044444613.808352,23.559090158538623
Jharkhand,2019,2,Recharge & bill payments,2734377,562210324.8161657,20.147386583070183
Jharkhand,2019,2,Merchant payments,2049311,862186711.5217196,20.57498240902624
Jharkhand,2019,2,Financial Services,67479,51588987.16245511,17.75881879997277
Jharkhand,2019,2,Others,121107,102270668.23762833,18.4431334765921
Jharkhand,2019,3,Peer-to-peer payments,5708187,19050145624.077984,23.67034058285095
Jharkhand,2019,3,Merchant payments,4766457,1494546030.8330803,21.12508834003901
Jharkhand,2019,3,Recharge & bill payments,3527625,754845093.6112013,20.442023113462106
Jharkhand,2019,3,Financial Services,103620,80276391.6477037,18.20098614625033
Jharkhand,2019,3,Others,114758,86160853.1891717,18.271726504750866
Jharkhand,2019,4,Peer-to-peer payments,10301226,25360155657.218044,23.956445104438952
Jharkhand,2019,4,Recharge & bill payments,4390094,966539484.5717083,20.689232709965122
Jharkhand,2019,4,Merchant payments,3359590,1725990595.6016066,21.269066981505674
Jharkhand,2019,4,Financial Services,104630,45850806.127185926,17.640903360158173
Jharkhand,2019,4,Others,93078,49211833.15857271,17.711644684217738
Jharkhand,2020,1,Peer-to-peer payments,8196850,29875044416.372463,24.120289333970955
Jharkhand,2020,1,Recharge & bill payments,5454093,1358517296.9653778,21.0296597198857
Jharkhand,2020,1,Merchant payments,4499942,2298726414.666834,21.555621074196388
Jharkhand,2020,1,Financial Services,46483,31523887.510064334,17.266256181780992
Jharkhand,2020,1,Others,85345,47420137.7540625,17.674557564663523
Jharkhand,2020,2,Peer-to-peer payments,8724053,32662370316.521744,24.209489497407052
Jharkhand,2020,2,Recharge & bill payments,7538593,1987320466.8540502,21.41005306977323
Jharkhand,2020,2,Merchant payments,3753633,2662438204.2556615,21.702508158418965
Jharkhand,2020,2,Financial Services,56553,130249402.00867195,18.684961655160542
Jharkhand,2020,2,Others,68679,43823586.28346999,17.595682752849147
Jharkhand,2020,3,Peer-to-peer payments,11984094,43128110246.27049,24.487440831373128
Jharkhand,2020,3,Merchant payments,7728846,5163578368.000801,22.364895658456597
Jharkhand,2020,3,Recharge & bill payments,7211293,2217657034.9022017,21.519717086281982
Jharkhand,2020,3,Financial Services,56918,63233533.18627854,17.962345322609714
Jharkhand,2020,3,Others,87322,50036637.653871216,17.728266068122736
Jharkhand,2020,4,Peer-to-peer payments,17120664,60733288288.10599,24.829757791431646
Jharkhand,2020,4,Merchant payments,14168381,9347677563.842455,22.958393760606498
Jharkhand,2020,4,Recharge & bill payments,7945996,2582828438.736846,21.672150929859637
Jharkhand,2020,4,Financial Services,60989,63947540.001266286,17.973573633354075
Jharkhand,2020,4,Others,135603,77432999.35699823,18.16492360889537
Jharkhand,2021,1,Peer-to-peer payments,19151083,69198235576.72797,24.960241201813293
Jharkhand,2021,1,Merchant payments,17489113,11545580927.24733,23.169568597087828
Jharkhand,2021,1,Recharge & bill payments,7826608,2888409672.132301,21.78397190149439
Jharkhand,2021,1,Financial Services,50526,54836609.32711602,17.81986860052041
Jharkhand,2021,1,Others,104333,62290337.70487929,17.947316894763777
Jharkhand,2021,2,Peer-to-peer payments,24184568,86037113965.37598,25.178044597854214
Jharkhand,2021,2,Merchant payments,19041292,14731458451.37311,23.413251074900614
Jharkhand,2021,2,Recharge & bill payments,10583445,3531023352.488878,21.984853567716407
Jharkhand,2021,2,Financial Services,54379,57959229.95440879,17.875250406771254
Jharkhand,2021,2,Others,138461,75088312.26558907,18.134175488987033
Jharkhand,2021,3,Peer-to-peer payments,30113326,97742557031.75543,25.305602890025458
Jharkhand,2021,3,Merchant payments,29687162,19954619973.19194,23.71672653112605
Jharkhand,2021,3,Recharge & bill payments,10742405,4029136911.757236,22.116818024399358
Jharkhand,2021,3,Financial Services,51289,65035270.30823113,17.99044031619775
Jharkhand,2021,3,Others,201520,99665931.8402131,18.417334479852517
Jharkhand,2021,4,Merchant payments,45007900,30397134744.16734,24.137614189112902
Jharkhand,2021,4,Peer-to-peer payments,39476282,130461675107.99458,25.594345343251817
Jharkhand,2021,4,Recharge & bill payments,11173974,4920513757.583611,22.316678784475325
Jharkhand,2021,4,Financial Services,72802,82938673.40787342,18.233612030111665
Jharkhand,2021,4,Others,278084,154856720.55251962,18.85801087030304
Jharkhand,2022,1,Merchant payments,53218047,35404682302.81973,24.29010991680892
Jharkhand,2022,1,Peer-to-peer payments,45881799,153327336656.7779,25.755840928243053
Jharkhand,2022,1,Recharge & bill payments,11502811,5765898871.819412,22.475226897475938
Jharkhand,2022,1,Financial Services,67502,72095750.37612481,18.0935056736968
Jharkhand,2022,1,Others,241051,130193505.37404194,18.684532412255674
Jharkhand,2022,2,Merchant payments,67435024,44149892984.34711,24.510856340105494
Jharkhand,2022,2,Peer-to-peer payments,52086790,175208899196.82,25.88924480866681
Jharkhand,2022,2,Recharge & bill payments,13145888,6119623547.3009,22.534766419863182
Jharkhand,2022,2,Financial Services,50361,53281830.624961995,17.791105960950905
Jharkhand,2022,2,Others,207212,104530269.04482636,18.46498725292492
Jharkhand,2022,3,Merchant payments,74816586,45850919744.1592,24.5486610953203
Jharkhand,2022,3,Peer-to-peer payments,57285937,176549466282.04382,25.896866936280517
Jharkhand,2022,3,Recharge & bill payments,14462031,6838978157.223744,22.64590416534821
Jharkhand,2022,3,Financial Services,68467,69016067.83164982,18.049849917066933
Jharkhand,2022,3,Others,182311,104503812.69942513,18.464734123434564
Jharkhand,2022,4,Merchant payments,91863987,57173653531.6919,24.769359026646896
Jharkhand,2022,4,Peer-to-peer payments,68045210,212953650396.96683,26.084340375211287
Jharkhand,2022,4,Recharge & bill payments,15110623,7625380765.3711195,22.75474809476636
Jharkhand,2022,4,Financial Services,81074,89276259.66683595,18.307246172508187
Jharkhand,2022,4,Others,199198,129776494.88471407,18.68132426636678
Jharkhand,2023,1,Merchant payments,126431470,72343574616.0,25.00469247636343
Jharkhand,2023,1,Peer-to-peer payments,91879570,283548545074.0,26.37064918028766
Jharkhand,2023,1,Recharge & bill payments,21800176,11236559383.0,23.14243852992604
Jharkhand,2023,1,Financial Services,99366,97678666.0,18.39719374107246
Jharkhand,2023,1,Others,247521,144978282.0,18.792094516754048
Jharkhand,2023,2,Merchant payments,156552949,85510419374.0,25.171904069499394
Jharkhand,2023,2,Peer-to-peer payments,107475200,324260678898.0,26.50481359375331
Jharkhand,2023,2,Recharge & bill payments,24866991,12206164188.0,23.225206922477508
Jharkhand,2023,2,Financial Services,101922,101245470.0,18.43305853208627
Jharkhand,2023,2,Others,236831,136219578.0,18.729778693183917
Jharkhand,2023,3,Merchant payments,176986470,87850272164.0,25.1988997496396
Jharkhand,2023,3,Peer-to-peer payments,116215262,317385101261.0,26.483381703993718
Jharkhand,2023,3,Recharge & bill payments,24694215,12857936385.0,23.27722707522794
Jharkhand,2023,3,Financial Services,126439,166648089.0,18.931394901506227
Jharkhand,2023,3,Others,215040,124466121.0,18.63954412438993
Jharkhand,2023,4,Merchant payments,210139266,107902251886.0,25.40449157912247
Jharkhand,2023,4,Peer-to-peer payments,138921302,375782050730.0,26.652275159961786
Jharkhand,2023,4,Recharge & bill payments,25084140,14700179395.0,23.41112553446616
Jharkhand,2023,4,Financial Services,157092,207103239.0,19.148727970859564
Jharkhand,2023,4,Others,236562,128519675.0,18.67159257120035
Jharkhand,2024,1,Merchant payments,240943119,122973605850.0,25.5352355827146
Jharkhand,2024,1,Peer-to-peer payments,157370906,420040441815.0,26.763616833626333
Jharkhand,2024,1,Recharge & bill payments,28096898,16341675108.0,23.51698443697455
Jharkhand,2024,1,Financial Services,146719,249733168.0,19.335903581830642
Jharkhand,2024,1,Others,201453,114781132.0,18.558537681653448
Jharkhand,2024,2,Merchant payments,292972037,143912881957.0,25.692473967041515
Jharkhand,2024,2,Peer-to-peer payments,175846356,458805291316.0,26.85189175508412
Jharkhand,2024,2,Recharge & bill payments,30493851,16999992739.0,23.55647875394371
Jharkhand,2024,2,Financial Services,173960,269689641.0,19.41278238173655
Jharkhand,2024,2,Others,199667,128066838.0,18.66806286528302
Jharkhand,2024,3,Merchant payments,308078784,144012840378.0,25.693168301845677
Jharkhand,2024,3,Peer-to-peer payments,185983240,447316673287.0,26.826532622094035
Jharkhand,2024,3,Recharge & bill payments,28125714,18109397263.0,23.6196968263442
Jharkhand,2024,3,Financial Services,227984,354292146.0,19.685632404757992
Jharkhand,2024,3,Others,160161,116337518.0,18.572006170794022
Jharkhand,2024,4,Merchant payments,346886286,168140534443.0,25.848065981213992
Jharkhand,2024,4,Peer-to-peer payments,211165735,516149821202.0,26.969662911452836
Jharkhand,2024,4,Recharge & bill payments,28025030,19206954971.0,23.678538288512758
Jharkhand,2024,4,Financial Services,670523,377570884.0,19.749268883860303
Jharkhand,2024,4,Others,157112,135619534.0,18.72536398651626
Karnataka,2018,1,Recharge & bill payments,5785292,1496816541.9710202,21.126606385088508
Karnataka,2018,1,Peer-to-peer payments,4456528,16522277460.174664,23.527975456383235
Karnataka,2018,1,Merchant payments,1089627,696586489.2644083,20.36170252188728
Karnataka,2018,1,Financial Services,159848,52664837.407078,17.779458587930936
Karnataka,2018,1,Others,525604,449549985.19633806,19.923757609689545
Karnataka,2018,2,Recharge & bill payments,7391926,2435924808.0540595,21.613592319755305
Karnataka,2018,2,Peer-to-peer payments,7164836,29135024501.319633,24.095206878533702
Karnataka,2018,2,Merchant payments,1874383,1361967204.9193478,21.032195966497913
Karnataka,2018,2,Financial Services,194363,93244737.61226672,18.350738192507837
Karnataka,2018,2,Others,490939,489418829.39568377,20.008729184725663
Karnataka,2018,3,Peer-to-peer payments,12863507,42819128165.14718,24.48025075946506
Karnataka,2018,3,Recharge & bill payments,8674172,3019156590.415938,21.82824335496326
Karnataka,2018,3,Merchant payments,3638065,1879406580.5386481,21.354221915843176
Karnataka,2018,3,Financial Services,205740,50726023.40346949,17.741949638710665
Karnataka,2018,3,Others,598777,456674396.3028466,19.939481216375444
Karnataka,2018,4,Peer-to-peer payments,20471744,63575342228.05887,24.87549153131614
Karnataka,2018,4,Merchant payments,11812478,4751317554.815564,22.281687796701892
Karnataka,2018,4,Recharge & bill payments,11426205,4030978295.062695,22.117274936810606
Karnataka,2018,4,Financial Services,289353,71134704.79416475,18.08008590217869
Karnataka,2018,4,Others,812291,579613793.3366778,20.177872567880314
Karnataka,2019,1,Peer-to-peer payments,44049036,104118436760.31566,25.368794903142508
Karnataka,2019,1,Merchant payments,24491960,7076613843.774634,22.68006135973216
Karnataka,2019,1,Recharge & bill payments,16981941,6217689429.770171,22.55066420053118
Karnataka,2019,1,Financial Services,293728,51023386.14504391,17.747794657048285
Karnataka,2019,1,Others,770944,512618725.75178516,20.055042904102052
Karnataka,2019,2,Peer-to-peer payments,50033334,142910706254.40515,25.685485840387216
Karnataka,2019,2,Merchant payments,44848593,12338599108.54726,23.235998324631403
Karnataka,2019,2,Recharge & bill payments,19283028,7745156562.557001,22.77033352540202
Karnataka,2019,2,Financial Services,140353,44871623.829314835,17.61931618922688
Karnataka,2019,2,Others,1096296,662690676.7455502,20.311818889878708
Karnataka,2019,3,Merchant payments,76924325,20375791901.51608,23.737613361699218
Karnataka,2019,3,Peer-to-peer payments,67784880,183163325083.02167,25.933644078556227
Karnataka,2019,3,Recharge & bill payments,24339891,10208179941.827314,23.046455191021547
Karnataka,2019,3,Financial Services,189716,57194690.691376016,17.861971649445277
Karnataka,2019,3,Others,1494923,732228821.132016,20.411603621617846
Karnataka,2019,4,Merchant payments,114044901,31602890835.851074,24.17651443553387
Karnataka,2019,4,Peer-to-peer payments,93311589,250562864352.78363,26.246975681491392
Karnataka,2019,4,Recharge & bill payments,28862161,12183568521.027195,23.223354038421327
Karnataka,2019,4,Financial Services,101937,51145982.18087677,17.750194517090115
Karnataka,2019,4,Others,1475664,646673755.3894986,20.287352484782353
Karnataka,2020,1,Merchant payments,132970737,40374401933.52864,24.42146180561243
Karnataka,2020,1,Peer-to-peer payments,100868460,297635301555.931,26.419134753693477
Karnataka,2020,1,Recharge & bill payments,35854971,14724886028.403404,23.41280482651546
Karnataka,2020,1,Financial Services,93648,110130184.7219853,18.517173730528384
Karnataka,2020,1,Others,1246074,557335296.81275,20.13867758771824
Karnataka,2020,2,Merchant payments,87251639,38463881234.4382,24.37298548817339
Karnataka,2020,2,Peer-to-peer payments,82118363,265767207470.16788,26.305886602669297
Karnataka,2020,2,Recharge & bill payments,43290272,16434890228.306221,23.522672364959437
Karnataka,2020,2,Financial Services,161560,246367207.0610708,19.322333696599422
Karnataka,2020,2,Others,399878,192530880.1645686,19.07576712046006
Karnataka,2020,3,Merchant payments,137206600,60769881812.00958,24.830360138267192
Karnataka,2020,3,Peer-to-peer payments,119241776,390432374828.4793,26.690520615376677
Karnataka,2020,3,Recharge & bill payments,43139631,18911088810.529343,23.663014296569944
Karnataka,2020,3,Financial Services,251980,358426105.9585576,19.697233079488456
Karnataka,2020,3,Others,520544,268744139.7048992,19.409270335140196
Karnataka,2020,4,Merchant payments,215711211,97147239182.96416,25.29949359429055
Karnataka,2020,4,Peer-to-peer payments,166981242,538340957771.568,27.011757946879783
Karnataka,2020,4,Recharge & bill payments,47736461,21611671359.120274,23.796499346451345
Karnataka,2020,4,Financial Services,284700,427966918.93005997,19.874556460676015
Karnataka,2020,4,Others,823370,508863332.4358694,20.047690038336192
Karnataka,2021,1,Merchant payments,279599017,117959690729.6494,25.4936087990746
Karnataka,2021,1,Peer-to-peer payments,190894164,610937002732.095,27.13825968561915
Karnataka,2021,1,Recharge & bill payments,52261651,25111731675.64637,23.946600971363925
Karnataka,2021,1,Financial Services,297710,475815041.81600165,19.98053977117195
Karnataka,2021,1,Others,744950,511117233.18647754,20.052109542963546
Karnataka,2021,2,Merchant payments,244460862,124624417935.05894,25.54857039469441
Karnataka,2021,2,Peer-to-peer payments,216539959,684035748184.4377,27.25127601663228
Karnataka,2021,2,Recharge & bill payments,68599238,28272314719.07621,24.0651488843264
Karnataka,2021,2,Financial Services,304779,456933673.9871358,19.940048807006733
Karnataka,2021,2,Others,744208,497736717.48932767,20.025581817457308
Karnataka,2021,3,Merchant payments,391381353,190563423840.34485,25.97325090965346
Karnataka,2021,3,Peer-to-peer payments,288462867,908138627418.7012,27.534662877264026
Karnataka,2021,3,Recharge & bill payments,72168311,33386709060.80711,24.23142372545178
Karnataka,2021,3,Financial Services,286685,508051800.8625039,20.04609397251423
Karnataka,2021,3,Others,997323,637927036.8737218,20.273734474069887
Karnataka,2021,4,Merchant payments,503210623,243754536471.1106,26.219427557818815
Karnataka,2021,4,Peer-to-peer payments,350032663,1090951587881.0441,27.71807144771797
Karnataka,2021,4,Recharge & bill payments,76826701,39294350717.405914,24.394346597865688
Karnataka,2021,4,Financial Services,365769,574240588.1883193,20.168559011394528
Karnataka,2021,4,Others,1289682,896608692.1244912,20.614130085293855
Karnataka,2022,1,Merchant payments,588543313,278109650949.8691,26.351281300751644
Karnataka,2022,1,Peer-to-peer payments,389491586,1243199329198.8584,27.848709276984245
Karnataka,2022,1,Recharge & bill payments,78206453,43891305256.63388,24.50498207949881
Karnataka,2022,1,Financial Services,384922,624857963.437548,20.25303492497399
Karnataka,2022,1,Others,1229133,824344937.0828401,20.53009961445748
Karnataka,2022,2,Merchant payments,735295388,358016289601.7625,26.603844323995634
Karnataka,2022,2,Peer-to-peer payments,449723751,1457330278795.186,28.007627301595534
Karnataka,2022,2,Recharge & bill payments,91137091,50583781089.16758,24.64689683004366
Karnataka,2022,2,Financial Services,351688,545330283.2377212,20.116902195192104
Karnataka,2022,2,Others,941042,670434289.8797817,20.32343625570438
Karnataka,2022,3,Merchant payments,704609552,333606445776.6083,26.533227829119664
Karnataka,2022,3,Peer-to-peer payments,404084880,1282604186671.1763,27.879913647863063
Karnataka,2022,3,Recharge & bill payments,79979546,48539011844.07969,24.605633679499118
Karnataka,2022,3,Financial Services,361312,558132533.414458,20.140107009014706
Karnataka,2022,3,Others,726038,610455785.7449958,20.22971642750836
Karnataka,2022,4,Merchant payments,830157371,380643835280.23364,26.665129959325753
Karnataka,2022,4,Peer-to-peer payments,460041715,1468087523889.2769,28.014981665522264
Karnataka,2022,4,Recharge & bill payments,87517348,54445900607.2116,24.72047339622231
Karnataka,2022,4,Financial Services,426795,650217624.1227758,20.2928176726995
Karnataka,2022,4,Others,767142,689145506.798728,20.350962993616854
Karnataka,2023,1,Merchant payments,1130908170,476183911608.0,26.889069985483047
Karnataka,2023,1,Peer-to-peer payments,596731227,1908849346648.0,28.277521740139996
Karnataka,2023,1,Recharge & bill payments,115567496,83516906348.0,25.148314919554192
Karnataka,2023,1,Financial Services,541652,829191703.0,20.535961933651922
Karnataka,2023,1,Others,948644,847870010.0,20.558237893091135
Karnataka,2023,2,Merchant payments,1282439025,553947152559.0,27.040335126652568
Karnataka,2023,2,Peer-to-peer payments,655334370,2131661599812.0,28.387922885343777
Karnataka,2023,2,Recharge & bill payments,128708109,90352839418.0,25.226988280375174
Karnataka,2023,2,Financial Services,564180,870214613.0,20.584250421950337
Karnataka,2023,2,Others,821842,767292428.0,20.458378550032876
Karnataka,2023,3,Merchant payments,1502087676,620261083051.0,27.153406328043886
Karnataka,2023,3,Peer-to-peer payments,733741628,2267342578479.0,28.44962959137903
Karnataka,2023,3,Recharge & bill payments,131971913,96428751649.0,25.292070247724844
Karnataka,2023,3,Financial Services,680721,1117575810.0,20.83442772197201
Karnataka,2023,3,Others,780364,730906598.0,20.409796238004745
Karnataka,2023,4,Merchant payments,1631321006,677686159800.0,27.241950126570657
Karnataka,2023,4,Peer-to-peer payments,796407425,2456912813682.0,28.529926723971485
Karnataka,2023,4,Recharge & bill payments,135125785,104793796043.0,25.375260409027643
Karnataka,2023,4,Financial Services,807597,1266275950.0,20.95934610769031
Karnataka,2023,4,Others,772351,717378908.0,20.391114723410887
Karnataka,2024,1,Merchant payments,1799287261,731643780822.0,27.31855959424097
Karnataka,2024,1,Peer-to-peer payments,854761954,2641887054365.0,28.60251457106415
Karnataka,2024,1,Recharge & bill payments,140813576,109551418217.0,25.4196598487553
Karnataka,2024,1,Financial Services,829562,1475873231.0,21.112515673257402
Karnataka,2024,1,Others,746802,690527871.0,20.352966894951912
Karnataka,2024,2,Merchant payments,1981595688,834831111764.0,27.450495279980398
Karnataka,2024,2,Peer-to-peer payments,911150664,2835423595652.0,28.673212458402823
Karnataka,2024,2,Recharge & bill payments,147578134,112150881882.0,25.4431109613057
Karnataka,2024,2,Financial Services,951013,1832353796.0,21.32886720518615
Karnataka,2024,2,Others,737349,796760344.0,20.496064495174917
Karnataka,2024,3,Merchant payments,2128123870,872671695683.0,27.494825257547433
Karnataka,2024,3,Peer-to-peer payments,985664231,2914446696115.0,28.70070110506113
Karnataka,2024,3,Recharge & bill payments,145576983,117042690235.0,25.485804579005872
Karnataka,2024,3,Financial Services,1113824,2184402210.0,21.50460804041902
Karnataka,2024,3,Others,655187,857082241.0,20.569044436951874
Karnataka,2024,4,Merchant payments,2266169258,935052915428.0,27.563868958675428
Karnataka,2024,4,Peer-to-peer payments,1039723999,3095666288407.0,28.761024277864575
Karnataka,2024,4,Recharge & bill payments,145556961,117911617313.0,25.493201174953516
Karnataka,2024,4,Financial Services,2955462,2231437254.0,21.525911723780343
Karnataka,2024,4,Others,650744,957545420.0,20.67988371496969
Kerala,2018,1,Recharge & bill payments,988774,157311821.37585658,18.87374052334704
Kerala,2018,1,Peer-to-peer payments,600205,2107288314.3025222,21.468667799285424
Kerala,2018,1,Merchant payments,72164,82919383.04571173,18.233379417208457
Kerala,2018,1,Financial Services,40170,7957491.901965583,15.889624546144972
Kerala,2018,1,Others,70067,47197742.47444939,17.66985664166824
Kerala,2018,2,Recharge & bill payments,1230869,248080143.25702396,19.32926241425027
Kerala,2018,2,Peer-to-peer payments,848291,3436199589.077317,21.957631927296784
Kerala,2018,2,Merchant payments,131217,144501582.04666698,18.788801020797006
Kerala,2018,2,Financial Services,41100,12355589.34361695,16.32961917802108
Kerala,2018,2,Others,56688,45786439.71799916,17.63949855105956
Kerala,2018,3,Peer-to-peer payments,1425259,4823239268.279744,22.29671158685449
Kerala,2018,3,Recharge & bill payments,1407588,296352497.34099543,19.50706017653544
Kerala,2018,3,Merchant payments,210974,160705488.6023575,18.895083990686558
Kerala,2018,3,Financial Services,37286,6170643.387882499,15.63531382930706
Kerala,2018,3,Others,53241,36557326.26447625,17.414392196420454
Kerala,2018,4,Peer-to-peer payments,2073960,6959805154.570259,22.663417316011543
Kerala,2018,4,Recharge & bill payments,1679897,351296525.29857576,19.67714122905331
Kerala,2018,4,Merchant payments,417114,378857199.6490426,19.752669912757423
Kerala,2018,4,Financial Services,75084,10063656.726067666,16.12444124761306
Kerala,2018,4,Others,64599,47338700.56846385,17.67283873388486
Kerala,2019,1,Peer-to-peer payments,3601116,9314451112.085835,22.954832914205934
Kerala,2019,1,Recharge & bill payments,2180915,498453895.947243,20.027021659533116
Kerala,2019,1,Merchant payments,550707,371997848.20066386,19.73439863050206
Kerala,2019,1,Financial Services,77652,7808573.898364296,15.870733033765719
Kerala,2019,1,Others,58649,42319704.717572376,17.560763391746576
Kerala,2019,2,Peer-to-peer payments,3519528,11630623424.131498,23.17690740695272
Kerala,2019,2,Recharge & bill payments,2711299,768892057.7982787,20.460461151945797
Kerala,2019,2,Merchant payments,937130,569545842.9998999,20.160349836294547
Kerala,2019,2,Financial Services,38869,5823291.622642939,15.577376402457693
Kerala,2019,2,Others,77000,56486944.633225575,17.849520118680964
Kerala,2019,3,Peer-to-peer payments,4181954,14433990011.32079,23.3928516796412
Kerala,2019,3,Recharge & bill payments,3431236,1051007778.3129579,20.773015330633964
Kerala,2019,3,Merchant payments,1497029,879510566.1106174,20.59487613697661
Kerala,2019,3,Financial Services,96130,8910528.723410578,16.002744250363317
Kerala,2019,3,Others,79747,56390837.59670959,17.847817267045542
Kerala,2019,4,Peer-to-peer payments,5859068,18537483865.44591,23.64306067409024
Kerala,2019,4,Recharge & bill payments,4097032,1287955351.6647906,20.976321799947627
Kerala,2019,4,Merchant payments,2418428,1268704040.100692,20.961261776335274
Kerala,2019,4,Financial Services,50728,10816332.760911917,16.19656793486126
Kerala,2019,4,Others,73381,46367047.83244334,17.652099610444147
Kerala,2020,1,Peer-to-peer payments,6634439,22862907701.60516,23.852781683313804
Kerala,2020,1,Recharge & bill payments,5507580,1716538277.3696735,21.26357547085787
Kerala,2020,1,Merchant payments,3485036,1810329140.1843734,21.31677451165039
Kerala,2020,1,Financial Services,38050,17160614.593254916,16.658127525113446
Kerala,2020,1,Others,68417,44149097.18179157,17.60308305857214
Kerala,2020,2,Recharge & bill payments,7709714,2452435028.9249372,21.620347257686912
Kerala,2020,2,Peer-to-peer payments,5603046,21309983654.739,23.782441516080528
Kerala,2020,2,Merchant payments,2888260,2075701451.3627596,21.45356498283472
Kerala,2020,2,Financial Services,40501,32921115.845954426,17.309624859259465
Kerala,2020,2,Others,46446,23037227.727544237,16.952622105635076
Kerala,2020,3,Peer-to-peer payments,8590587,33346812213.798676,24.230228018976277
Kerala,2020,3,Recharge & bill payments,7932950,2688361345.204546,21.712197679964067
Kerala,2020,3,Merchant payments,5065205,4016995193.6035366,22.11379999605785
Kerala,2020,3,Financial Services,94130,76828720.82445312,18.157089110293263
Kerala,2020,3,Others,75808,35153178.52298187,17.375225627975922
Kerala,2020,4,Peer-to-peer payments,12941135,45686395927.74489,24.545066408446107
Kerala,2020,4,Merchant payments,10990709,7695667406.723909,22.763923333123877
Kerala,2020,4,Recharge & bill payments,9167428,3238199947.525463,21.898283440920892
Kerala,2020,4,Financial Services,73833,69202344.44095232,18.0525453136689
Kerala,2020,4,Others,115082,65791020.57617174,18.001993936775214
Kerala,2021,1,Peer-to-peer payments,16209203,55336812492.74641,24.736704211051215
Kerala,2021,1,Merchant payments,16105923,10058436408.184261,23.031677563015613
Kerala,2021,1,Recharge & bill payments,9837385,3732534739.0436296,22.04035339478069
Kerala,2021,1,Financial Services,68012,69655547.76092248,18.059072921361796
Kerala,2021,1,Others,95819,63530974.15939384,17.967038142713985
Kerala,2021,2,Peer-to-peer payments,17026648,58152644526.04467,24.786337192556193
Kerala,2021,2,Merchant payments,16135060,11263178335.980885,23.144804687765767
Kerala,2021,2,Recharge & bill payments,13809151,4645548909.798975,22.259175374630615
Kerala,2021,2,Financial Services,88830,88370679.95309764,18.297050809168898
Kerala,2021,2,Others,131344,77063984.37888283,18.160146613692635
Kerala,2021,3,Merchant payments,25402350,17877677018.10737,23.606818677619785
Kerala,2021,3,Peer-to-peer payments,23378091,78598482305.73877,25.08761822712058
Kerala,2021,3,Recharge & bill payments,13979407,5008396079.412957,22.334381557156124
Kerala,2021,3,Financial Services,85730,101460242.2623948,18.43517758771866
Kerala,2021,3,Others,182688,100146127.60812962,18.42214096339414
Kerala,2021,4,Merchant payments,38574904,24589454633.018272,23.925583514564124
Kerala,2021,4,Peer-to-peer payments,29075528,92774490034.55844,25.253437547090666
Kerala,2021,4,Recharge & bill payments,13781815,5689390023.204552,22.461868877968147
Kerala,2021,4,Financial Services,108232,128238698.74055986,18.669403926948416
Kerala,2021,4,Others,283262,160563553.84187678,18.894200402478045
Kerala,2022,1,Merchant payments,47778743,28685388646.415367,24.079653723711505
Kerala,2022,1,Peer-to-peer payments,33089518,104623270223.31714,25.373631832518466
Kerala,2022,1,Recharge & bill payments,14042317,6373570715.969071,22.575425701594288
Kerala,2022,1,Financial Services,134370,158926455.91425735,18.883952118051678
Kerala,2022,1,Others,236017,147786423.0782508,18.811278708932473
Kerala,2022,2,Merchant payments,55730158,34395023155.77253,24.26117771518401
Kerala,2022,2,Peer-to-peer payments,35630060,112813716119.4625,25.44900376543069
Kerala,2022,2,Recharge & bill payments,14701207,7230489227.091859,22.701572537230565
Kerala,2022,2,Financial Services,110336,133436809.9132271,18.709138597257553
Kerala,2022,2,Others,193561,123664236.88435228,18.633080691961563
Kerala,2022,3,Merchant payments,64984061,37852759989.759125,24.35696973334601
Kerala,2022,3,Peer-to-peer payments,38774832,116414003145.11606,25.480418666950627
Kerala,2022,3,Recharge & bill payments,15289755,7709237374.351864,22.765685105926625
Kerala,2022,3,Financial Services,146673,162861560.07391134,18.908411079330715
Kerala,2022,3,Others,167583,121557246.12854591,18.61589587956152
Kerala,2022,4,Merchant payments,74647115,40607857085.646095,24.427227409132314
Kerala,2022,4,Peer-to-peer payments,42471676,124564727703.60559,25.54809131899116
Kerala,2022,4,Recharge & bill payments,15520670,8075692517.275558,22.812124463155044
Kerala,2022,4,Financial Services,164334,191307058.1462068,19.069390334650762
Kerala,2022,4,Others,156673,120224235.03622031,18.604869190657574
Kerala,2023,1,Merchant payments,84583249,44370168231.0,24.51583319390092
Kerala,2023,1,Peer-to-peer payments,46080274,138477919269.0,25.653976722210434
Kerala,2023,1,Recharge & bill payments,16629085,10446589963.0,23.069541442869074
Kerala,2023,1,Financial Services,160843,201389795.0,19.120752871622603
Kerala,2023,1,Others,168114,141022419.0,18.764429442794352
Kerala,2023,2,Merchant payments,90195971,49220348954.0,24.619572971583498
Kerala,2023,2,Peer-to-peer payments,48068911,146558117198.0,25.71068789116717
Kerala,2023,2,Recharge & bill payments,17613119,11702913951.0,23.18310370346739
Kerala,2023,2,Financial Services,162540,193012060.0,19.07826323714458
Kerala,2023,2,Others,130076,122278822.0,18.621814429490797
Kerala,2023,3,Merchant payments,100971920,54395884988.0,24.719554344362628
Kerala,2023,3,Peer-to-peer payments,51765006,153333984681.0,25.75588428567851
Kerala,2023,3,Recharge & bill payments,17617414,12247443070.0,23.22858302325228
Kerala,2023,3,Financial Services,186185,243267285.0,19.309671339198257
Kerala,2023,3,Others,118126,112033305.0,18.534306760052186
Kerala,2023,4,Merchant payments,108137761,55180695119.0,24.733879002974074
Kerala,2023,4,Peer-to-peer payments,54694399,156361217618.0,25.7754346651202
Kerala,2023,4,Recharge & bill payments,16678550,13074043821.0,23.293894713974684
Kerala,2023,4,Financial Services,225961,270144459.0,19.414467410918405
Kerala,2023,4,Others,106422,99220448.0,18.412854690124256
Kerala,2024,1,Merchant payments,110514883,56336344201.0,24.754605709145896
Kerala,2024,1,Peer-to-peer payments,54327957,156296863144.0,25.775023004722673
Kerala,2024,1,Recharge & bill payments,16331869,14085091643.0,23.36838274474985
Kerala,2024,1,Financial Services,200007,279404679.0,19.448171754825808
Kerala,2024,1,Others,89250,80271071.0,18.200919864945703
Kerala,2024,2,Merchant payments,121221009,63702446188.0,24.877488800498348
Kerala,2024,2,Peer-to-peer payments,56642113,163601027548.0,25.82069654195719
Kerala,2024,2,Recharge & bill payments,16678867,14261447047.0,23.38082572280105
Kerala,2024,2,Financial Services,243874,344607925.0,19.657917882373976
Kerala,2024,2,Others,86604,94293887.0,18.361926931081083
Kerala,2024,3,Merchant payments,133203180,69317965409.0,24.961969950670635
Kerala,2024,3,Peer-to-peer payments,64012538,174589592514.0,25.885703870986536
Kerala,2024,3,Recharge & bill payments,17076750,13872380762.0,23.353165704921047
Kerala,2024,3,Financial Services,307546,408385812.0,19.82772290564945
Kerala,2024,3,Others,95444,113706812.0,18.54913387776991
Kerala,2024,4,Merchant payments,145653590,72346901392.0,25.004738461090174
Kerala,2024,4,Peer-to-peer payments,69815574,186965241113.0,25.954188560128117
Kerala,2024,4,Recharge & bill payments,16537561,13747095313.0,23.344093388851682
Kerala,2024,4,Financial Services,1014940,467808987.0,19.96357062526881
Kerala,2024,4,Others,90776,112923761.0,18.54222347641629
Ladakh,2018,1,Recharge & bill payments,3550,927250.7143707818,13.739980344226678
Ladakh,2018,1,Peer-to-peer payments,1752,10767803.999610368,16.192071221454007
Ladakh,2018,1,Merchant payments,320,369327.62555241917,12.819442110840791
Ladakh,2018,1,Financial Services,132,274283.17576680594,12.521919985749399
Ladakh,2018,1,Others,335,194192.25581440225,12.176609106195146
Ladakh,2018,2,Recharge & bill payments,8075,2417434.2729015187,14.698217731556738
Ladakh,2018,2,Peer-to-peer payments,5667,42638443.11997231,17.56826684841252
Ladakh,2018,2,Merchant payments,724,1761366.2964342085,14.381600938378705
Ladakh,2018,2,Financial Services,151,127324.6279709443,11.754503083772407
Ladakh,2018,2,Others,393,390334.220462498,12.8747611885606
Ladakh,2018,3,Recharge & bill payments,13136,4676712.344045115,15.358106144268447
Ladakh,2018,3,Peer-to-peer payments,10133,77085890.57395566,18.16043083312444
Ladakh,2018,3,Merchant payments,1168,2016579.2506718007,14.516913689514244
Ladakh,2018,3,Financial Services,84,69317.12287872119,11.146461664390786
Ladakh,2018,3,Others,343,242477.8532947429,12.398669782649003
Ladakh,2018,4,Recharge & bill payments,16650,5701932.895454288,15.556315955166628
Ladakh,2018,4,Peer-to-peer payments,15939,123611779.58930421,18.632656410657145
Ladakh,2018,4,Merchant payments,1881,5082666.820758243,15.441346843272171
Ladakh,2018,4,Financial Services,142,94604.73391846984,11.457473365449102
Ladakh,2018,4,Others,599,1031858.4532022325,13.846873026991588
Ladakh,2019,1,Peer-to-peer payments,22076,139715922.1887053,18.755121799039657
Ladakh,2019,1,Recharge & bill payments,20014,7186109.182288248,15.787660579447634
Ladakh,2019,1,Merchant payments,3238,4967122.4999400275,15.418351457871387
Ladakh,2019,1,Financial Services,114,111851.02856430915,11.62493210322506
Ladakh,2019,1,Others,703,878916.0496292994,13.686445803191866
Ladakh,2019,2,Peer-to-peer payments,34202,240305709.92824298,19.297422466251355
Ladakh,2019,2,Recharge & bill payments,25357,10116773.366134495,16.129705432491413
Ladakh,2019,2,Merchant payments,8220,7726519.367758205,15.860169172743554
Ladakh,2019,2,Financial Services,86,113767.09768193656,11.641917424658596
Ladakh,2019,2,Others,907,992737.2376073576,13.808222300630542
Ladakh,2019,3,Peer-to-peer payments,43198,303596367.67958534,19.531209642543285
Ladakh,2019,3,Recharge & bill payments,41491,18054746.121448334,16.70891920658333
Ladakh,2019,3,Merchant payments,6963,8096082.971229901,15.906891042396047
Ladakh,2019,3,Financial Services,48,148633.29469977494,11.909244169967188
Ladakh,2019,3,Others,696,1233697.1268589406,14.025526823746771
Ladakh,2019,4,Peer-to-peer payments,42095,298044908.5075786,19.51275473616068
Ladakh,2019,4,Recharge & bill payments,35467,16510212.100753112,16.619489723187517
Ladakh,2019,4,Merchant payments,6522,8717893.899929387,15.980888356182387
Ladakh,2019,4,Financial Services,46,162760.63254625077,12.000042032455164
Ladakh,2019,4,Others,576,1253584.887304229,14.041518712226237
Ladakh,2020,1,Peer-to-peer payments,51560,339551900.3873952,19.643137369235667
Ladakh,2020,1,Recharge & bill payments,49801,23010664.72023286,16.95146839337195
Ladakh,2020,1,Merchant payments,14264,13338124.271892821,16.406137054235007
Ladakh,2020,1,Financial Services,204,583108.9455483773,13.276131033398828
Ladakh,2020,1,Others,590,1155879.120674257,13.960372620998175
Ladakh,2020,2,Recharge & bill payments,70601,32087339.266190995,17.28397212607952
Ladakh,2020,2,Peer-to-peer payments,68450,470749365.09816045,19.969836378922107
Ladakh,2020,2,Merchant payments,15132,19679330.186414924,16.795079464580763
Ladakh,2020,2,Financial Services,337,786069.1630768818,13.574801333428493
Ladakh,2020,2,Others,490,490894.93818109273,13.103987445783133
Ladakh,2020,3,Peer-to-peer payments,108345,751333715.2896031,20.437360473597977
Ladakh,2020,3,Recharge & bill payments,81623,40380074.55014179,17.51384704182646
Ladakh,2020,3,Merchant payments,36861,40538778.75651745,17.517769598794555
Ladakh,2020,3,Financial Services,621,2334917.7832646337,14.663487666152436
Ladakh,2020,3,Others,772,900013.678666259,13.710166351802624
Ladakh,2020,4,Peer-to-peer payments,151582,985814864.3429123,20.708979131593264
Ladakh,2020,4,Recharge & bill payments,94133,44185250.8636451,17.60390162312497
Ladakh,2020,4,Merchant payments,83868,77511378.30739444,18.16593531331797
Ladakh,2020,4,Financial Services,729,1965054.5898611392,14.491031092891014
Ladakh,2020,4,Others,1822,2486922.4041473325,14.726556923818027
Ladakh,2021,1,Peer-to-peer payments,141894,869999786.1513934,20.584003524959304
Ladakh,2021,1,Recharge & bill payments,72719,35459532.4121063,17.383902700376737
Ladakh,2021,1,Merchant payments,58875,74977913.47237433,18.132704154433014
Ladakh,2021,1,Financial Services,629,1455016.148284281,14.19052824428067
Ladakh,2021,1,Others,1298,1527565.0627209258,14.239186218009817
Ladakh,2021,2,Peer-to-peer payments,209818,1259044412.4358737,20.953618868142467
Ladakh,2021,2,Recharge & bill payments,95458,44754721.82815341,17.616707535175685
Ladakh,2021,2,Merchant payments,92078,119608470.0411553,18.59973422507592
Ladakh,2021,2,Financial Services,755,1756762.1471181023,14.378983552799376
Ladakh,2021,2,Others,1607,2094729.0180191218,14.554935233353355
Ladakh,2021,3,Peer-to-peer payments,330919,1917311078.1287262,21.37418956177749
Ladakh,2021,3,Merchant payments,135108,233260756.5088715,19.267667516709135
Ladakh,2021,3,Recharge & bill payments,121856,58750081.8151172,17.888803120606564
Ladakh,2021,3,Financial Services,900,1911625.5446910746,14.463465031701402
Ladakh,2021,3,Others,2204,2751201.9371823343,14.827548805700065
Ladakh,2021,4,Peer-to-peer payments,337120,1804428550.1884875,21.313509786466042
Ladakh,2021,4,Merchant payments,169110,284786365.9296017,19.46724986742938
Ladakh,2021,4,Recharge & bill payments,120607,58403893.47253243,17.88289313174853
Ladakh,2021,4,Financial Services,912,3068708.947120995,14.936767818585126
Ladakh,2021,4,Others,2438,2847620.2425241945,14.861994551983228
Ladakh,2022,1,Peer-to-peer payments,343041,1685241980.664183,21.24517499973616
Ladakh,2022,1,Merchant payments,167100,279354508.988595,19.447992178319726
Ladakh,2022,1,Recharge & bill payments,116486,56203999.28920926,17.844498491854075
Ladakh,2022,1,Financial Services,1247,2023327.6779848374,14.520254573533707
Ladakh,2022,1,Others,2141,2217102.222236882,14.611712046935828
Ladakh,2022,2,Peer-to-peer payments,608870,2941624382.277109,21.802227777037565
Ladakh,2022,2,Merchant payments,346146,508439376.68091977,20.04685654841257
Ladakh,2022,2,Recharge & bill payments,158996,88531677.99442025,18.298871000666857
Ladakh,2022,2,Financial Services,1585,2487560.1853386,14.726813344833426
Ladakh,2022,2,Others,2476,2235180.8584825676,14.61983315116815
Ladakh,2022,3,Peer-to-peer payments,659896,2955729492.4985514,21.807011324849903
Ladakh,2022,3,Merchant payments,367022,551472983.879604,20.12810341065224
Ladakh,2022,3,Recharge & bill payments,160269,94288872.34747365,18.361873748568623
Ladakh,2022,3,Financial Services,1555,1815866.8961950848,14.412074091111409
Ladakh,2022,3,Others,2116,1892134.7520804727,14.453216776591086
Ladakh,2022,4,Peer-to-peer payments,559259,2350047971.603546,21.577701578767968
Ladakh,2022,4,Merchant payments,382456,462189599.28430265,19.95148575508474
Ladakh,2022,4,Recharge & bill payments,138793,79767790.98577228,18.194630371747074
Ladakh,2022,4,Financial Services,1248,1198715.2123450316,13.996761719043274
Ladakh,2022,4,Others,1616,1273495.592982805,14.05727689808029
Ladakh,2023,1,Peer-to-peer payments,796687,3112641857.0,21.858737674566115
Ladakh,2023,1,Merchant payments,561734,601420766.0,20.214805359016633
Ladakh,2023,1,Recharge & bill payments,204592,129440564.0,18.678732376221667
Ladakh,2023,1,Financial Services,1610,3389191.0,15.036102102864618
Ladakh,2023,1,Others,2623,2128920.0,14.57112583656432
Ladakh,2023,2,Peer-to-peer payments,1479909,5891146705.0,22.496716502587862
Ladakh,2023,2,Merchant payments,1121362,1074373616.0,20.795003646840524
Ladakh,2023,2,Recharge & bill payments,337017,218229701.0,19.20105874492247
Ladakh,2023,2,Financial Services,1885,4432032.0,15.304368953229911
Ladakh,2023,2,Others,3642,2921832.0,14.887721717024327
Ladakh,2023,3,Peer-to-peer payments,1781959,6563524375.0,22.604793548073012
Ladakh,2023,3,Merchant payments,1429581,1424016428.0,21.076747187088742
Ladakh,2023,3,Recharge & bill payments,402319,245485697.0,19.31874924688272
Ladakh,2023,3,Financial Services,3579,14887998.0,16.516066010136033
Ladakh,2023,3,Others,3928,2657745.0,14.792988953117266
Ladakh,2023,4,Peer-to-peer payments,1435341,5438596932.0,22.416786947820082
Ladakh,2023,4,Merchant payments,1375598,1254754525.0,20.95020579358586
Ladakh,2023,4,Recharge & bill payments,332620,236148603.0,19.279971842791998
Ladakh,2023,4,Financial Services,3065,11423623.0,16.251194049854586
Ladakh,2023,4,Others,3594,2063262.0,14.539799268174207
Ladakh,2024,1,Merchant payments,1428526,1281667292.0,20.971427639922396
Ladakh,2024,1,Peer-to-peer payments,1254570,4577031986.0,22.24431658723234
Ladakh,2024,1,Recharge & bill payments,298740,214700854.0,19.184756245141966
Ladakh,2024,1,Financial Services,3182,10455927.0,16.162679648264017
Ladakh,2024,1,Others,2083,1534602.0,14.243782273630607
Ladakh,2024,2,Merchant payments,2761232,2170015196.0,21.498000007700064
Ladakh,2024,2,Peer-to-peer payments,2149877,7634966556.0,22.756004395384753
Ladakh,2024,2,Recharge & bill payments,406967,297269115.0,19.510148400971183
Ladakh,2024,2,Financial Services,6138,20236628.0,16.823004837128916
Ladakh,2024,2,Others,3145,3235853.0,14.989803438713773
Ladakh,2024,3,Merchant payments,3611810,2756672878.0,21.73729031087847
Ladakh,2024,3,Peer-to-peer payments,2736391,9505200187.0,22.975104874001154
Ladakh,2024,3,Recharge & bill payments,552948,365822129.0,19.717657789630778
Ladakh,2024,3,Financial Services,9965,22212555.0,16.916168272544848
Ladakh,2024,3,Others,2771,2963963.0,14.902038119575366
Ladakh,2024,4,Merchant payments,3102085,2456167697.0,21.621868125844895
Ladakh,2024,4,Peer-to-peer payments,2154011,8079768687.0,22.812629081346863
Ladakh,2024,4,Recharge & bill payments,439533,298305142.0,19.51362749036887
Ladakh,2024,4,Financial Services,14100,18009192.0,16.706392907708455
Ladakh,2024,4,Others,1555,2166936.0,14.588825207645492
Lakshadweep,2018,1,Peer-to-peer payments,423,1860278.2784597143,14.436237184127569
Lakshadweep,2018,1,Recharge & bill payments,342,61432.04938505074,11.025703232923519
Lakshadweep,2018,1,Merchant payments,5,590.7505138175776,6.383085116695495
Lakshadweep,2018,1,Others,8,6310.102519157715,8.75006566597103
Lakshadweep,2018,2,Peer-to-peer payments,1315,5757123.079919379,15.565948616303814
Lakshadweep,2018,2,Recharge & bill payments,750,353202.7988510042,12.774800503177897
Lakshadweep,2018,2,Merchant payments,42,64568.47789279556,11.075497099677888
Lakshadweep,2018,2,Financial Services,6,9134.413223158994,9.119913702946006
Lakshadweep,2018,2,Others,19,3780.7695141997474,8.237947304526767
Lakshadweep,2018,3,Peer-to-peer payments,841,3926048.74488305,15.18314432436564
Lakshadweep,2018,3,Recharge & bill payments,760,300978.32420203416,12.61479685101303
Lakshadweep,2018,3,Merchant payments,87,94046.43333034206,11.451554543876636
Lakshadweep,2018,3,Others,15,17958.809570422687,9.795891738816833
Lakshadweep,2018,4,Recharge & bill payments,792,351201.0879000404,12.7691170857711
Lakshadweep,2018,4,Peer-to-peer payments,689,3841230.430870924,15.161303558278062
Lakshadweep,2018,4,Merchant payments,144,262079.85573632165,12.476408344813679
Lakshadweep,2018,4,Financial Services,6,389.8932323919954,5.968434459760821
Lakshadweep,2018,4,Others,11,8312.430483153179,9.025627616522478
Lakshadweep,2019,1,Peer-to-peer payments,1183,8221402.368536929,15.922251478559703
Lakshadweep,2019,1,Recharge & bill payments,1173,353870.52398354514,12.77668919964196
Lakshadweep,2019,1,Merchant payments,113,183062.1455975621,12.117586430214944
Lakshadweep,2019,1,Others,12,27795.441220958,10.23266327784968
Lakshadweep,2019,2,Recharge & bill payments,1448,436735.1684614296,12.9870845582594
Lakshadweep,2019,2,Peer-to-peer payments,1318,8602732.117788196,15.967590515128594
Lakshadweep,2019,2,Merchant payments,137,190716.5411561734,12.158548770348231
Lakshadweep,2019,2,Others,23,12340.30958308919,9.42070741687626
Lakshadweep,2019,3,Recharge & bill payments,1528,503049.2411913635,13.128445327178115
Lakshadweep,2019,3,Peer-to-peer payments,1455,8923273.862948446,16.0041735742797
Lakshadweep,2019,3,Merchant payments,111,215159.68119447335,12.27914038237247
Lakshadweep,2019,3,Others,10,10278.678434187355,9.237924257798829
Lakshadweep,2019,4,Recharge & bill payments,1801,618155.9004644766,13.334497588463401
Lakshadweep,2019,4,Peer-to-peer payments,1753,10383413.246670496,16.155720307116006
Lakshadweep,2019,4,Merchant payments,188,211413.62244321496,12.261576519577803
Lakshadweep,2019,4,Financial Services,2,34.39721181625656,3.56663305478518
Lakshadweep,2019,4,Others,21,56896.23813384895,10.949002079988196
Lakshadweep,2020,1,Recharge & bill payments,2684,789255.2646123999,13.57884634381338
Lakshadweep,2020,1,Peer-to-peer payments,2068,12463327.261836832,16.33830115137177
Lakshadweep,2020,1,Merchant payments,387,216594.03077193064,12.285784671328011
Lakshadweep,2020,1,Others,12,33192.017283045374,10.4100948099838
Lakshadweep,2020,2,Recharge & bill payments,4497,1061694.138574572,13.875377376084307
Lakshadweep,2020,2,Peer-to-peer payments,2176,14718605.188911092,16.504622978528467
Lakshadweep,2020,2,Merchant payments,472,971609.4583537823,13.786710240105107
Lakshadweep,2020,2,Financial Services,60,158593.59701229632,11.974106520845325
Lakshadweep,2020,2,Others,15,32419.703092655054,10.386552482058056
Lakshadweep,2020,3,Recharge & bill payments,4696,1186947.553816269,13.986896331301462
Lakshadweep,2020,3,Peer-to-peer payments,2946,19189391.618742835,16.769868216557647
Lakshadweep,2020,3,Merchant payments,903,842981.169451366,13.644701085457058
Lakshadweep,2020,3,Financial Services,27,45457.50970027798,10.724555314209205
Lakshadweep,2020,3,Others,17,42055.45694608544,10.646768207622051
Lakshadweep,2020,4,Recharge & bill payments,5187,1499298.1127799235,14.220508298726616
Lakshadweep,2020,4,Peer-to-peer payments,4741,27284123.245665,17.12181556153853
Lakshadweep,2020,4,Merchant payments,1668,1227101.6378793938,14.020166369648086
Lakshadweep,2020,4,Financial Services,22,13968.7539965527,9.544649842686704
Lakshadweep,2020,4,Others,32,86826.16675951776,11.37167483278051
Lakshadweep,2021,1,Peer-to-peer payments,3942,24823715.017422147,17.027310045205333
Lakshadweep,2021,1,Recharge & bill payments,3541,1070209.4218526704,13.88336584304092
Lakshadweep,2021,1,Merchant payments,1537,1040213.7953898906,13.85493778382108
Lakshadweep,2021,1,Financial Services,19,15929.095105497145,9.675965373099528
Lakshadweep,2021,1,Others,46,92715.5843109472,11.437302638583422
Lakshadweep,2021,2,Recharge & bill payments,5499,1745295.828077295,14.372435201202977
Lakshadweep,2021,2,Peer-to-peer payments,4069,23996417.49366483,16.993415147745768
Lakshadweep,2021,2,Merchant payments,1743,1525331.9146529401,14.2377232488891
Lakshadweep,2021,2,Financial Services,29,15052.018496008179,9.619333814585463
Lakshadweep,2021,2,Others,44,101366.40306045809,11.526506849625264
Lakshadweep,2021,3,Peer-to-peer payments,5687,34142107.520169854,17.346042034412594
Lakshadweep,2021,3,Recharge & bill payments,5153,1700287.4734963956,14.346308484922673
Lakshadweep,2021,3,Merchant payments,2450,2750367.063028222,14.827245301788004
Lakshadweep,2021,3,Financial Services,48,137227.35390598275,11.829401634044777
Lakshadweep,2021,3,Others,32,73174.28816768769,11.200613049614343
Lakshadweep,2021,4,Peer-to-peer payments,7154,44696668.86120765,17.615409557059284
Lakshadweep,2021,4,Recharge & bill payments,5355,2093901.2918026838,14.554540008293722
Lakshadweep,2021,4,Merchant payments,2872,4071239.087436496,15.219458200798108
Lakshadweep,2021,4,Financial Services,27,19994.541946360278,9.903264625007647
Lakshadweep,2021,4,Others,62,116381.74598782149,11.664639572947095
Lakshadweep,2022,1,Peer-to-peer payments,7913,48590864.56835763,17.698946119937307
Lakshadweep,2022,1,Recharge & bill payments,5334,2322580.1695599537,14.658189698277916
Lakshadweep,2022,1,Merchant payments,3048,3838358.3586293925,15.160555582909542
Lakshadweep,2022,1,Financial Services,39,38274.22628876488,10.552558132690377
Lakshadweep,2022,1,Others,63,149355.3310943247,11.91409021373557
Lakshadweep,2022,2,Peer-to-peer payments,8491,48451728.04746901,17.69607858291854
Lakshadweep,2022,2,Recharge & bill payments,5366,2386144.714677198,14.68518995046981
Lakshadweep,2022,2,Merchant payments,3602,4895657.060086848,15.40385926006679
Lakshadweep,2022,2,Financial Services,59,87127.8249489804,11.3751430489526
Lakshadweep,2022,2,Others,51,108944.34272364664,11.59860159254442
Lakshadweep,2022,3,Peer-to-peer payments,7533,40029003.82575238,17.505114869949065
Lakshadweep,2022,3,Recharge & bill payments,4441,1936538.3067545425,14.47641307556443
Lakshadweep,2022,3,Merchant payments,3142,5469200.646094429,15.514643212392377
Lakshadweep,2022,3,Financial Services,64,63629.88416689246,11.060854231571009
Lakshadweep,2022,3,Others,61,81636.9547320153,11.31004956433186
Lakshadweep,2022,4,Peer-to-peer payments,8686,47450386.0033243,17.675195239010645
Lakshadweep,2022,4,Recharge & bill payments,4557,2024739.1542023947,14.520951931376803
Lakshadweep,2022,4,Merchant payments,3819,5250991.002376802,15.473927569552146
Lakshadweep,2022,4,Financial Services,35,26453.0247779254,10.183163591227476
Lakshadweep,2022,4,Others,50,61304.43025482374,11.023623702908294
Lakshadweep,2023,1,Peer-to-peer payments,14918,73202195.0,18.108735978481548
Lakshadweep,2023,1,Recharge & bill payments,8287,3929048.0,15.18390796982959
Lakshadweep,2023,1,Merchant payments,6123,7988014.0,15.893452851332805
Lakshadweep,2023,1,Financial Services,153,160430.0,11.98561922257384
Lakshadweep,2023,1,Others,39,42274.0,10.651951173766781
Lakshadweep,2023,2,Peer-to-peer payments,16924,80630344.0,18.205385625456465
Lakshadweep,2023,2,Merchant payments,9524,12585603.0,16.34806417904312
Lakshadweep,2023,2,Recharge & bill payments,8287,4632264.0,15.348556507306615
Lakshadweep,2023,2,Financial Services,105,52460.0,10.867825315381769
Lakshadweep,2023,2,Others,78,86767.0,11.370993169080842
Lakshadweep,2023,3,Peer-to-peer payments,20220,77301147.0,18.16321936467635
Lakshadweep,2023,3,Merchant payments,14902,12027729.0,16.30272537521639
Lakshadweep,2023,3,Recharge & bill payments,8577,5093309.0,15.443438471872213
Lakshadweep,2023,3,Financial Services,16,12540.0,9.43675855582405
Lakshadweep,2023,3,Others,42,92336.0,11.433200206904234
Lakshadweep,2023,4,Merchant payments,27931,20455699.0,16.833772130221842
Lakshadweep,2023,4,Peer-to-peer payments,25886,93623472.0,18.354791689922322
Lakshadweep,2023,4,Recharge & bill payments,9527,5537222.0,15.527003669510995
Lakshadweep,2023,4,Financial Services,79,102991.0,11.542406594292396
Lakshadweep,2023,4,Others,56,111999.0,11.626254150277232
Lakshadweep,2024,1,Merchant payments,42704,26729830.0,17.101290765611015
Lakshadweep,2024,1,Peer-to-peer payments,28805,96802351.0,18.388181849472286
Lakshadweep,2024,1,Recharge & bill payments,9584,6450723.0,15.679702930534628
Lakshadweep,2024,1,Financial Services,36,19372.0,9.871635623086945
Lakshadweep,2024,1,Others,47,50105.0,10.821896040381285
Lakshadweep,2024,2,Merchant payments,68346,33965752.0,17.34086331024255
Lakshadweep,2024,2,Peer-to-peer payments,30929,105941312.0,18.47839584781167
Lakshadweep,2024,2,Recharge & bill payments,9704,6200429.0,15.640129202449094
Lakshadweep,2024,2,Financial Services,59,46549.0,10.748282282705214
Lakshadweep,2024,2,Others,47,58799.0,10.981897133886719
Lakshadweep,2024,3,Merchant payments,100441,45937079.0,17.64278319203839
Lakshadweep,2024,3,Peer-to-peer payments,44556,138863144.0,18.748999437743855
Lakshadweep,2024,3,Recharge & bill payments,12305,7418004.0,15.819420711067574
Lakshadweep,2024,3,Financial Services,130,159127.0,11.977464188784896
Lakshadweep,2024,3,Others,46,30733.0,10.333124812615278
Lakshadweep,2024,4,Merchant payments,129497,57962618.0,17.875308860731288
Lakshadweep,2024,4,Peer-to-peer payments,54568,181385170.0,19.016133344784507
Lakshadweep,2024,4,Recharge & bill payments,13089,7577602.0,15.840707480695352
Lakshadweep,2024,4,Financial Services,603,819138.0,13.616009067604256
Lakshadweep,2024,4,Others,20,12153.0,9.4054136126953
Madhya Pradesh,2018,1,Recharge & bill payments,4404190,667057311.4560372,20.31838652590969
Madhya Pradesh,2018,1,Peer-to-peer payments,2848290,7590790588.551903,22.750201584925765
Madhya Pradesh,2018,1,Financial Services,230519,43374288.98373023,17.585377426846144
Madhya Pradesh,2018,1,Merchant payments,196394,170119673.71275404,18.95201271624321
Madhya Pradesh,2018,1,Others,346002,210261540.7414958,19.163862750632855
Madhya Pradesh,2018,2,Recharge & bill payments,5324535,1132090445.8903365,20.847331713615365
Madhya Pradesh,2018,2,Peer-to-peer payments,4269392,14155603482.492638,23.373376388546557
Madhya Pradesh,2018,2,Merchant payments,397135,339308203.1707404,19.642419409157803
Madhya Pradesh,2018,2,Financial Services,305553,53860331.805742756,17.801904824417807
Madhya Pradesh,2018,2,Others,264797,243218603.31985626,19.309471203156185
Madhya Pradesh,2018,3,Peer-to-peer payments,9988509,22057686208.544342,23.816926959030763
Madhya Pradesh,2018,3,Recharge & bill payments,5733261,1367773856.6756551,21.036450333765153
Madhya Pradesh,2018,3,Merchant payments,784995,465390819.59013355,19.958388084938196
Madhya Pradesh,2018,3,Financial Services,359440,46120458.63885434,17.646767219465826
Madhya Pradesh,2018,3,Others,260780,212770861.22341695,19.175726380414755
Madhya Pradesh,2018,4,Peer-to-peer payments,11456555,30897348664.90544,24.15393621347638
Madhya Pradesh,2018,4,Recharge & bill payments,7273502,1669345516.941368,21.235697481135745
Madhya Pradesh,2018,4,Merchant payments,2056426,1036249753.9278035,20.758874027914647
Madhya Pradesh,2018,4,Financial Services,313540,43367243.154430926,17.585214971123293
Madhya Pradesh,2018,4,Others,297532,259296894.03827757,19.37348427603796
Madhya Pradesh,2019,1,Peer-to-peer payments,23708825,44114206183.09186,24.51004770321834
Madhya Pradesh,2019,1,Recharge & bill payments,9966905,2423593841.716142,21.608517334479043
Madhya Pradesh,2019,1,Merchant payments,3018928,1263699222.3501081,20.95730914814465
Madhya Pradesh,2019,1,Financial Services,290838,28901169.292499043,17.179392646812918
Madhya Pradesh,2019,1,Others,315553,239879105.5972368,19.295645631883946
Madhya Pradesh,2019,2,Peer-to-peer payments,20868744,61758841793.87666,24.84650298916579
Madhya Pradesh,2019,2,Recharge & bill payments,12044969,3571897178.303101,21.99636271435686
Madhya Pradesh,2019,2,Merchant payments,7331352,2671155681.449155,21.705777055579013
Madhya Pradesh,2019,2,Financial Services,149197,18869661.513485767,16.753066032366874
Madhya Pradesh,2019,2,Others,451751,313802065.4154737,19.564272983376878
Madhya Pradesh,2019,3,Peer-to-peer payments,22631038,67648107703.0357,24.93758521931738
Madhya Pradesh,2019,3,Merchant payments,17163551,5147459307.101742,22.36176909165804
Madhya Pradesh,2019,3,Recharge & bill payments,13156616,4576521609.460834,22.244205072827743
Madhya Pradesh,2019,3,Financial Services,192821,25654168.60092132,17.060216673910798
Madhya Pradesh,2019,3,Others,466385,278578703.0441117,19.445211177207135
Madhya Pradesh,2019,4,Peer-to-peer payments,32083162,92064471161.9892,25.2457549420791
Madhya Pradesh,2019,4,Merchant payments,19447707,7304157801.612935,22.711709584963653
Madhya Pradesh,2019,4,Recharge & bill payments,16081734,5104821720.999016,22.35345136571995
Madhya Pradesh,2019,4,Financial Services,127116,24020060.932133198,16.994399952969708
Madhya Pradesh,2019,4,Others,392270,190456045.32494444,19.064931997956194
Madhya Pradesh,2020,1,Peer-to-peer payments,34540722,110325991607.38477,25.42670538012766
Madhya Pradesh,2020,1,Merchant payments,24618074,9898242848.25793,23.0156230883598
Madhya Pradesh,2020,1,Recharge & bill payments,19788516,6311610609.846225,22.5656567282902
Madhya Pradesh,2020,1,Financial Services,68055,30645714.401902914,17.238003419446024
Madhya Pradesh,2020,1,Others,351379,170790656.30339786,18.955949138193848
Madhya Pradesh,2020,2,Peer-to-peer payments,34860958,128184693854.7977,25.57673798160462
Madhya Pradesh,2020,2,Recharge & bill payments,27497528,8904067957.01212,22.90977408319198
Madhya Pradesh,2020,2,Merchant payments,13685723,10666223053.634727,23.090347861585204
Madhya Pradesh,2020,2,Financial Services,80988,62073621.44351514,17.94383169730421
Madhya Pradesh,2020,2,Others,215376,104956802.17437972,18.469059425135043
Madhya Pradesh,2020,3,Peer-to-peer payments,50871564,174978985034.2865,25.887931718146433
Madhya Pradesh,2020,3,Merchant payments,31879804,20621273981.65966,23.749589097460806
Madhya Pradesh,2020,3,Recharge & bill payments,25380467,9834190567.205517,23.00913098425211
Madhya Pradesh,2020,3,Financial Services,131725,122971108.07060198,18.627460000141884
Madhya Pradesh,2020,3,Others,316321,144259293.31583393,18.78712289327568
Madhya Pradesh,2020,4,Peer-to-peer payments,67972167,235584201864.22342,26.185334231574135
Madhya Pradesh,2020,4,Merchant payments,57707471,37315576877.14569,24.34267668709526
Madhya Pradesh,2020,4,Recharge & bill payments,27335834,10977774483.325565,23.11913856435314
Madhya Pradesh,2020,4,Financial Services,149532,132590450.07074244,18.702775620081816
Madhya Pradesh,2020,4,Others,487537,264996097.6059612,19.395225661600467
Madhya Pradesh,2021,1,Merchant payments,84812245,50098244499.50662,24.63725180451327
Madhya Pradesh,2021,1,Peer-to-peer payments,84070625,279938170703.8171,26.357834596820208
Madhya Pradesh,2021,1,Recharge & bill payments,32500681,13060914041.039404,23.292889946250664
Madhya Pradesh,2021,1,Financial Services,169378,161838389.7954778,18.902108807592654
Madhya Pradesh,2021,1,Others,445569,274786748.1299523,19.431505897098724
Madhya Pradesh,2021,2,Peer-to-peer payments,99367521,348935762191.10486,26.578153679720455
Madhya Pradesh,2021,2,Merchant payments,77113464,58839392449.9937,24.79807740718436
Madhya Pradesh,2021,2,Recharge & bill payments,46118636,17230546398.848663,23.569949599104653
Madhya Pradesh,2021,2,Financial Services,188726,177313389.66602695,18.993429293663638
Madhya Pradesh,2021,2,Others,526333,317753606.01156956,19.5767868196974
Madhya Pradesh,2021,3,Merchant payments,138433772,85885669792.43228,25.176282827729242
Madhya Pradesh,2021,3,Peer-to-peer payments,127654821,398912712886.4574,26.7120084652107
Madhya Pradesh,2021,3,Recharge & bill payments,44437315,19025346050.627724,23.669037929839
Madhya Pradesh,2021,3,Financial Services,174454,180366422.58245987,19.01050102622149
Madhya Pradesh,2021,3,Others,742972,408508699.4365407,19.828023770535786
Madhya Pradesh,2021,4,Merchant payments,197193842,126461098235.02324,25.563200573992933
Madhya Pradesh,2021,4,Peer-to-peer payments,159649020,507118521843.3588,26.95201058411361
Madhya Pradesh,2021,4,Recharge & bill payments,46220966,22492766779.156635,23.836459618034677
Madhya Pradesh,2021,4,Financial Services,247925,246488171.37792647,19.322824568056184
Madhya Pradesh,2021,4,Others,996331,568617375.5894115,20.158718317019197
Madhya Pradesh,2022,1,Merchant payments,237691924,143310226696.7226,25.688277534884673
Madhya Pradesh,2022,1,Peer-to-peer payments,185008444,578201697703.7521,27.08318860271382
Madhya Pradesh,2022,1,Recharge & bill payments,48870314,25437774564.26215,23.95950109381135
Madhya Pradesh,2022,1,Financial Services,222923,219927120.15944034,19.20880678197836
Madhya Pradesh,2022,1,Others,909453,495513514.75128734,20.02110518835784
Madhya Pradesh,2022,2,Merchant payments,287616385,174183397721.35938,25.883374590981127
Madhya Pradesh,2022,2,Peer-to-peer payments,202093283,663180522499.3412,27.220313071368096
Madhya Pradesh,2022,2,Recharge & bill payments,54318983,29125694281.81933,24.09488658658487
Madhya Pradesh,2022,2,Financial Services,157672,153944499.74490312,18.85210271065035
Madhya Pradesh,2022,2,Others,713506,381178326.32090586,19.758777874300446
Madhya Pradesh,2022,3,Merchant payments,391105651,212445928287.3991,26.081953337818273
Madhya Pradesh,2022,3,Peer-to-peer payments,267013695,780650402034.3962,27.383393257934635
Madhya Pradesh,2022,3,Recharge & bill payments,72148870,39132574047.51802,24.39022105297601
Madhya Pradesh,2022,3,Financial Services,240678,236981163.63162854,19.28349122181302
Madhya Pradesh,2022,3,Others,750665,442608716.71893203,19.90819668199577
Madhya Pradesh,2022,4,Merchant payments,492999084,272801597092.4764,26.332010617346807
Madhya Pradesh,2022,4,Peer-to-peer payments,325467851,984255199293.6544,27.61515104925024
Madhya Pradesh,2022,4,Recharge & bill payments,79289399,45143248068.81734,24.53310656121495
Madhya Pradesh,2022,4,Financial Services,286931,278304972.64702964,19.444228097867253
Madhya Pradesh,2022,4,Others,785003,521508120.7286146,20.072235406068327
Madhya Pradesh,2023,1,Merchant payments,404378350,208281637594.0,26.062157027678992
Madhya Pradesh,2023,1,Peer-to-peer payments,263524301,809388762719.0,27.419545185822564
Madhya Pradesh,2023,1,Recharge & bill payments,65818962,43725957842.0,24.501207763683183
Madhya Pradesh,2023,1,Financial Services,226835,236606773.0,19.281910139698883
Madhya Pradesh,2023,1,Others,618522,393634973.0,19.790934575902167
Madhya Pradesh,2023,2,Merchant payments,479498828,236960764220.0,26.1911604125662
Madhya Pradesh,2023,2,Peer-to-peer payments,294125925,916102516476.0,27.54339411290955
Madhya Pradesh,2023,2,Recharge & bill payments,73584106,48712706741.0,24.609205751728485
Madhya Pradesh,2023,2,Financial Services,248905,289207465.0,19.482654863959915
Madhya Pradesh,2023,2,Others,579296,375754606.0,19.744446847333904
Madhya Pradesh,2023,3,Merchant payments,567760229,255858070965.0,26.2678887173947
Madhya Pradesh,2023,3,Peer-to-peer payments,333209928,929775417818.0,27.55820890771509
Madhya Pradesh,2023,3,Recharge & bill payments,76997837,51434802126.0,24.66358086447233
Madhya Pradesh,2023,3,Financial Services,318662,408838885.0,19.828831714639126
Madhya Pradesh,2023,3,Others,525937,344868455.0,19.65867361533076
Madhya Pradesh,2023,4,Merchant payments,648920525,304240605817.0,26.441084691814762
Madhya Pradesh,2023,4,Peer-to-peer payments,373769167,1063381622538.0,27.69247515607213
Madhya Pradesh,2023,4,Recharge & bill payments,78674422,58049633385.0,24.78456422958372
Madhya Pradesh,2023,4,Financial Services,394962,494411136.0,20.01887799014854
Madhya Pradesh,2023,4,Others,535537,336607811.0,19.634429048007814
Madhya Pradesh,2024,1,Merchant payments,760567063,350364865596.0,26.58224092156638
Madhya Pradesh,2024,1,Peer-to-peer payments,434322438,1209747808360.0,27.82143303097199
Madhya Pradesh,2024,1,Recharge & bill payments,90377724,64385288241.0,24.888151000512334
Madhya Pradesh,2024,1,Financial Services,392922,591281376.0,20.197802565284086
Madhya Pradesh,2024,1,Others,496467,330986291.0,19.617587518586475
Madhya Pradesh,2024,2,Merchant payments,876486253,396252287691.0,26.70531693547644
Madhya Pradesh,2024,2,Peer-to-peer payments,462570675,1314542897421.0,27.90451011460593
Madhya Pradesh,2024,2,Recharge & bill payments,95424865,67725929808.0,24.938734954007526
Madhya Pradesh,2024,2,Financial Services,480050,758501127.0,20.446854843897437
Madhya Pradesh,2024,2,Others,510214,400330580.0,19.807801216248436
Madhya Pradesh,2024,3,Merchant payments,948087778,409029113947.0,26.73705217370275
Madhya Pradesh,2024,3,Peer-to-peer payments,497526836,1279502846189.0,27.877492716998646
Madhya Pradesh,2024,3,Recharge & bill payments,91085397,71189674865.0,24.98861362892155
Madhya Pradesh,2024,3,Financial Services,607134,979041970.0,20.70208507087308
Madhya Pradesh,2024,3,Others,431312,381789560.0,19.76038012734206
Madhya Pradesh,2024,4,Merchant payments,1049208528,472351463536.0,26.880989171573184
Madhya Pradesh,2024,4,Peer-to-peer payments,545405608,1455644524190.0,28.00646989042147
Madhya Pradesh,2024,4,Recharge & bill payments,88543631,73837534565.0,25.025133037715765
Madhya Pradesh,2024,4,Financial Services,1823754,1042853205.0,20.765226260969825
Madhya Pradesh,2024,4,Others,420314,428693349.0,19.87625241943483
Maharashtra,2018,1,Recharge & bill payments,9670237,2283567431.223535,21.549004720358504
Maharashtra,2018,1,Peer-to-peer payments,5227770,18283896464.750908,23.629286534839764
Maharashtra,2018,1,Merchant payments,616779,576964070.7366859,20.173290555179584
Maharashtra,2018,1,Financial Services,235051,60997258.060299724,17.92633948769034
Maharashtra,2018,1,Others,637197,506188032.9539564,20.04241876682702
Maharashtra,2018,2,Recharge & bill payments,12384216,3725800358.6814823,22.03854752735793
Maharashtra,2018,2,Peer-to-peer payments,7772336,30782831245.6586,24.15022294444918
Maharashtra,2018,2,Merchant payments,1306326,1226121649.4989598,20.927121895067234
Maharashtra,2018,2,Financial Services,262875,85545909.43528841,18.264563753948742
Maharashtra,2018,2,Others,559987,536758077.84638786,20.101058046023752
Maharashtra,2018,3,Recharge & bill payments,14371791,4547486090.186737,22.23784040978931
Maharashtra,2018,3,Peer-to-peer payments,13470065,45466534003.980484,24.540242375904384
Maharashtra,2018,3,Merchant payments,2797204,1702220875.4343855,21.255199633315893
Maharashtra,2018,3,Financial Services,234598,52348968.006728604,17.773442800850564
Maharashtra,2018,3,Others,664880,492227795.6386977,20.01445216860272
Maharashtra,2018,4,Peer-to-peer payments,20824667,68974011019.10294,24.956995618709968
Maharashtra,2018,4,Recharge & bill payments,18071025,5860865070.470685,22.491563052757975
Maharashtra,2018,4,Merchant payments,6047705,3985195742.2480145,22.10585226799429
Maharashtra,2018,4,Financial Services,325121,77345546.53012432,18.163793570690803
Maharashtra,2018,4,Others,821705,621519669.4818641,20.247678118425235
Maharashtra,2019,1,Peer-to-peer payments,37360716,97373087988.08871,25.30181570540245
Maharashtra,2019,1,Recharge & bill payments,24540041,8256500586.651282,22.834266677041697
Maharashtra,2019,1,Merchant payments,12069119,5172594695.5318,22.366640275107407
Maharashtra,2019,1,Financial Services,287569,49487746.20873056,17.717235665761272
Maharashtra,2019,1,Others,821624,569019903.8604956,20.159425973658877
Maharashtra,2019,2,Peer-to-peer payments,42546317,130558153687.9542,25.595084586586683
Maharashtra,2019,2,Recharge & bill payments,29395661,12197234771.434273,23.224475104997627
Maharashtra,2019,2,Merchant payments,27854042,9728561726.767143,22.99833190390025
Maharashtra,2019,2,Financial Services,182840,45291636.10507481,17.628632962043483
Maharashtra,2019,2,Others,1170993,765228265.7976472,20.455684735252753
Maharashtra,2019,3,Peer-to-peer payments,57991699,165731686168.5575,25.833635969226435
Maharashtra,2019,3,Merchant payments,54683738,17545729507.395977,23.588076424393112
Maharashtra,2019,3,Recharge & bill payments,34309301,15471698543.739597,23.462278291544294
Maharashtra,2019,3,Financial Services,231467,54108447.39407451,17.806500894176818
Maharashtra,2019,3,Others,1519376,814284077.8637518,20.51781985431665
Maharashtra,2019,4,Merchant payments,80127804,27209874138.487556,24.026845764206705
Maharashtra,2019,4,Peer-to-peer payments,78795871,227268054757.21698,26.149396015729145
Maharashtra,2019,4,Recharge & bill payments,40705998,17794666215.044445,23.602164598556165
Maharashtra,2019,4,Financial Services,129755,49622863.824426055,17.719962269837936
Maharashtra,2019,4,Others,1501192,672210824.9770112,20.326082578417186
Maharashtra,2020,1,Merchant payments,100337738,35200130304.82776,24.284315621413718
Maharashtra,2020,1,Peer-to-peer payments,87067410,262541205695.8384,26.29367388074214
Maharashtra,2020,1,Recharge & bill payments,50199498,21603565070.425602,23.796124187620382
Maharashtra,2020,1,Financial Services,123476,91363684.1276232,18.330358639394117
Maharashtra,2020,1,Others,1215959,558931962.876125,20.14153831329368
Maharashtra,2020,2,Peer-to-peer payments,74295930,239933338682.6934,26.203626966222593
Maharashtra,2020,2,Recharge & bill payments,60856480,23112343247.416145,23.86363265152378
Maharashtra,2020,2,Merchant payments,48965388,32859184582.219048,24.215497134372992
Maharashtra,2020,2,Financial Services,206461,211733275.7829895,19.170837912146197
Maharashtra,2020,2,Others,466502,242917371.3033281,19.308231911807397
Maharashtra,2020,3,Peer-to-peer payments,108436214,351555554813.2122,26.585633586388983
Maharashtra,2020,3,Merchant payments,100808237,60171102123.94888,24.820458042862324
Maharashtra,2020,3,Recharge & bill payments,58082283,27915727882.59293,24.052456090367638
Maharashtra,2020,3,Financial Services,325453,333669599.61883616,19.62566184163617
Maharashtra,2020,3,Others,658737,331024593.0721529,19.617703232913843
Maharashtra,2020,4,Merchant payments,189845640,103804638603.74611,25.36577649458672
Maharashtra,2020,4,Peer-to-peer payments,151741840,485747881733.823,26.90895556438091
Maharashtra,2020,4,Recharge & bill payments,64556682,31556917821.77767,24.175058667279718
Maharashtra,2020,4,Financial Services,398409,418399992.5395771,19.851948455274204
Maharashtra,2020,4,Others,1078433,627692680.4078207,20.25756124384082
Maharashtra,2021,1,Merchant payments,253043309,129493046208.15726,25.586893019417673
Maharashtra,2021,1,Peer-to-peer payments,187021609,599213284361.7993,27.11888343906855
Maharashtra,2021,1,Recharge & bill payments,76389103,40057211827.15962,24.413574564865733
Maharashtra,2021,1,Financial Services,439551,492900202.68315214,20.01581728490975
Maharashtra,2021,1,Others,966668,630909553.4508264,20.262673073386814
Maharashtra,2021,2,Merchant payments,247194293,150864465217.02304,25.739647689356403
Maharashtra,2021,2,Peer-to-peer payments,228551961,719859665693.5271,27.30232212120173
Maharashtra,2021,2,Recharge & bill payments,96271138,43154405548.44597,24.48805034774494
Maharashtra,2021,2,Financial Services,504252,536780917.0359157,20.101100595366805
Maharashtra,2021,2,Others,1094842,699738247.6695637,20.366216892606197
Maharashtra,2021,3,Merchant payments,390051884,216701984638.98932,26.101788903914663
Maharashtra,2021,3,Peer-to-peer payments,296951706,890860873379.5576,27.51545410562637
Maharashtra,2021,3,Recharge & bill payments,103943973,50242023586.056046,24.64011763669998
Maharashtra,2021,3,Financial Services,448646,579098938.658318,20.176983901177795
Maharashtra,2021,3,Others,1477851,873324624.1826177,20.587817894836654
Maharashtra,2021,4,Merchant payments,540351277,305512280091.4157,26.445255811452046
Maharashtra,2021,4,Peer-to-peer payments,361865450,1109862480618.2227,27.73525723224359
Maharashtra,2021,4,Recharge & bill payments,105990417,58087950922.43887,24.78522409415826
Maharashtra,2021,4,Financial Services,606265,707102765.3058928,20.376686568751644
Maharashtra,2021,4,Others,1918093,1188658731.1175365,20.896091392529446
Maharashtra,2022,1,Merchant payments,646277671,340240479374.36835,26.55291849682381
Maharashtra,2022,1,Peer-to-peer payments,411989717,1274889182430.209,27.87388037502132
Maharashtra,2022,1,Recharge & bill payments,108896881,64507860103.55089,24.89005291540962
Maharashtra,2022,1,Financial Services,583243,677612619.2786882,20.334086326097225
Maharashtra,2022,1,Others,1758926,1084139453.7274752,20.804052379961966
Maharashtra,2022,2,Merchant payments,810961772,428469294407.1603,26.783484914092654
Maharashtra,2022,2,Peer-to-peer payments,470258043,1501201968773.8115,28.037287215673786
Maharashtra,2022,2,Recharge & bill payments,124280427,75110969246.16316,25.04223244693017
Maharashtra,2022,2,Financial Services,490152,559321829.4503716,20.142235590766862
Maharashtra,2022,2,Others,1542719,930827919.303539,20.651584984971265
Maharashtra,2022,3,Merchant payments,876618082,432250721734.13074,26.79227163122532
Maharashtra,2022,3,Peer-to-peer payments,483481713,1434565548650.9136,27.99188316574835
Maharashtra,2022,3,Recharge & bill payments,124545840,79360150487.36568,25.097262196196
Maharashtra,2022,3,Financial Services,521362,571583115.6687979,20.16392046661525
Maharashtra,2022,3,Others,1222420,831183386.4681726,20.538361011346694
Maharashtra,2022,4,Merchant payments,1025666187,502660888415.46185,26.94318160158742
Maharashtra,2022,4,Peer-to-peer payments,535142126,1622619308526.9614,28.115062816582636
Maharashtra,2022,4,Recharge & bill payments,126118544,83576414221.03232,25.149027190701176
Maharashtra,2022,4,Financial Services,620124,699276779.1906543,20.36555718776225
Maharashtra,2022,4,Others,1228291,914951674.4842072,20.63438180816664
Maharashtra,2023,1,Merchant payments,1134579287,502987953087.0,26.94383205663608
Maharashtra,2023,1,Peer-to-peer payments,572326605,1752752577223.0,28.192208569421226
Maharashtra,2023,1,Recharge & bill payments,139414546,104828264973.0,25.37558927642016
Maharashtra,2023,1,Financial Services,667987,763120514.0,20.452926525662097
Maharashtra,2023,1,Others,1280074,953990262.0,20.67616402286152
Maharashtra,2023,2,Merchant payments,1289778683,567713506184.0,27.064882737900508
Maharashtra,2023,2,Peer-to-peer payments,620475611,1923752701888.0,28.28529892658922
Maharashtra,2023,2,Recharge & bill payments,151613474,112846643294.0,25.44929559492929
Maharashtra,2023,2,Financial Services,697164,821061690.0,20.526108805884846
Maharashtra,2023,2,Others,1152916,870693412.0,20.584800478592783
Maharashtra,2023,3,Merchant payments,1442968360,623156210487.0,27.158063063450125
Maharashtra,2023,3,Peer-to-peer payments,689021709,2006148405860.0,28.327237783719372
Maharashtra,2023,3,Recharge & bill payments,156785138,120947991569.0,25.518626468407774
Maharashtra,2023,3,Financial Services,824436,1088491523.0,20.808058651745903
Maharashtra,2023,3,Others,1078944,831084802.0,20.53824239695119
Maharashtra,2023,4,Merchant payments,1646497204,707862700173.0,27.285515985526082
Maharashtra,2023,4,Peer-to-peer payments,767517612,2254104157529.0,28.443773740562776
Maharashtra,2023,4,Recharge & bill payments,155965094,133821812867.0,25.61977499727254
Maharashtra,2023,4,Financial Services,1025481,1362709031.0,21.03274049071599
Maharashtra,2023,4,Others,1157334,863555358.0,20.57656856351342
Maharashtra,2024,1,Merchant payments,1821471481,754044465385.0,27.348717175876025
Maharashtra,2024,1,Peer-to-peer payments,843766518,2472993827118.0,28.53645060835432
Maharashtra,2024,1,Recharge & bill payments,168431872,143453128973.0,25.68927419143287
Maharashtra,2024,1,Financial Services,1024838,1577112130.0,21.17886124639447
Maharashtra,2024,1,Others,1075772,830361250.0,20.537371406233195
Maharashtra,2024,2,Merchant payments,2008664821,832044260771.0,27.447151474395923
Maharashtra,2024,2,Peer-to-peer payments,879509986,2596196230098.0,28.585068501320052
Maharashtra,2024,2,Recharge & bill payments,173148051,142150478979.0,25.68015204457696
Maharashtra,2024,2,Financial Services,1111574,1823280899.0,21.32390340744313
Maharashtra,2024,2,Others,1060370,975082840.0,20.698032990480993
Maharashtra,2024,3,Merchant payments,2136665237,875057356694.0,27.497555271664258
Maharashtra,2024,3,Peer-to-peer payments,971212505,2659562391989.0,28.609182710898722
Maharashtra,2024,3,Recharge & bill payments,177213655,149372864990.0,25.72971146658276
Maharashtra,2024,3,Financial Services,1413867,2254480451.0,21.53618538512914
Maharashtra,2024,3,Others,898731,1021568015.0,20.74460455443996
Maharashtra,2024,4,Merchant payments,2393917535,1009302079777.0,27.64028019780339
Maharashtra,2024,4,Peer-to-peer payments,1061923073,2988739020373.0,28.725872682060672
Maharashtra,2024,4,Recharge & bill payments,173698536,149455601195.0,25.73026520370272
Maharashtra,2024,4,Financial Services,3784218,2349724009.0,21.57756371565237
Maharashtra,2024,4,Others,908477,1182025533.0,20.890495358065856
Manipur,2018,1,Recharge & bill payments,50212,6463184.554711691,15.68163287413952
Manipur,2018,1,Peer-to-peer payments,26382,115495173.55796441,18.564739308334445
Manipur,2018,1,Financial Services,2660,412579.53985461866,12.930186713830846
Manipur,2018,1,Merchant payments,1614,3616475.6407912206,15.101010806185556
Manipur,2018,1,Others,3201,2058760.6368871084,14.537615212862194
Manipur,2018,2,Recharge & bill payments,77991,11541247.784420915,16.261438026744234
Manipur,2018,2,Peer-to-peer payments,60365,232157389.7914803,19.262926108199473
Manipur,2018,2,Financial Services,5992,1241901.2660397931,14.032154847590062
Manipur,2018,2,Merchant payments,4041,5366759.827729835,15.495735086672381
Manipur,2018,2,Others,3332,2902422.6498233806,14.881056687237791
Manipur,2018,3,Peer-to-peer payments,95204,357768750.1845896,19.695397389239947
Manipur,2018,3,Recharge & bill payments,81323,13912990.484925149,16.448333600800908
Manipur,2018,3,Merchant payments,7396,9180953.977358334,16.03264178522081
Manipur,2018,3,Financial Services,2577,333081.6368315,12.716145896829468
Manipur,2018,3,Others,2758,2135468.510417797,14.574197091670653
Manipur,2018,4,Recharge & bill payments,113507,18898063.282383174,16.75457005586317
Manipur,2018,4,Peer-to-peer payments,104872,562009595.9601889,20.14702948415378
Manipur,2018,4,Merchant payments,13333,20685433.28430717,16.84494035278934
Manipur,2018,4,Financial Services,1452,307325.2437723951,12.635665145618852
Manipur,2018,4,Others,2946,3783141.5353601985,15.146065580769555
Manipur,2019,1,Peer-to-peer payments,127067,619919870.7455351,20.24510078853121
Manipur,2019,1,Recharge & bill payments,120000,22106830.369149238,16.911397230449005
Manipur,2019,1,Merchant payments,15190,14580183.380707521,16.495173930603887
Manipur,2019,1,Financial Services,800,174777.17283837448,12.071272865061063
Manipur,2019,1,Others,2352,3116398.755848917,14.952188969094887
Manipur,2019,2,Peer-to-peer payments,120153,679785849.1398683,20.337288380269836
Manipur,2019,2,Recharge & bill payments,116500,23573234.273060285,16.97562252782025
Manipur,2019,2,Merchant payments,18044,15996651.145700552,16.58789001741641
Manipur,2019,2,Financial Services,387,91955.01538259834,11.42906564804055
Manipur,2019,2,Others,2341,3342252.5754885403,15.022155860629685
Manipur,2019,3,Recharge & bill payments,180057,36634657.049143404,17.41650529153901
Manipur,2019,3,Peer-to-peer payments,144965,803335616.6325192,20.50428313930278
Manipur,2019,3,Merchant payments,17683,20490224.443041254,16.835458522743195
Manipur,2019,3,Financial Services,358,367865.7884662621,12.815476163754228
Manipur,2019,3,Others,1945,2723638.649764262,14.817479650336454
Manipur,2019,4,Recharge & bill payments,212136,44202546.57396081,17.604292982806882
Manipur,2019,4,Peer-to-peer payments,211927,1123258478.445069,20.83949965491349
Manipur,2019,4,Merchant payments,23094,30486780.446382143,17.23280375243421
Manipur,2019,4,Financial Services,548,240641.7657683481,12.391068813063319
Manipur,2019,4,Others,1639,2709234.857456133,14.812177181676068
Manipur,2020,1,Peer-to-peer payments,451733,2458093401.740467,21.62265184685587
Manipur,2020,1,Recharge & bill payments,285234,62688260.379548095,17.953684769248532
Manipur,2020,1,Merchant payments,78067,74202067.0664826,18.122302579265142
Manipur,2020,1,Financial Services,622,354184.4660589617,12.77757597034094
Manipur,2020,1,Others,3145,3252467.2243867153,14.994924719724368
Manipur,2020,2,Peer-to-peer payments,533206,2980242535.075443,21.815270522096686
Manipur,2020,2,Recharge & bill payments,450830,107589094.29890464,18.49382985575051
Manipur,2020,2,Merchant payments,92110,106540409.29886684,18.4840349105708
Manipur,2020,2,Financial Services,1676,1457570.8004862315,14.192282458762698
Manipur,2020,2,Others,5246,3106603.331810386,14.94904083292446
Manipur,2020,3,Peer-to-peer payments,774786,4301284799.331292,22.182179605791575
Manipur,2020,3,Recharge & bill payments,464659,113190539.14969069,18.544583152659154
Manipur,2020,3,Merchant payments,170653,195132026.6311202,19.089186952198048
Manipur,2020,3,Financial Services,1878,1593035.944066228,14.28115278012749
Manipur,2020,3,Others,8192,4775719.8143366445,15.379055476386295
Manipur,2020,4,Peer-to-peer payments,892853,5172499337.530437,22.36662183970198
Manipur,2020,4,Recharge & bill payments,436450,114202616.34869762,18.553484773913894
Manipur,2020,4,Merchant payments,289050,307902115.38207734,19.545292486473176
Manipur,2020,4,Financial Services,1806,2448402.9142817147,14.710946906667836
Manipur,2020,4,Others,7693,5172086.283260544,15.458786894845279
Manipur,2021,1,Peer-to-peer payments,1117829,6402367883.667423,22.579933740864867
Manipur,2021,1,Recharge & bill payments,796590,223955812.58644393,19.226959329586045
Manipur,2021,1,Merchant payments,377280,433297594.1352152,19.88693533657984
Manipur,2021,1,Financial Services,3398,4385333.1754908115,15.293776389662515
Manipur,2021,1,Others,8438,6280890.914669826,15.653022552988793
Manipur,2021,2,Peer-to-peer payments,1372821,7041837917.785187,22.6751350410533
Manipur,2021,2,Recharge & bill payments,1187952,305103750.5728581,19.536162445818636
Manipur,2021,2,Merchant payments,510734,531484849.4914169,20.091185252031334
Manipur,2021,2,Financial Services,4165,4256098.232237183,15.26386362557701
Manipur,2021,2,Others,10603,7145346.314942012,15.781971977673729
Manipur,2021,3,Peer-to-peer payments,1819423,9134806594.52819,22.93535785474363
Manipur,2021,3,Recharge & bill payments,1368584,367664440.53237265,19.72268123648885
Manipur,2021,3,Merchant payments,735707,889317377.086526,20.605964735488424
Manipur,2021,3,Financial Services,3460,5625517.975461649,15.542823764103147
Manipur,2021,3,Others,14222,9447098.78230339,16.061218351022514
Manipur,2021,4,Peer-to-peer payments,2199970,10998828287.529043,23.121054584846572
Manipur,2021,4,Recharge & bill payments,1451488,412791673.8037664,19.838453604301723
Manipur,2021,4,Merchant payments,1013985,1229517397.4561875,20.929887570359103
Manipur,2021,4,Financial Services,4671,5941100.580610943,15.597405125426167
Manipur,2021,4,Others,17325,11393578.842227157,16.248560582989498
Manipur,2022,1,Peer-to-peer payments,2517626,12169368063.4095,23.222187816912328
Manipur,2022,1,Recharge & bill payments,1528476,469035958.34841275,19.966189995856052
Manipur,2022,1,Merchant payments,1247205,1489604137.2090888,21.121776242550546
Manipur,2022,1,Financial Services,4878,6057615.527015026,15.61682696830414
Manipur,2022,1,Others,15494,10435303.87979853,16.1607053151053
Manipur,2022,2,Peer-to-peer payments,2843426,12704512238.809605,23.26522306178202
Manipur,2022,2,Merchant payments,1709547,1757831052.0706987,21.28734652981129
Manipur,2022,2,Recharge & bill payments,1533778,448637966.718931,19.921726812489755
Manipur,2022,2,Financial Services,4069,4753628.558008127,15.374419001697092
Manipur,2022,2,Others,14812,7175748.992065379,15.78621784265809
Manipur,2022,3,Peer-to-peer payments,3127266,12927705072.13747,23.282638525434102
Manipur,2022,3,Merchant payments,1829741,2010460357.0881667,21.42162956666785
Manipur,2022,3,Recharge & bill payments,1379911,432182393.84038734,19.88435826738138
Manipur,2022,3,Financial Services,4524,4671353.405444902,15.35695961017587
Manipur,2022,3,Others,11300,6411090.828254536,15.67354014641299
Manipur,2022,4,Peer-to-peer payments,3259645,13133729481.472115,23.298449527767286
Manipur,2022,4,Merchant payments,1828984,2074698993.4220653,21.453081917177304
Manipur,2022,4,Recharge & bill payments,1325391,406031254.0798015,19.821940697558148
Manipur,2022,4,Financial Services,4691,5754919.963910458,15.565565866579082
Manipur,2022,4,Others,9959,5742049.403589871,15.563326917679282
Manipur,2023,1,Peer-to-peer payments,1703742,7281781083.0,22.708641323627603
Manipur,2023,1,Merchant payments,933135,1083073192.0,20.803068386245773
Manipur,2023,1,Recharge & bill payments,613398,214427498.0,19.18348223919747
Manipur,2023,1,Financial Services,3529,3178295.0,14.971855762081342
Manipur,2023,1,Others,4579,3104024.0,14.948210214376523
Manipur,2023,2,Peer-to-peer payments,812842,3763543566.0,22.04862678856423
Manipur,2023,2,Merchant payments,499534,569980400.0,20.161112533991194
Manipur,2023,2,Recharge & bill payments,290239,127777535.0,18.66580130980965
Manipur,2023,2,Financial Services,1849,1430976.0,14.17386798573297
Manipur,2023,2,Others,1807,1144176.0,13.950196159233652
Manipur,2023,3,Peer-to-peer payments,450548,3054677807.0,21.839939960178484
Manipur,2023,3,Merchant payments,222132,418107590.0,19.85124935210553
Manipur,2023,3,Recharge & bill payments,189582,131240898.0,18.69254511607943
Manipur,2023,3,Financial Services,2290,3551704.0,15.082938327843404
Manipur,2023,3,Others,926,708602.0,13.471050705104801
Manipur,2023,4,Peer-to-peer payments,1098359,5690075337.0,22.46198932541879
Manipur,2023,4,Merchant payments,638811,893960176.0,20.611171787402913
Manipur,2023,4,Recharge & bill payments,368865,209606825.0,19.160744076674767
Manipur,2023,4,Financial Services,4438,5093670.0,15.443509346648588
Manipur,2023,4,Others,2727,1589290.0,14.27879856279843
Manipur,2024,1,Peer-to-peer payments,1925478,7502533003.0,22.738506534336096
Manipur,2024,1,Merchant payments,1303360,1446015880.0,21.092077943333603
Manipur,2024,1,Recharge & bill payments,607751,282103846.0,19.457785812887394
Manipur,2024,1,Financial Services,4717,9906854.0,16.108737499732182
Manipur,2024,1,Others,4258,2413740.0,14.696688384079899
Manipur,2024,2,Peer-to-peer payments,2518131,8860962120.0,22.904921187202756
Manipur,2024,2,Merchant payments,1895872,1727175316.0,21.269753146303145
Manipur,2024,2,Recharge & bill payments,640058,297356354.0,19.510441826008893
Manipur,2024,2,Financial Services,5784,9375969.0,16.05366059113511
Manipur,2024,2,Others,3479,3131034.0,14.956874178783272
Manipur,2024,3,Peer-to-peer payments,2964825,9398509217.0,22.96381691981525
Manipur,2024,3,Merchant payments,2085364,1932267978.0,21.381960268604562
Manipur,2024,3,Recharge & bill payments,637582,324563249.0,19.597990990369144
Manipur,2024,3,Financial Services,9458,12782236.0,16.363567030719732
Manipur,2024,3,Others,2867,3394151.0,15.03756450868805
Manipur,2024,4,Peer-to-peer payments,3016585,9734628510.0,22.998955314898648
Manipur,2024,4,Merchant payments,2146946,1983154393.0,21.40795454225303
Manipur,2024,4,Recharge & bill payments,562071,321860417.0,19.58962852505508
Manipur,2024,4,Financial Services,22114,18353627.0,16.725337824094236
Manipur,2024,4,Others,2707,3711609.0,15.126976302713379
Meghalaya,2018,1,Recharge & bill payments,31857,6028476.149090356,15.612004991052158
Meghalaya,2018,1,Peer-to-peer payments,13274,55943496.515886314,17.83985276641299
Meghalaya,2018,1,Merchant payments,1605,2395888.4397623385,14.689265093481014
Meghalaya,2018,1,Financial Services,532,144318.2545571151,11.879783170074651
Meghalaya,2018,1,Others,2303,1738080.43060439,14.368292436761912
Meghalaya,2018,2,Recharge & bill payments,42625,9657896.164724296,16.083286497680774
Meghalaya,2018,2,Peer-to-peer payments,19894,101140464.66239843,18.432020857742337
Meghalaya,2018,2,Merchant payments,2929,3663446.436220131,15.113915184511468
Meghalaya,2018,2,Financial Services,592,580648.3434132106,13.271902313894328
Meghalaya,2018,2,Others,1817,1962212.2350756058,14.489583595707336
Meghalaya,2018,3,Recharge & bill payments,60625,14231601.453371253,16.470975574644473
Meghalaya,2018,3,Peer-to-peer payments,40832,187460582.05754715,19.04907915758156
Meghalaya,2018,3,Merchant payments,5802,5458930.689379572,15.512763667291129
Meghalaya,2018,3,Financial Services,748,552674.5783359876,13.222526450733282
Meghalaya,2018,3,Others,2283,2149872.755760235,14.580919680128808
Meghalaya,2018,4,Recharge & bill payments,82962,18100891.637344178,16.711471812000354
Meghalaya,2018,4,Peer-to-peer payments,58952,301941442.7059927,19.525743661525805
Meghalaya,2018,4,Merchant payments,15768,14434314.193342488,16.485118929243228
Meghalaya,2018,4,Financial Services,763,190875.18848979956,12.15938026903619
Meghalaya,2018,4,Others,2687,2918155.2795046642,14.886462563691968
Meghalaya,2019,1,Recharge & bill payments,98817,23006751.795504905,16.951298330605997
Meghalaya,2019,1,Peer-to-peer payments,90694,358932132.1046898,19.6986438843048
Meghalaya,2019,1,Merchant payments,16073,14297275.230527855,16.475579603698115
Meghalaya,2019,1,Financial Services,659,62335.064750311045,11.040295425732273
Meghalaya,2019,1,Others,2498,2738667.957962149,14.822982578568427
Meghalaya,2019,2,Recharge & bill payments,108812,27248605.429233357,17.120512937554203
Meghalaya,2019,2,Peer-to-peer payments,97407,446537199.17356837,19.917033269868703
Meghalaya,2019,2,Merchant payments,22588,15600927.006629137,16.56284095805488
Meghalaya,2019,2,Financial Services,460,106800.75308155928,11.578729619994855
Meghalaya,2019,2,Others,3019,3437756.744766518,15.050329998441796
Meghalaya,2019,3,Recharge & bill payments,155949,38916251.42165714,17.47692252137714
Meghalaya,2019,3,Peer-to-peer payments,116168,546221812.6889315,20.118535703388638
Meghalaya,2019,3,Merchant payments,31201,23461321.889810227,16.970863788764767
Meghalaya,2019,3,Financial Services,421,584192.9488108774,13.27798831080421
Meghalaya,2019,3,Others,2811,3035023.204323471,14.92572995750933
Meghalaya,2019,4,Recharge & bill payments,175084,43611775.02621875,17.59083776419536
Meghalaya,2019,4,Peer-to-peer payments,163734,670870023.4297696,20.324085971895318
Meghalaya,2019,4,Merchant payments,24430,25344714.50557894,17.048080804952
Meghalaya,2019,4,Financial Services,382,124511.63613216748,11.732162484774117
Meghalaya,2019,4,Others,2351,2485447.192519395,14.725963560412842
Meghalaya,2020,1,Recharge & bill payments,226214,59666071.21530793,17.904274112215354
Meghalaya,2020,1,Peer-to-peer payments,216022,1013733312.3935763,20.736905702980817
Meghalaya,2020,1,Merchant payments,57245,44125206.34755945,17.602541772301525
Meghalaya,2020,1,Financial Services,473,402779.89033132966,12.906147996623998
Meghalaya,2020,1,Others,2329,2207471.061039081,14.607358554999221
Meghalaya,2020,2,Recharge & bill payments,382662,100570200.25271696,18.426366561539442
Meghalaya,2020,2,Peer-to-peer payments,202270,998750895.9111593,20.722015953078056
Meghalaya,2020,2,Merchant payments,46014,48980521.41595118,17.70693327533487
Meghalaya,2020,2,Financial Services,1186,2944583.114737345,14.895478147689033
Meghalaya,2020,2,Others,3263,2488953.643832149,14.727373358536909
Meghalaya,2020,3,Recharge & bill payments,342484,97662913.13408674,18.397032455739804
Meghalaya,2020,3,Peer-to-peer payments,194448,1065012681.7126106,20.78625254468723
Meghalaya,2020,3,Merchant payments,55595,67511647.1349487,18.02781070591734
Meghalaya,2020,3,Financial Services,1587,4049966.8133478058,15.214219491729612
Meghalaya,2020,3,Others,3465,2821792.5880408054,14.852883264864618
Meghalaya,2020,4,Recharge & bill payments,350006,102794647.7641504,18.448243854807
Meghalaya,2020,4,Peer-to-peer payments,286252,1579858348.0670543,21.180601027477056
Meghalaya,2020,4,Merchant payments,111471,115136797.58942303,18.561631532321503
Meghalaya,2020,4,Financial Services,1809,2774557.112070617,14.836002053589342
Meghalaya,2020,4,Others,4470,3678221.666272167,15.117940222355301
Meghalaya,2021,1,Peer-to-peer payments,326993,1794745857.3188953,21.308129265753568
Meghalaya,2021,1,Recharge & bill payments,306634,106098525.65614726,18.479878717117835
Meghalaya,2021,1,Merchant payments,108805,147747773.01896822,18.811017148275525
Meghalaya,2021,1,Financial Services,1777,3981898.0457751974,15.1972694106418
Meghalaya,2021,1,Others,3437,2941223.950049905,14.894336702217329
Meghalaya,2021,2,Recharge & bill payments,389959,129031455.7077258,18.675566783046744
Meghalaya,2021,2,Peer-to-peer payments,366411,1885041503.7970467,21.357215676063955
Meghalaya,2021,2,Merchant payments,147406,173894963.00439677,18.97396201975853
Meghalaya,2021,2,Financial Services,1766,2306496.854595862,14.651240851823873
Meghalaya,2021,2,Others,4052,3342835.5268340455,15.022330264067202
Meghalaya,2021,3,Peer-to-peer payments,473274,2348008593.21644,21.576833399134028
Meghalaya,2021,3,Recharge & bill payments,418429,144363692.75220004,18.78784632450074
Meghalaya,2021,3,Merchant payments,199427,270311210.8907223,19.415084489819364
Meghalaya,2021,3,Financial Services,1556,2379067.1150075165,14.68221942065643
Meghalaya,2021,3,Others,5045,3937887.553600684,15.186155237526986
Meghalaya,2021,4,Peer-to-peer payments,669693,3233210261.728197,21.896741369989467
Meghalaya,2021,4,Recharge & bill payments,447310,165277548.45940137,18.923136736624777
Meghalaya,2021,4,Merchant payments,314445,442464385.0377933,19.907870535642875
Meghalaya,2021,4,Financial Services,1989,2464327.9242311358,14.717430086703208
Meghalaya,2021,4,Others,6756,5348877.036531466,15.49239738408153
Meghalaya,2022,1,Peer-to-peer payments,801009,3899172008.7001157,22.08403006233697
Meghalaya,2022,1,Recharge & bill payments,459530,192026788.60457045,19.073145449449235
Meghalaya,2022,1,Merchant payments,405859,563004043.9315958,20.148797370681343
Meghalaya,2022,1,Financial Services,2134,3019251.8598936894,14.920519961357074
Meghalaya,2022,1,Others,6218,5116238.235718384,15.447930202846813
Meghalaya,2022,2,Peer-to-peer payments,977816,4359000096.157877,22.195508532491694
Meghalaya,2022,2,Merchant payments,591364,714995836.5962032,20.387787279097566
Meghalaya,2022,2,Recharge & bill payments,467745,200896879.69103926,19.118302302989857
Meghalaya,2022,2,Financial Services,1880,2406087.095158501,14.69351278962555
Meghalaya,2022,2,Others,5844,4192522.344518611,15.248813340825862
Meghalaya,2022,3,Peer-to-peer payments,2050942,7796315453.507147,22.77691708140921
Meghalaya,2022,3,Merchant payments,1486098,1468318733.1353962,21.107383864916944
Meghalaya,2022,3,Recharge & bill payments,810017,330230375.9276109,19.615301080759888
Meghalaya,2022,3,Financial Services,3504,3106775.3857113793,14.949096214659095
Meghalaya,2022,3,Others,8604,5329459.165683068,15.488760508776814
Meghalaya,2022,4,Peer-to-peer payments,1901671,7328913724.3339405,22.715093146137654
Meghalaya,2022,4,Merchant payments,1334431,1381013596.832624,21.046083557691944
Meghalaya,2022,4,Recharge & bill payments,685678,278377945.43169147,19.444490267883427
Meghalaya,2022,4,Financial Services,3544,3564357.119764914,15.08649454506266
Meghalaya,2022,4,Others,7124,4671532.630633753,15.356997976297391
Meghalaya,2023,1,Peer-to-peer payments,2111009,8309060918.0,22.84061243329091
Meghalaya,2023,1,Merchant payments,1232691,1407372935.0,21.064990637526407
Meghalaya,2023,1,Recharge & bill payments,810151,358800191.0,19.69827622326583
Meghalaya,2023,1,Financial Services,3991,4692287.0,15.36143086794593
Meghalaya,2023,1,Others,6863,4914284.0,15.407656827939466
Meghalaya,2023,2,Peer-to-peer payments,2509275,8997569260.0,22.92022029569278
Meghalaya,2023,2,Merchant payments,1701913,1698962028.0,21.253283330357622
Meghalaya,2023,2,Recharge & bill payments,855108,378639410.0,19.752094887993763
Meghalaya,2023,2,Financial Services,4075,4633858.0,15.348900556234888
Meghalaya,2023,2,Others,6841,4701930.0,15.363483833367928
Meghalaya,2023,3,Peer-to-peer payments,2926582,9081363888.0,22.929490226319164
Meghalaya,2023,3,Merchant payments,2199365,1940467487.0,21.386194754188146
Meghalaya,2023,3,Recharge & bill payments,893594,376288929.0,19.74586783711341
Meghalaya,2023,3,Financial Services,4709,4394372.0,15.295835416808165
Meghalaya,2023,3,Others,5592,4118404.0,15.230976510446922
Meghalaya,2023,4,Peer-to-peer payments,3588204,11051189244.0,23.125803883101028
Meghalaya,2023,4,Merchant payments,2747430,2399606416.0,21.598570567935337
Meghalaya,2023,4,Recharge & bill payments,919773,412031812.0,19.836611120352213
Meghalaya,2023,4,Financial Services,6221,6157396.0,15.633164681268916
Meghalaya,2023,4,Others,6756,4073824.0,15.220092919519821
Meghalaya,2024,1,Peer-to-peer payments,4141676,12376963890.0,23.239102831072554
Meghalaya,2024,1,Merchant payments,3366756,2796689522.0,21.751702241429623
Meghalaya,2024,1,Recharge & bill payments,1011922,444032559.0,19.911408451041076
Meghalaya,2024,1,Financial Services,5705,8055532.0,15.901869742484763
Meghalaya,2024,1,Others,5203,3563155.0,15.086157226958166
Meghalaya,2024,2,Merchant payments,5265188,3372146485.0,21.938815318016708
Meghalaya,2024,2,Peer-to-peer payments,4738246,12947440379.0,23.284163951501768
Meghalaya,2024,2,Recharge & bill payments,1072381,456611422.0,19.93934330926784
Meghalaya,2024,2,Financial Services,8054,15137347.0,16.53267562550488
Meghalaya,2024,2,Others,5792,3278461.0,15.002884967952175
Meghalaya,2024,3,Merchant payments,5874164,3573771290.0,21.996887259190604
Meghalaya,2024,3,Peer-to-peer payments,5135057,12225400151.0,23.226781604041598
Meghalaya,2024,3,Recharge & bill payments,1087757,477853823.0,19.984815436155692
Meghalaya,2024,3,Financial Services,7750,12735329.0,16.359890578898597
Meghalaya,2024,3,Others,5396,3196103.0,14.97744312601471
Meghalaya,2024,4,Merchant payments,6927970,4244760218.0,22.16895116960199
Meghalaya,2024,4,Peer-to-peer payments,6120409,14921918261.0,23.426096993296774
Meghalaya,2024,4,Recharge & bill payments,1089357,489888652.0,20.009688684470795
Meghalaya,2024,4,Financial Services,23838,13969159.0,16.452362600577803
Meghalaya,2024,4,Others,4806,4391143.0,15.295100343358214
Mizoram,2018,1,Recharge & bill payments,10155,2199565.258913744,14.603770743851728
Mizoram,2018,1,Peer-to-peer payments,6845,41186717.278001666,17.533626390453602
Mizoram,2018,1,Merchant payments,616,1066002.1670622267,13.879426854681212
Mizoram,2018,1,Financial Services,260,65022.49896840689,11.082504006135103
Mizoram,2018,1,Others,685,709912.772844791,13.472898794944774
Mizoram,2018,2,Recharge & bill payments,13550,3107406.501616686,14.949299335750752
Mizoram,2018,2,Peer-to-peer payments,11427,77040044.25291511,18.15983591284903
Mizoram,2018,2,Merchant payments,1310,2368711.975892641,14.6778573174607
Mizoram,2018,2,Financial Services,167,60939.77304627103,11.01765773782634
Mizoram,2018,2,Others,597,931303.0542636234,13.744341091838214
Mizoram,2018,3,Peer-to-peer payments,18564,108783543.9098094,18.504870639310166
Mizoram,2018,3,Recharge & bill payments,17610,4050433.5962071815,15.21433474103114
Mizoram,2018,3,Merchant payments,2310,2952533.8004545765,14.898174613759661
Mizoram,2018,3,Financial Services,240,43891.23943201654,10.68949280512216
Mizoram,2018,3,Others,592,770335.5794872268,13.55458281453958
Mizoram,2018,4,Peer-to-peer payments,26212,177049162.13058332,18.991938009770454
Mizoram,2018,4,Recharge & bill payments,24533,5523702.976434887,15.524559203450288
Mizoram,2018,4,Merchant payments,3699,6911586.608122997,15.74870992450946
Mizoram,2018,4,Financial Services,145,35654.18337878893,10.481649811592886
Mizoram,2018,4,Others,653,906746.6310095722,13.717619444524777
Mizoram,2019,1,Peer-to-peer payments,35126,204183867.4116538,19.13453146161076
Mizoram,2019,1,Recharge & bill payments,30327,6760113.704148788,15.726550415944539
Mizoram,2019,1,Merchant payments,3984,6470456.031897823,15.682757302606378
Mizoram,2019,1,Financial Services,133,33512.39606736117,10.419700520489211
Mizoram,2019,1,Others,736,712945.8536347556,13.477162157536569
Mizoram,2019,2,Peer-to-peer payments,37364,233471780.00357005,19.268571775536902
Mizoram,2019,2,Recharge & bill payments,31903,7823562.397702506,15.872650686187614
Mizoram,2019,2,Merchant payments,5646,5889316.861228463,15.588650735886706
Mizoram,2019,2,Financial Services,80,14455.380988399309,9.5788911869607
Mizoram,2019,2,Others,678,817593.4915248882,13.614121761037168
Mizoram,2019,3,Recharge & bill payments,49073,12966806.696277115,16.37790339618099
Mizoram,2019,3,Peer-to-peer payments,42645,257538220.22775066,19.36667869900556
Mizoram,2019,3,Merchant payments,5560,7397529.021326996,15.816656721555397
Mizoram,2019,3,Financial Services,94,72985.31151294889,11.198027189026421
Mizoram,2019,3,Others,722,818358.6944744462,13.615057243230877
Mizoram,2019,4,Recharge & bill payments,60511,16857122.3073061,16.640283873637873
Mizoram,2019,4,Peer-to-peer payments,57109,341664291.4936854,19.64933921204556
Mizoram,2019,4,Merchant payments,6939,9451111.139352825,16.06164297924939
Mizoram,2019,4,Financial Services,100,20966.3333050078,9.950720948666373
Mizoram,2019,4,Others,580,695859.360839114,13.452904288209185
Mizoram,2020,1,Recharge & bill payments,85067,24356294.58523286,17.0083009196705
Mizoram,2020,1,Peer-to-peer payments,57916,356260523.23262954,19.691172830816413
Mizoram,2020,1,Merchant payments,9961,10404414.592504771,16.157740850207013
Mizoram,2020,1,Financial Services,119,283854.3188381147,12.556219946623472
Mizoram,2020,1,Others,546,772492.6204317764,13.557379029379195
Mizoram,2020,2,Recharge & bill payments,127592,37504550.77732091,17.43997286430315
Mizoram,2020,2,Peer-to-peer payments,60021,404110075.0863959,19.81719786437381
Mizoram,2020,2,Merchant payments,10056,14627463.664270937,16.498411460936325
Mizoram,2020,2,Financial Services,244,434960.2799078573,12.983012294402968
Mizoram,2020,2,Others,549,516383.63442262856,13.154607182327245
Mizoram,2020,3,Recharge & bill payments,132664,40941077.032856956,17.527644469869713
Mizoram,2020,3,Peer-to-peer payments,99644,634560147.3506901,20.268442637080806
Mizoram,2020,3,Merchant payments,20934,30693648.236451425,17.239566325895687
Mizoram,2020,3,Financial Services,535,824864.513127287,13.62297563763736
Mizoram,2020,3,Others,926,924438.3714747172,13.73694274785867
Mizoram,2020,4,Peer-to-peer payments,141038,887252744.067668,20.60364044339161
Mizoram,2020,4,Recharge & bill payments,140297,45386403.17281592,17.630723150603092
Mizoram,2020,4,Merchant payments,39676,52094800.565094605,17.768575723724222
Mizoram,2020,4,Financial Services,607,855201.5881157237,13.659093665016414
Mizoram,2020,4,Others,989,932966.3002634952,13.746125431266194
Mizoram,2021,1,Peer-to-peer payments,156386,982955112.1892779,20.706074013985717
Mizoram,2021,1,Recharge & bill payments,128055,45558278.22323953,17.634502926366398
Mizoram,2021,1,Merchant payments,43511,70289687.94622748,18.06813567385033
Mizoram,2021,1,Financial Services,648,1330632.9787811027,14.101166062399395
Mizoram,2021,1,Others,975,971875.6084117102,13.786984129305754
Mizoram,2021,2,Peer-to-peer payments,173064,995581952.903405,20.7188380024431
Mizoram,2021,2,Recharge & bill payments,161763,56059844.239659324,17.8419303430774
Mizoram,2021,2,Merchant payments,57877,69528721.40156102,18.05725049712659
Mizoram,2021,2,Financial Services,611,710657.5065644829,13.473947293213694
Mizoram,2021,2,Others,1025,993297.250902934,13.808786251306834
Mizoram,2021,3,Peer-to-peer payments,224873,1290523196.259221,20.978313552365666
Mizoram,2021,3,Recharge & bill payments,177281,67493206.62394348,18.027537522986012
Mizoram,2021,3,Merchant payments,74553,113697005.89820999,18.549047633820265
Mizoram,2021,3,Financial Services,522,806905.9729422838,13.600963665442936
Mizoram,2021,3,Others,1300,1228335.4576346257,14.021171338463096
Mizoram,2021,4,Peer-to-peer payments,272209,1545255603.4119103,21.158455173361283
Mizoram,2021,4,Recharge & bill payments,179405,67548806.84754582,18.02836097376983
Mizoram,2021,4,Merchant payments,99265,154183940.72826496,18.853656874424622
Mizoram,2021,4,Financial Services,695,2202285.707728365,14.605006791117095
Mizoram,2021,4,Others,1755,1475104.827591939,14.204240292702286
Mizoram,2022,1,Peer-to-peer payments,302740,1691281089.989316,21.24875212071818
Mizoram,2022,1,Recharge & bill payments,190137,76541062.33691595,18.15333793043021
Mizoram,2022,1,Merchant payments,109669,174157725.41469872,18.975471920227374
Mizoram,2022,1,Financial Services,731,1657575.282816791,14.320867022798698
Mizoram,2022,1,Others,1640,1521510.587498479,14.235214864128794
Mizoram,2022,2,Peer-to-peer payments,332102,1739114390.3016624,21.276641850087103
Mizoram,2022,2,Recharge & bill payments,172281,70775723.34635986,18.07502662340453
Mizoram,2022,2,Merchant payments,137279,191484723.76839563,19.070318597181004
Mizoram,2022,2,Financial Services,656,801633.2114598342,13.594407687368875
Mizoram,2022,2,Others,1659,1010096.4810587188,13.825557400059804
Mizoram,2022,3,Peer-to-peer payments,349715,1665955694.9848173,21.233664787291133
Mizoram,2022,3,Recharge & bill payments,156874,68463689.80469275,18.041814101454968
Mizoram,2022,3,Merchant payments,150320,209934220.28326848,19.162304807629923
Mizoram,2022,3,Financial Services,802,880187.5512756812,13.687891426316664
Mizoram,2022,3,Others,1327,1031819.4438998674,13.846835221416775
Mizoram,2022,4,Peer-to-peer payments,378295,1750113148.3068104,21.282946279538425
Mizoram,2022,4,Merchant payments,164389,222455759.17733783,19.22023880913748
Mizoram,2022,4,Recharge & bill payments,148573,63477925.042983845,17.96620278205827
Mizoram,2022,4,Financial Services,932,949850.198945797,13.764060618619908
Mizoram,2022,4,Others,1585,914402.5369417528,13.726027259501793
Mizoram,2023,1,Peer-to-peer payments,593994,2560331179.0,21.66340245425817
Mizoram,2023,1,Recharge & bill payments,234313,98553348.0,18.406108573735477
Mizoram,2023,1,Merchant payments,221560,293428579.0,19.497144828608757
Mizoram,2023,1,Financial Services,1044,2065983.0,14.541117184198045
Mizoram,2023,1,Others,1684,1243650.0,14.033561966296901
Mizoram,2023,2,Peer-to-peer payments,673375,2715818146.0,21.72235908821563
Mizoram,2023,2,Merchant payments,291229,369968035.0,19.728927170681594
Mizoram,2023,2,Recharge & bill payments,241862,102587776.0,18.44622935105049
Mizoram,2023,2,Financial Services,1144,2164348.0,14.587630181360923
Mizoram,2023,2,Others,1320,1268271.0,14.053165902016113
Mizoram,2023,3,Peer-to-peer payments,725656,2616686121.0,21.685174515204213
Mizoram,2023,3,Merchant payments,343955,383487446.0,19.764817445510957
Mizoram,2023,3,Recharge & bill payments,237526,100886209.0,18.42950380601338
Mizoram,2023,3,Financial Services,1523,3916230.0,15.180640269656815
Mizoram,2023,3,Others,1753,1154229.0,13.958944012950328
Mizoram,2023,4,Peer-to-peer payments,809449,2937356157.0,21.80077574772838
Mizoram,2023,4,Merchant payments,454911,486085794.0,20.001895699206475
Mizoram,2023,4,Recharge & bill payments,233101,110530170.0,18.520799082377227
Mizoram,2023,4,Financial Services,1693,6001935.0,15.607592641813302
Mizoram,2023,4,Others,1574,866227.0,13.671903432338349
Mizoram,2024,1,Peer-to-peer payments,852682,2946283349.0,21.803810331624458
Mizoram,2024,1,Merchant payments,537550,568411807.0,20.158356728074185
Mizoram,2024,1,Recharge & bill payments,233738,109792002.0,18.514098251964707
Mizoram,2024,1,Financial Services,1756,4788439.0,15.381715237845471
Mizoram,2024,1,Others,1290,821133.0,13.618441590707093
Mizoram,2024,2,Peer-to-peer payments,952986,3009367498.0,21.824995760403525
Mizoram,2024,2,Merchant payments,781094,672085704.0,20.325896427557627
Mizoram,2024,2,Recharge & bill payments,236909,111528807.0,18.529793483206262
Mizoram,2024,2,Financial Services,4940,4813762.0,15.386989664704856
Mizoram,2024,2,Others,1150,681869.0,13.432594302820315
Mizoram,2024,3,Peer-to-peer payments,1092211,3031557787.0,21.83234244580468
Mizoram,2024,3,Merchant payments,992777,769225473.0,20.460894688655227
Mizoram,2024,3,Recharge & bill payments,245546,116119620.0,18.57013143325041
Mizoram,2024,3,Financial Services,28263,6165535.0,15.634485633218178
Mizoram,2024,3,Others,1409,819816.0,13.616836423602436
Mizoram,2024,4,Peer-to-peer payments,1220369,3439847971.0,21.95869311316908
Mizoram,2024,4,Merchant payments,1199890,893916533.0,20.61112296636314
Mizoram,2024,4,Recharge & bill payments,236274,120540465.0,18.60749607194832
Mizoram,2024,4,Financial Services,44785,6012676.0,15.609380631632284
Mizoram,2024,4,Others,1125,845277.0,13.647420846315464
Nagaland,2018,1,Recharge & bill payments,28198,5361675.549623315,15.494787273247498
Nagaland,2018,1,Peer-to-peer payments,11631,69830122.02063876,18.061576036536817
Nagaland,2018,1,Merchant payments,822,1170667.4151649117,13.973085438659814
Nagaland,2018,1,Financial Services,399,299016.7345620737,12.608258163530516
Nagaland,2018,1,Others,1795,1344409.3661360394,14.111466085407377
Nagaland,2018,2,Recharge & bill payments,41959,9139467.703980098,16.02811281307341
Nagaland,2018,2,Peer-to-peer payments,20099,140193107.69683594,18.758531377981775
Nagaland,2018,2,Merchant payments,1529,2293935.490835924,14.645779891386704
Nagaland,2018,2,Financial Services,379,153458.5231626137,11.94119211848464
Nagaland,2018,2,Others,1633,1545608.465487119,14.250928866572206
Nagaland,2018,3,Recharge & bill payments,54885,12664922.724117381,16.354346818827125
Nagaland,2018,3,Peer-to-peer payments,33930,223964723.15160483,19.226999115951756
Nagaland,2018,3,Merchant payments,3518,3631042.2777308393,15.105030569281885
Nagaland,2018,3,Financial Services,460,125171.61850935029,11.73744901172737
Nagaland,2018,3,Others,1578,1406883.1646908007,14.156888004840166
Nagaland,2018,4,Recharge & bill payments,72881,16615511.42043031,16.625847300127663
Nagaland,2018,4,Peer-to-peer payments,53723,358926253.43094724,19.698627505938692
Nagaland,2018,4,Merchant payments,10350,10500634.794542974,16.1669463651558
Nagaland,2018,4,Financial Services,587,216127.40846239947,12.283627993653134
Nagaland,2018,4,Others,1792,1754940.4912408509,14.377946076002068
Nagaland,2019,1,Recharge & bill payments,87596,20020458.076388802,16.81226526247699
Nagaland,2019,1,Peer-to-peer payments,71642,411855878.2498224,19.836184038470773
Nagaland,2019,1,Merchant payments,7306,8187940.322092213,15.918173059407914
Nagaland,2019,1,Financial Services,430,101072.89773317604,11.523607189014692
Nagaland,2019,1,Others,1605,1776362.8662935253,14.390079061219057
Nagaland,2019,2,Recharge & bill payments,92492,21350211.07781426,16.876572230976656
Nagaland,2019,2,Peer-to-peer payments,81065,487705354.46570444,20.005222001685613
Nagaland,2019,2,Merchant payments,12949,8990954.079767609,16.011729638821365
Nagaland,2019,2,Financial Services,286,129758.00259777348,11.773434182804388
Nagaland,2019,2,Others,1961,1890404.5326202572,14.452301931543452
Nagaland,2019,3,Recharge & bill payments,145812,33293527.93210053,17.32087360970351
Nagaland,2019,3,Peer-to-peer payments,100736,601803135.4703114,20.215440933961712
Nagaland,2019,3,Merchant payments,13031,13381591.199777838,16.409390604073227
Nagaland,2019,3,Financial Services,210,229319.84921986386,12.342877390224357
Nagaland,2019,3,Others,2089,2248897.2620018576,14.625950992924835
Nagaland,2019,4,Recharge & bill payments,172761,39720745.597670965,17.497384193481988
Nagaland,2019,4,Peer-to-peer payments,128674,777298578.6127516,20.471335106864096
Nagaland,2019,4,Merchant payments,13578,15460907.228900284,16.55382534641614
Nagaland,2019,4,Financial Services,499,283291.7740842187,12.554236179260416
Nagaland,2019,4,Others,1658,1773615.1353679793,14.388531034766526
Nagaland,2020,1,Recharge & bill payments,221741,53662023.32016543,17.79821612718804
Nagaland,2020,1,Peer-to-peer payments,135966,821508819.5893908,20.52665323255911
Nagaland,2020,1,Merchant payments,18249,17663339.36989499,16.687001884171863
Nagaland,2020,1,Financial Services,528,215066.78349539996,12.278708529493631
Nagaland,2020,1,Others,1567,1730779.6714233835,14.364083119846997
Nagaland,2020,2,Recharge & bill payments,328269,85264116.11779374,18.261264257107946
Nagaland,2020,2,Peer-to-peer payments,166866,1025000209.9574311,20.74795865534889
Nagaland,2020,2,Merchant payments,20004,25214703.910237495,17.04293791047931
Nagaland,2020,2,Financial Services,860,989239.9671938312,13.804693228241952
Nagaland,2020,2,Others,1567,1206234.3951445608,14.003014823909856
Nagaland,2020,3,Recharge & bill payments,347494,91214897.18744522,18.328728799021686
Nagaland,2020,3,Peer-to-peer payments,330638,1851638119.539822,21.33933655480092
Nagaland,2020,3,Merchant payments,51912,62568884.13216571,17.951778669886536
Nagaland,2020,3,Financial Services,2544,2136903.0242114514,14.574868621833424
Nagaland,2020,3,Others,3731,2090339.2711506593,14.552837419852015
Nagaland,2020,4,Peer-to-peer payments,417393,2563827858.0487146,21.664767236094495
Nagaland,2020,4,Recharge & bill payments,335297,91929581.87730268,18.336533438434916
Nagaland,2020,4,Merchant payments,90496,113115660.17405558,18.543921403419144
Nagaland,2020,4,Financial Services,1068,1017278.309874404,13.832642278301549
Nagaland,2020,4,Others,3571,3194492.1527384534,14.976938995568943
Nagaland,2021,1,Peer-to-peer payments,477346,2841021698.4844904,21.76742957776342
Nagaland,2021,1,Recharge & bill payments,376473,110095189.5931618,18.51685591856953
Nagaland,2021,1,Merchant payments,116846,151202427.14605337,18.83413008074778
Nagaland,2021,1,Financial Services,1511,1929643.694251965,14.47284644769077
Nagaland,2021,1,Others,3721,3201525.695241506,14.979138346260598
Nagaland,2021,2,Peer-to-peer payments,526966,2847731457.571479,21.769788534818517
Nagaland,2021,2,Recharge & bill payments,453979,126962524.74536937,18.659402528009192
Nagaland,2021,2,Merchant payments,144413,176831583.13676447,18.990708335520495
Nagaland,2021,2,Financial Services,1624,1785915.6371230448,14.395442363586259
Nagaland,2021,2,Others,3809,2982482.691132756,14.90826696475242
Nagaland,2021,3,Peer-to-peer payments,667633,3536780176.7792263,21.986482595896938
Nagaland,2021,3,Recharge & bill payments,474693,141172028.23897478,18.76548977019197
Nagaland,2021,3,Merchant payments,208387,304493279.8158357,19.534159578584507
Nagaland,2021,3,Financial Services,1437,1634878.888862805,14.307079897145758
Nagaland,2021,3,Others,4642,3336484.2825483214,15.02042850027106
Nagaland,2021,4,Peer-to-peer payments,819452,4335295237.9809065,22.190055550737764
Nagaland,2021,4,Recharge & bill payments,492411,154359432.07659015,18.854794421891718
Nagaland,2021,4,Merchant payments,311673,442578210.0882374,19.908127755016135
Nagaland,2021,4,Financial Services,1790,2263055.5218537706,14.63222690081891
Nagaland,2021,4,Others,6157,4587848.468888722,15.338921946947881
Nagaland,2022,1,Peer-to-peer payments,963378,4798355631.574022,22.291539119620428
Nagaland,2022,1,Recharge & bill payments,529038,175942440.62210858,18.985667463276393
Nagaland,2022,1,Merchant payments,425336,563650239.9471383,20.14994447693124
Nagaland,2022,1,Financial Services,2022,2503998.824974763,14.733399941303865
Nagaland,2022,1,Others,6178,4499397.927512417,15.319454374155152
Nagaland,2022,2,Peer-to-peer payments,1032542,4933041257.229492,22.31922152288278
Nagaland,2022,2,Merchant payments,513456,640665988.1540827,20.278018801314005
Nagaland,2022,2,Recharge & bill payments,479322,162238616.41478142,18.90457875647909
Nagaland,2022,2,Financial Services,1547,1519503.219426635,14.233894668187142
Nagaland,2022,2,Others,4462,2819984.0024981033,14.85224212463707
Nagaland,2022,3,Peer-to-peer payments,990896,4568905305.863961,22.24253947417904
Nagaland,2022,3,Merchant payments,467257,642368278.6360128,20.280672341476098
Nagaland,2022,3,Recharge & bill payments,430854,148324294.67210707,18.814911621553005
Nagaland,2022,3,Financial Services,1479,2345498.6025009975,14.6680089872776
Nagaland,2022,3,Others,3627,2457117.2762476145,14.714499788825615
Nagaland,2022,4,Peer-to-peer payments,1314122,5888068476.789,22.49619384836463
Nagaland,2022,4,Merchant payments,647805,906834415.4525998,20.625470429618712
Nagaland,2022,4,Recharge & bill payments,508230,170028535.796474,18.951476844435703
Nagaland,2022,4,Financial Services,2104,1909585.0695077945,14.462397059000988
Nagaland,2022,4,Others,3944,3125371.2064643847,14.955063940128678
Nagaland,2023,1,Peer-to-peer payments,1499574,6682278926.0,22.622724923050765
Nagaland,2023,1,Recharge & bill payments,594157,217058376.0,19.195676893758943
Nagaland,2023,1,Merchant payments,586135,908765354.0,20.627597483505568
Nagaland,2023,1,Financial Services,2116,3157626.0,14.96533135409229
Nagaland,2023,1,Others,3588,3137572.0,14.958960129083776
Nagaland,2023,2,Peer-to-peer payments,1617109,6785635810.0,22.638073834170086
Nagaland,2023,2,Merchant payments,727260,1034147550.0,20.756843302078387
Nagaland,2023,2,Recharge & bill payments,572760,197242689.0,19.099945457434462
Nagaland,2023,2,Financial Services,2070,1698008.0,14.34496694619274
Nagaland,2023,2,Others,2802,2675253.0,14.799554887075496
Nagaland,2023,3,Peer-to-peer payments,1885439,7170452325.0,22.693234575481636
Nagaland,2023,3,Merchant payments,941540,1233761672.0,20.933333610065382
Nagaland,2023,3,Recharge & bill payments,589934,204490934.0,19.13603420483627
Nagaland,2023,3,Financial Services,3255,5608850.0,15.539856443687642
Nagaland,2023,3,Others,2163,1985892.0,14.50157924499585
Nagaland,2023,4,Peer-to-peer payments,2108656,7951828073.0,22.79666768559412
Nagaland,2023,4,Merchant payments,1114580,1506769625.0,21.133233875628363
Nagaland,2023,4,Recharge & bill payments,569355,210015855.0,19.162693590593307
Nagaland,2023,4,Financial Services,2722,4005037.0,15.203063626579409
Nagaland,2023,4,Others,1866,1956832.0,14.486837908041037
Nagaland,2024,1,Peer-to-peer payments,2252013,8080209969.0,22.812683695527912
Nagaland,2024,1,Merchant payments,1406740,1731421124.0,21.272208367780443
Nagaland,2024,1,Recharge & bill payments,595725,227556519.0,19.24290920505972
Nagaland,2024,1,Financial Services,2602,3951600.0,15.189631371214475
Nagaland,2024,1,Others,1844,1776096.0,14.389928818159909
Nagaland,2024,2,Peer-to-peer payments,2655039,8746750126.0,22.891948054267505
Nagaland,2024,2,Merchant payments,2310391,2028921372.0,21.430770145437453
Nagaland,2024,2,Recharge & bill payments,626712,228501471.0,19.247053210290915
Nagaland,2024,2,Financial Services,4449,6400726.0,15.671922135628618
Nagaland,2024,2,Others,2109,2339401.0,14.665405899118444
Nagaland,2024,3,Peer-to-peer payments,3226550,9580356158.0,22.982980605586764
Nagaland,2024,3,Merchant payments,3070195,2427367862.0,21.61007332328054
Nagaland,2024,3,Recharge & bill payments,675444,263008367.0,19.387696407126366
Nagaland,2024,3,Financial Services,7303,8841059.0,15.99491733692752
Nagaland,2024,3,Others,2143,1741722.0,14.370385411121575
Nagaland,2024,4,Peer-to-peer payments,3650092,10820675194.0,23.104724510913172
Nagaland,2024,4,Merchant payments,3599232,2864643406.0,21.775709714096163
Nagaland,2024,4,Recharge & bill payments,653702,265920419.0,19.398707649052493
Nagaland,2024,4,Financial Services,16507,6341057.0,15.662556189462604
Nagaland,2024,4,Others,2019,1518600.0,14.233300074262305
Odisha,2018,1,Recharge & bill payments,2874109,331254466.1508661,19.61839742091224
Odisha,2018,1,Peer-to-peer payments,2305610,4033548999.1932316,22.117912470573756
Odisha,2018,1,Financial Services,323352,58099674.94576137,17.877670644280965
Odisha,2018,1,Merchant payments,129659,112301341.66618621,18.53669637570297
Odisha,2018,1,Others,177091,92427728.93143727,18.341937599071755
Odisha,2018,2,Peer-to-peer payments,3989202,7621288195.565702,22.75421124702425
Odisha,2018,2,Recharge & bill payments,3307545,482823290.3527084,19.995161288262448
Odisha,2018,2,Financial Services,472304,67829259.91787937,18.03250423676795
Odisha,2018,2,Merchant payments,257628,213530873.3537121,19.179291990733883
Odisha,2018,2,Others,131465,102838720.42969128,18.448672507667908
Odisha,2018,3,Peer-to-peer payments,24472139,22029087498.562176,23.81562957609309
Odisha,2018,3,Recharge & bill payments,3886392,605721781.5285043,20.2219313338743
Odisha,2018,3,Financial Services,836547,97292154.49117658,18.39322892202715
Odisha,2018,3,Merchant payments,729995,275532813.41930753,19.434217288064403
Odisha,2018,3,Others,127082,86881527.58366849,18.280056008190204
Odisha,2018,4,Peer-to-peer payments,12285028,21804268077.596016,23.80537157100022
Odisha,2018,4,Recharge & bill payments,5142124,773017649.5916129,20.465812440174076
Odisha,2018,4,Merchant payments,3061813,682181415.8729985,20.34080618757927
Odisha,2018,4,Financial Services,495495,55534399.30905172,17.832513212092564
Odisha,2018,4,Others,158338,114868029.19162312,18.559294463821193
Odisha,2019,1,Peer-to-peer payments,24117274,33342321630.613514,24.230093346866056
Odisha,2019,1,Recharge & bill payments,6713747,1120730273.3482153,20.837246340441826
Odisha,2019,1,Merchant payments,2690762,821493664.580642,20.52663478461533
Odisha,2019,1,Financial Services,375910,34542738.889085874,17.357707952640556
Odisha,2019,1,Others,134249,108039623.26819064,18.498008609172448
Odisha,2019,2,Peer-to-peer payments,16455353,41423292021.956635,24.447109168822593
Odisha,2019,2,Recharge & bill payments,7845252,1506620072.6624596,21.133134617083954
Odisha,2019,2,Merchant payments,4827067,1664621261.2600245,21.232863464389467
Odisha,2019,2,Financial Services,202705,20424212.30787918,16.832231681830468
Odisha,2019,2,Others,181647,139897303.4868461,18.756419172022255
Odisha,2019,3,Peer-to-peer payments,18490877,51447586885.48035,24.663829396017306
Odisha,2019,3,Merchant payments,13984738,3895753253.334454,22.083152887644705
Odisha,2019,3,Recharge & bill payments,8565917,1806123698.4609375,21.31444878320633
Odisha,2019,3,Financial Services,195034,31079934.758642014,17.252073016493824
Odisha,2019,3,Others,185706,124033587.18883926,18.63606295938062
Odisha,2019,4,Peer-to-peer payments,43284477,72966050937.29504,25.013260114283096
Odisha,2019,4,Recharge & bill payments,10629461,2290841668.304525,21.55218512816686
Odisha,2019,4,Merchant payments,10601703,4395710870.154251,22.203895100431758
Odisha,2019,4,Financial Services,323887,38782542.04589868,17.473480781851
Odisha,2019,4,Others,156105,77987614.2508337,18.172060593211707
Odisha,2020,1,Peer-to-peer payments,27110930,82863844732.4941,25.140464672875154
Odisha,2020,1,Merchant payments,13269709,5738217250.062569,22.470414415598285
Odisha,2020,1,Recharge & bill payments,13083524,3253609732.8992968,21.903030904284833
Odisha,2020,1,Financial Services,84037,27641460.905009564,17.13482744638437
Odisha,2020,1,Others,134107,73485022.97217913,18.11259218794154
Odisha,2020,2,Peer-to-peer payments,24520938,80990080777.89252,25.117592524600227
Odisha,2020,2,Recharge & bill payments,17040333,4551061364.34481,22.238626309815476
Odisha,2020,2,Merchant payments,8313965,6092753944.948116,22.530366024326305
Odisha,2020,2,Financial Services,66787,50322080.338512495,17.733954531554183
Odisha,2020,2,Others,86553,48818444.57258892,17.703618782450636
Odisha,2020,3,Peer-to-peer payments,34182172,107064668710.39911,25.396698869324357
Odisha,2020,3,Recharge & bill payments,17126851,5015719823.514479,22.335842782360245
Odisha,2020,3,Merchant payments,14519265,10242496366.436386,23.04981121272928
Odisha,2020,3,Financial Services,90736,84971747.75755268,18.25782939165005
Odisha,2020,3,Others,114805,56087156.18513397,17.842417417103885
Odisha,2020,4,Peer-to-peer payments,47588728,153208735347.1269,25.755067111871014
Odisha,2020,4,Merchant payments,27124765,19347472702.804092,23.685827638269494
Odisha,2020,4,Recharge & bill payments,17318073,5532179002.002789,22.43384760796273
Odisha,2020,4,Financial Services,106189,104419909.66526456,18.46393093041351
Odisha,2020,4,Others,187195,109856053.01820508,18.51468146695773
Odisha,2021,1,Peer-to-peer payments,54417515,181450436291.91052,25.92424837508268
Odisha,2021,1,Merchant payments,38180718,25201936762.205833,23.950186684193312
Odisha,2021,1,Recharge & bill payments,18633830,6552605937.545543,22.60312866068403
Odisha,2021,1,Financial Services,87263,95064023.94844367,18.37006116939036
Odisha,2021,1,Others,141032,97693172.7305285,18.397342244874245
Odisha,2021,2,Peer-to-peer payments,66929109,208405882369.0544,26.0627533727711
Odisha,2021,2,Merchant payments,39402607,29208847674.89984,24.09773750292394
Odisha,2021,2,Recharge & bill payments,25183699,8024323050.14009,22.80574314740629
Odisha,2021,2,Financial Services,102474,102761986.97553992,18.447926075829844
Odisha,2021,2,Others,206448,122302396.20450994,18.622007201483374
Odisha,2021,3,Peer-to-peer payments,85728576,251150860524.22568,26.249319633476336
Odisha,2021,3,Merchant payments,64268830,43316348173.18004,24.49179595668421
Odisha,2021,3,Recharge & bill payments,26943670,9025674783.404198,22.92333910672538
Odisha,2021,3,Financial Services,97213,112383446.87807697,18.53742722370872
Odisha,2021,3,Others,324385,175452005.353413,18.982876095399263
Odisha,2021,4,Peer-to-peer payments,107560893,310704112799.8908,26.462106890466977
Odisha,2021,4,Merchant payments,99512650,63383870318.30179,24.87247525465405
Odisha,2021,4,Recharge & bill payments,26302130,10728834440.697895,23.09620076156556
Odisha,2021,4,Financial Services,133004,147526652.49426866,18.80951941907563
Odisha,2021,4,Others,416689,286705478.5345538,19.473966043104003
Odisha,2022,1,Peer-to-peer payments,118999900,364447461107.48627,26.621648238385944
Odisha,2022,1,Merchant payments,118108271,74302051597.7621,25.031404400654484
Odisha,2022,1,Recharge & bill payments,26083549,12133153536.781809,23.219207504496516
Odisha,2022,1,Financial Services,102802,118946014.37332995,18.5941802958195
Odisha,2022,1,Others,338977,225699523.4203592,19.234715134653772
Odisha,2022,2,Merchant payments,148544714,90369380298.62819,25.22717133346848
Odisha,2022,2,Peer-to-peer payments,134717859,405793657448.2689,26.729110634470462
Odisha,2022,2,Recharge & bill payments,29843263,13602640170.909237,23.333529741135017
Odisha,2022,2,Financial Services,88649,95050158.46585183,18.369915304602216
Odisha,2022,2,Others,257113,174284263.75509703,18.976198229622725
Odisha,2022,3,Merchant payments,188143417,102889591517.77438,25.35692232324922
Odisha,2022,3,Peer-to-peer payments,161912635,444439407187.0311,26.82007956582106
Odisha,2022,3,Recharge & bill payments,36270166,16916650473.363901,23.551564209019283
Odisha,2022,3,Financial Services,113961,114005498.98461477,18.551757250674072
Odisha,2022,3,Others,247147,185902663.39600113,19.040733785004246
Odisha,2022,4,Merchant payments,222167575,121470843740.33278,25.52294010172266
Odisha,2022,4,Peer-to-peer payments,186438654,512124643103.06616,26.961833875920973
Odisha,2022,4,Recharge & bill payments,36735289,18266150373.351486,23.628315477654994
Odisha,2022,4,Financial Services,132033,149681749.30767313,18.824021933526044
Odisha,2022,4,Others,241192,205745557.94232672,19.14215081256105
Odisha,2023,1,Merchant payments,243616581,133278562001.0,25.61570722600602
Odisha,2023,1,Peer-to-peer payments,198553747,595933691341.0,27.113395241684753
Odisha,2023,1,Recharge & bill payments,40372356,24411906758.0,23.918336832147336
Odisha,2023,1,Financial Services,127296,134484035.0,18.716956058511965
Odisha,2023,1,Others,226108,210333528.0,19.164205062106358
Odisha,2023,2,Merchant payments,282885225,147421475866.0,25.71656150396527
Odisha,2023,2,Peer-to-peer payments,217285461,625263844732.0,27.161439549174705
Odisha,2023,2,Recharge & bill payments,44095331,26269101096.0,23.99165922220535
Odisha,2023,2,Financial Services,145204,188423267.0,19.05420141566536
Odisha,2023,2,Others,186608,189209143.0,19.05836354322393
Odisha,2023,3,Merchant payments,337194096,160182679944.0,25.79958075053605
Odisha,2023,3,Peer-to-peer payments,239288791,651619933183.0,27.20272730434207
Odisha,2023,3,Recharge & bill payments,45575270,28052828938.0,24.057355317270034
Odisha,2023,3,Financial Services,174288,272020312.0,19.421387301618907
Odisha,2023,3,Others,165158,170875747.0,18.956447230467717
Odisha,2023,4,Merchant payments,401974050,192706056039.0,25.984431839169222
Odisha,2023,4,Peer-to-peer payments,282995042,753723955251.0,27.348292030827967
Odisha,2023,4,Recharge & bill payments,46794630,31909484745.0,24.186169130004977
Odisha,2023,4,Financial Services,219343,295192794.0,19.50313924321116
Odisha,2023,4,Others,154411,157176808.0,18.87288190163114
Odisha,2024,1,Merchant payments,480958823,229723048656.0,26.16014028404111
Odisha,2024,1,Peer-to-peer payments,327868990,890454993995.0,27.514998398248455
Odisha,2024,1,Recharge & bill payments,54984697,35740864005.0,24.299560521147658
Odisha,2024,1,Financial Services,206264,317440749.0,19.5758017447092
Odisha,2024,1,Others,159678,152375131.0,18.841856012049174
Odisha,2024,2,Merchant payments,543560945,246063468363.0,26.22885534108179
Odisha,2024,2,Peer-to-peer payments,342157122,881670858128.0,27.50508464658095
Odisha,2024,2,Recharge & bill payments,57872828,36472333691.0,24.31981982908089
Odisha,2024,2,Financial Services,259583,475998990.0,19.98092629244555
Odisha,2024,2,Others,177257,156624829.0,18.869363885784864
Odisha,2024,3,Merchant payments,594398252,254047831665.0,26.26078839988183
Odisha,2024,3,Peer-to-peer payments,372445745,884610057048.0,27.508412771351733
Odisha,2024,3,Recharge & bill payments,56600977,37869373438.0,24.35740853367439
Odisha,2024,3,Financial Services,306057,542793477.0,20.11223947037749
Odisha,2024,3,Others,189318,163889006.0,18.91469997007968
Odisha,2024,4,Merchant payments,666763461,286924145371.0,26.382483715932423
Odisha,2024,4,Peer-to-peer payments,418408615,978893406606.0,27.609688593678804
Odisha,2024,4,Recharge & bill payments,56768341,38925218377.0,24.384908164875526
Odisha,2024,4,Financial Services,971394,536760198.0,20.10106199593994
Odisha,2024,4,Others,185757,178062687.0,18.9976462260309
Puducherry,2018,1,Recharge & bill payments,53125,9704752.648983236,16.088126390335532
Puducherry,2018,1,Peer-to-peer payments,40303,147834476.16250613,18.811603808304522
Puducherry,2018,1,Merchant payments,4163,4427034.0315394765,15.303240624838487
Puducherry,2018,1,Financial Services,2086,565799.4553442572,13.245996742628808
Puducherry,2018,1,Others,4535,3293909.0714630377,15.00758588863759
Puducherry,2018,2,Recharge & bill payments,59867,14607336.895731753,16.497034556017766
Puducherry,2018,2,Peer-to-peer payments,57751,261299695.1891191,19.381178567800227
Puducherry,2018,2,Merchant payments,6904,6103101.528770715,15.624307811118554
Puducherry,2018,2,Financial Services,2105,822585.95719087,13.620209479061792
Puducherry,2018,2,Others,3634,2968399.9616244407,14.903533969031857
Puducherry,2018,3,Peer-to-peer payments,101817,378368361.36171496,19.751378782665903
Puducherry,2018,3,Recharge & bill payments,67909,19654338.114449568,16.79380869197615
Puducherry,2018,3,Merchant payments,14384,16102024.2759922,16.594455615583236
Puducherry,2018,3,Financial Services,1766,395306.6421075966,12.887419581522893
Puducherry,2018,3,Others,4395,3138045.0999426576,14.959110903034846
Puducherry,2018,4,Peer-to-peer payments,173170,569825171.3369759,20.160840156547856
Puducherry,2018,4,Recharge & bill payments,95788,25159891.51570208,17.04076171775647
Puducherry,2018,4,Merchant payments,29470,25999609.7587573,17.073592125056667
Puducherry,2018,4,Financial Services,3490,689170.0726864681,13.443244810448705
Puducherry,2018,4,Others,6046,4017822.739373042,15.206250955642943
Puducherry,2019,1,Peer-to-peer payments,313822,835983054.254643,20.5441189020094
Puducherry,2019,1,Recharge & bill payments,124092,32635247.523153085,17.300903505256198
Puducherry,2019,1,Merchant payments,54518,33763704.68083725,17.33489698709589
Puducherry,2019,1,Financial Services,3165,337570.322842385,12.729532093908729
Puducherry,2019,1,Others,5495,3753447.525046112,15.138185582046386
Puducherry,2019,2,Peer-to-peer payments,331248,1109343371.746654,20.827034121148223
Puducherry,2019,2,Recharge & bill payments,147585,46876569.36325147,17.6630285427764
Puducherry,2019,2,Merchant payments,92941,49963601.61554676,17.726805350620783
Puducherry,2019,2,Financial Services,1524,469351.5481967761,13.05910946695414
Puducherry,2019,2,Others,6779,4794015.854158426,15.38287920964789
Puducherry,2019,3,Peer-to-peer payments,394866,1316118199.672093,20.997952483956016
Puducherry,2019,3,Recharge & bill payments,158483,57003044.29549825,17.858615250608505
Puducherry,2019,3,Merchant payments,156137,82601335.47825414,18.22953641848445
Puducherry,2019,3,Financial Services,1090,528680.8975952889,13.178142202173179
Puducherry,2019,3,Others,6250,4457097.111970215,15.310008464692965
Puducherry,2019,4,Peer-to-peer payments,559670,1725523873.442102,21.268796536652395
Puducherry,2019,4,Merchant payments,249621,128039884.38667427,18.667852377928657
Puducherry,2019,4,Recharge & bill payments,195707,74383571.67593375,18.12474567805751
Puducherry,2019,4,Financial Services,1481,391196.1284481905,12.876966876748247
Puducherry,2019,4,Others,6176,3689792.245744483,15.121080983483361
Puducherry,2020,1,Peer-to-peer payments,600290,1919499665.8834748,21.375330398861728
Puducherry,2020,1,Merchant payments,349788,184925417.68654612,19.035463159524035
Puducherry,2020,1,Recharge & bill payments,251115,96515615.43520354,18.3852153815605
Puducherry,2020,1,Financial Services,1527,858236.5498234634,13.662636204746281
Puducherry,2020,1,Others,5201,3478541.524535387,15.062123949234566
Puducherry,2020,2,Peer-to-peer payments,468789,1680190117.5830743,21.242172789782067
Puducherry,2020,2,Recharge & bill payments,310746,115223074.03158064,18.562380590261462
Puducherry,2020,2,Merchant payments,249951,160931601.28167117,18.896490002134048
Puducherry,2020,2,Financial Services,1555,2339469.003658029,14.665434967516973
Puducherry,2020,2,Others,2342,1346718.5876069884,14.113182258225049
Puducherry,2020,3,Peer-to-peer payments,855511,3116583524.6597652,21.86000321496418
Puducherry,2020,3,Merchant payments,560420,335583369.656126,19.631380980245382
Puducherry,2020,3,Recharge & bill payments,306852,138925436.52727452,18.74944792650284
Puducherry,2020,3,Financial Services,3039,4788490.3633705,15.381725964323202
Puducherry,2020,3,Others,5080,2199408.2280669413,14.60369934957034
Puducherry,2020,4,Peer-to-peer payments,1211359,4090057482.9812045,22.131824861665486
Puducherry,2020,4,Merchant payments,1108292,647985607.5763036,20.28937904508274
Puducherry,2020,4,Recharge & bill payments,383707,184037245.74375987,19.030648723042702
Puducherry,2020,4,Financial Services,3783,3888988.236763457,15.173659845523732
Puducherry,2020,4,Others,8862,4556893.133174548,15.33215183828306
Puducherry,2021,1,Peer-to-peer payments,1406958,4798646712.501943,22.291599780422107
Puducherry,2021,1,Merchant payments,1385444,857787315.6292762,20.569866744007776
Puducherry,2021,1,Recharge & bill payments,504499,231829246.92353857,19.261511658319797
Puducherry,2021,1,Financial Services,5073,5953397.434996936,15.59947278001456
Puducherry,2021,1,Others,7458,5092899.253895952,15.443358020734046
Puducherry,2021,2,Peer-to-peer payments,1581221,5266478797.142263,22.38462781643618
Puducherry,2021,2,Merchant payments,1437110,932602617.3169692,20.65348974988009
Puducherry,2021,2,Recharge & bill payments,719252,289799593.1571478,19.484700187425954
Puducherry,2021,2,Financial Services,4851,4980243.907969391,15.420989626098729
Puducherry,2021,2,Others,8953,4973445.019544071,15.419623521900357
Puducherry,2021,3,Merchant payments,2273996,1443176801.0606492,21.090112633183253
Puducherry,2021,3,Peer-to-peer payments,2089199,6918396493.778431,22.657449859316927
Puducherry,2021,3,Recharge & bill payments,741388,356068931.7441095,19.690634901375862
Puducherry,2021,3,Financial Services,4733,5523949.081350253,15.524603756785162
Puducherry,2021,3,Others,12410,6808255.349929206,15.733646602746363
Puducherry,2021,4,Merchant payments,3052713,1864951565.928207,21.346500920229484
Puducherry,2021,4,Peer-to-peer payments,2530821,8113722339.447034,22.81682258133335
Puducherry,2021,4,Recharge & bill payments,762641,428453211.3120815,19.87569210057045
Puducherry,2021,4,Financial Services,5995,7655925.10855468,15.85099056062565
Puducherry,2021,4,Others,16640,8868759.43463589,15.998045596451984
Puducherry,2022,1,Merchant payments,3723135,2199614586.4039083,21.511547994419875
Puducherry,2022,1,Peer-to-peer payments,2901199,9407577501.769796,22.96478131880025
Puducherry,2022,1,Recharge & bill payments,715338,460522863.7855054,19.947873064512798
Puducherry,2022,1,Financial Services,6203,8184455.912082582,15.917747414977281
Puducherry,2022,1,Others,13301,7575497.515363299,15.8404297178033
Puducherry,2022,2,Merchant payments,4613049,2693234774.5574756,21.714008826908145
Puducherry,2022,2,Peer-to-peer payments,3242208,10537267921.61604,23.078184136080825
Puducherry,2022,2,Recharge & bill payments,773154,535604974.57621765,20.098907461462222
Puducherry,2022,2,Financial Services,4914,6556452.522381971,15.695960393143617
Puducherry,2022,2,Others,10362,6081132.496780836,15.620701666957949
Puducherry,2022,3,Merchant payments,3992974,2322908508.7835197,21.5660859054492
Puducherry,2022,3,Peer-to-peer payments,2474932,8058325855.623236,22.809971661793845
Puducherry,2022,3,Recharge & bill payments,564285,463054690.5826355,19.95335572944292
Puducherry,2022,3,Financial Services,4621,5514275.578545391,15.5228510286379
Puducherry,2022,3,Others,5915,4514380.573011656,15.322778763804276
Puducherry,2022,4,Merchant payments,4464977,2534351530.8368397,21.653203635284104
Puducherry,2022,4,Peer-to-peer payments,2547018,8141612224.034059,22.82025405939266
Puducherry,2022,4,Recharge & bill payments,531963,453692483.7752487,19.932930180192944
Puducherry,2022,4,Financial Services,6073,7875178.045195433,15.879226478315347
Puducherry,2022,4,Others,6096,4673460.483150147,15.357410572028105
Puducherry,2023,1,Merchant payments,6210806,3316530650.0,21.922185088859138
Puducherry,2023,1,Peer-to-peer payments,3253673,10233359658.0,23.04891877540886
Puducherry,2023,1,Recharge & bill payments,665403,659444437.0,20.306908277899286
Puducherry,2023,1,Financial Services,6899,7467930.0,15.826128544179534
Puducherry,2023,1,Others,7514,5585831.0,15.535743949847022
Puducherry,2023,2,Merchant payments,6947299,3741027689.0,22.042626194049262
Puducherry,2023,2,Peer-to-peer payments,3454536,10911578720.0,23.11309033035577
Puducherry,2023,2,Recharge & bill payments,716315,721293051.0,20.396556064819716
Puducherry,2023,2,Financial Services,5894,7597615.0,15.84334507183685
Puducherry,2023,2,Others,6282,5236182.0,15.471103355744953
Puducherry,2023,3,Merchant payments,7931739,4179109351.0,22.153363987095442
Puducherry,2023,3,Peer-to-peer payments,3700961,11504274941.0,23.165984537326576
Puducherry,2023,3,Recharge & bill payments,733610,749217503.0,20.43453989184911
Puducherry,2023,3,Financial Services,7290,7192768.0,15.788586773777991
Puducherry,2023,3,Others,6041,4697276.0,15.362493537083317
Puducherry,2023,4,Merchant payments,8375075,4370563512.0,22.19815778808378
Puducherry,2023,4,Peer-to-peer payments,3860142,11819316619.0,23.193001031686144
Puducherry,2023,4,Recharge & bill payments,737154,820859102.0,20.52586203636738
Puducherry,2023,4,Financial Services,7952,9479756.0,16.064669240991282
Puducherry,2023,4,Others,5840,4291561.0,15.272161327199049
Puducherry,2024,1,Merchant payments,8721907,4329956028.0,22.18882322394389
Puducherry,2024,1,Peer-to-peer payments,3970891,12177414629.0,23.222848813150268
Puducherry,2024,1,Recharge & bill payments,740529,864726690.0,20.577924050807113
Puducherry,2024,1,Financial Services,8561,10368835.0,16.1543153270396
Puducherry,2024,1,Others,5062,4015795.0,15.205746142250751
Puducherry,2024,2,Merchant payments,9644255,4716626511.0,22.27435965897442
Puducherry,2024,2,Peer-to-peer payments,4156839,12651154981.0,23.261014350876984
Puducherry,2024,2,Recharge & bill payments,749291,855888787.0,20.56765100510486
Puducherry,2024,2,Financial Services,8978,12912682.0,16.373720564623255
Puducherry,2024,2,Others,5532,5426775.0,15.506855777087749
Puducherry,2024,3,Merchant payments,10635002,5125352228.0,22.357465087219005
Puducherry,2024,3,Peer-to-peer payments,4591074,13471904720.0,23.323872222049044
Puducherry,2024,3,Recharge & bill payments,768057,915335917.0,20.634801679363722
Puducherry,2024,3,Financial Services,9013,16592842.0,16.624482015778913
Puducherry,2024,3,Others,5565,5818689.0,15.576585708461332
Puducherry,2024,4,Merchant payments,11056472,5370645087.0,22.40421386637156
Puducherry,2024,4,Peer-to-peer payments,4714040,13672653365.0,23.338663570236935
Puducherry,2024,4,Recharge & bill payments,750373,899779153.0,20.617659906732452
Puducherry,2024,4,Financial Services,33413,17161928.0,16.65820405829368
Puducherry,2024,4,Others,5379,5153014.0,15.4550925382318
Punjab,2018,1,Recharge & bill payments,946338,196018621.35851485,19.093720224714673
Punjab,2018,1,Peer-to-peer payments,690684,2412434633.5413933,21.60390229631974
Punjab,2018,1,Merchant payments,87477,83873893.96204324,18.244824978350174
Punjab,2018,1,Financial Services,60688,11162488.423236402,16.22806955664003
Punjab,2018,1,Others,85246,77268587.56920797,18.16279807352329
Punjab,2018,2,Recharge & bill payments,1262450,395417027.849745,19.795451535172873
Punjab,2018,2,Peer-to-peer payments,1017159,4036457553.7177477,22.118633301376224
Punjab,2018,2,Merchant payments,147667,159406610.2632674,18.886968799390445
Punjab,2018,2,Financial Services,82256,17719391.411258094,16.690170214249633
Punjab,2018,2,Others,71631,75671628.7650177,18.141913876234696
Punjab,2018,3,Peer-to-peer payments,1684209,6173898400.559117,22.54359630703726
Punjab,2018,3,Recharge & bill payments,1381730,622737633.7524918,20.249635856032263
Punjab,2018,3,Merchant payments,274458,194883994.57571086,19.087915045024555
Punjab,2018,3,Financial Services,54285,9429174.53468925,16.059319220743852
Punjab,2018,3,Others,67426,64737840.39918464,17.985856463292727
Punjab,2018,4,Peer-to-peer payments,2269375,9404088424.489891,22.964410370545774
Punjab,2018,4,Recharge & bill payments,1817964,825449591.241031,20.53143875615418
Punjab,2018,4,Merchant payments,648096,455091549.5918779,19.936009166767228
Punjab,2018,4,Financial Services,62453,11832962.875482317,16.2863997434999
Punjab,2018,4,Others,89249,85520045.45150709,18.26426136784634
Punjab,2019,1,Peer-to-peer payments,4026294,12027441595.712797,23.2104566757134
Punjab,2019,1,Recharge & bill payments,2304690,986004867.8072444,20.7091718504931
Punjab,2019,1,Merchant payments,711152,478382600.617519,19.985921392083014
Punjab,2019,1,Financial Services,45621,6871295.954710579,15.742863431637108
Punjab,2019,1,Others,84380,75789641.76089522,18.143472202238314
Punjab,2019,2,Peer-to-peer payments,4140474,16258891447.321405,23.511905762131946
Punjab,2019,2,Recharge & bill payments,2815047,1440058991.4565237,21.087949916678895
Punjab,2019,2,Merchant payments,1407963,815090878.0150015,20.518810172982448
Punjab,2019,2,Financial Services,37435,6876144.454559349,15.743568799211012
Punjab,2019,2,Others,108911,93875933.52482703,18.357484622990523
Punjab,2019,3,Peer-to-peer payments,4726946,19146726286.636036,23.67539758692199
Punjab,2019,3,Recharge & bill payments,3455594,2481094964.9170833,21.631965818197635
Punjab,2019,3,Merchant payments,2374014,1183743251.2734203,20.89194750215131
Punjab,2019,3,Financial Services,32359,7912219.734296376,15.883919050567968
Punjab,2019,3,Others,117899,86338883.28250344,18.273790625637293
Punjab,2019,4,Peer-to-peer payments,6386367,25564144629.75061,23.96445660631313
Punjab,2019,4,Recharge & bill payments,4068332,2622222199.1884565,21.687287963239047
Punjab,2019,4,Merchant payments,3122413,1741259163.3677325,21.277874346141488
Punjab,2019,4,Financial Services,22956,6382345.429778575,15.669046366669027
Punjab,2019,4,Others,98557,55793908.45587015,17.83717527185792
Punjab,2020,1,Peer-to-peer payments,6339183,26350005915.230072,23.994734336458617
Punjab,2020,1,Recharge & bill payments,4935115,2767419472.6505165,21.741181124978485
Punjab,2020,1,Merchant payments,3838480,2196329615.3949203,21.51005344787053
Punjab,2020,1,Financial Services,17924,10987850.955996178,16.21230085286265
Punjab,2020,1,Others,87082,49442411.668161854,17.7163191698454
Punjab,2020,2,Recharge & bill payments,6064807,3089758241.1281967,21.851358686001788
Punjab,2020,2,Peer-to-peer payments,5639212,25074384847.498463,23.94511263803081
Punjab,2020,2,Merchant payments,2290868,2058898904.3613408,21.445437164884943
Punjab,2020,2,Financial Services,23314,23704957.876037344,16.98119481949455
Punjab,2020,2,Others,63093,37907301.34960769,17.450654325625507
Punjab,2020,3,Peer-to-peer payments,7354451,32477438924.476498,24.20381149831439
Punjab,2020,3,Recharge & bill payments,5478668,4066750820.6407743,22.126110193649488
Punjab,2020,3,Merchant payments,4261548,3490665357.291087,21.973358202064713
Punjab,2020,3,Financial Services,32390,42060249.32847581,17.554613679920493
Punjab,2020,3,Others,82516,46176796.076553434,17.647988002113124
Punjab,2020,4,Peer-to-peer payments,9609405,43286909256.83391,24.491116099636038
Punjab,2020,4,Merchant payments,7144295,6142380827.109474,22.538478260968223
Punjab,2020,4,Recharge & bill payments,6072201,4201551869.9511185,22.158719787073576
Punjab,2020,4,Financial Services,38820,51677182.316327386,17.760526913560266
Punjab,2020,4,Others,133204,92887343.34418696,18.346897965700926
Punjab,2021,1,Peer-to-peer payments,10951083,46908632143.31532,24.571467549712533
Punjab,2021,1,Merchant payments,9333364,7651004598.907397,22.75810279641244
Punjab,2021,1,Recharge & bill payments,6332928,3980874403.2760215,22.10476733167918
Punjab,2021,1,Financial Services,43094,52009482.41407214,17.766936633265246
Punjab,2021,1,Others,110366,98366463.19387978,18.404210492895395
Punjab,2021,2,Peer-to-peer payments,13180933,55282486111.30394,24.735721988482553
Punjab,2021,2,Merchant payments,11225598,9710508482.436422,22.996474484864784
Punjab,2021,2,Recharge & bill payments,7591039,4370756868.518326,22.19820202774321
Punjab,2021,2,Financial Services,46218,53309051.06501615,17.791616707080472
Punjab,2021,2,Others,127460,113998049.29147904,18.551691903506192
Punjab,2021,3,Peer-to-peer payments,17024782,66149902036.358826,24.915189246589556
Punjab,2021,3,Merchant payments,16837685,14103740968.543571,23.36970591612911
Punjab,2021,3,Recharge & bill payments,8465739,5540272095.274853,22.435309451350566
Punjab,2021,3,Financial Services,43789,63576666.590925634,17.967757099222208
Punjab,2021,3,Others,161494,135069073.84402025,18.721296871057802
Punjab,2021,4,Merchant payments,22669743,20753662875.546524,23.755988592215477
Punjab,2021,4,Peer-to-peer payments,20663881,83611403637.31992,25.149445754891392
Punjab,2021,4,Recharge & bill payments,8765579,6107473171.935022,22.532778968607605
Punjab,2021,4,Financial Services,58581,86356456.60324252,18.273994143816854
Punjab,2021,4,Others,201576,151230100.5948589,18.834313086517074
Punjab,2022,1,Merchant payments,25979197,23217511696.823074,23.868172645450773
Punjab,2022,1,Peer-to-peer payments,22354946,88645204328.52362,25.20790777132567
Punjab,2022,1,Recharge & bill payments,9188439,6317909908.645241,22.56665427990923
Punjab,2022,1,Financial Services,57561,83933665.00820544,18.245537354459383
Punjab,2022,1,Others,178159,125418506.96271203,18.647166766681742
Punjab,2022,2,Merchant payments,35941880,28585688543.687046,24.07617202899467
Punjab,2022,2,Peer-to-peer payments,25952349,100938068541.26062,25.337772982964346
Punjab,2022,2,Recharge & bill payments,10161030,7652499714.013335,22.758298191542853
Punjab,2022,2,Financial Services,50483,57234782.46271807,17.8626723740257
Punjab,2022,2,Others,167081,111934787.80332904,18.53342701686277
Punjab,2022,3,Merchant payments,43089589,32370885165.312702,24.200525249778305
Punjab,2022,3,Peer-to-peer payments,29862592,107653378074.87231,25.40218244043975
Punjab,2022,3,Recharge & bill payments,11017816,9119649328.792372,22.933697189612744
Punjab,2022,3,Financial Services,57979,68249938.53956848,18.038687106161824
Punjab,2022,3,Others,149921,107280498.83777893,18.490957456115684
Punjab,2022,4,Merchant payments,48358802,38162493193.40967,24.36511901667551
Punjab,2022,4,Peer-to-peer payments,32377106,120512767954.99376,25.51502154240498
Punjab,2022,4,Recharge & bill payments,10895208,9248445985.684328,22.94772137291739
Punjab,2022,4,Financial Services,62809,72160390.22791913,18.094401855376884
Punjab,2022,4,Others,141255,111559653.62333827,18.53007002483618
Punjab,2023,1,Merchant payments,50683710,37462999833.0,24.3466196117491
Punjab,2023,1,Peer-to-peer payments,33701280,126365345151.0,25.562443112966957
Punjab,2023,1,Recharge & bill payments,12305439,11478972029.0,23.163782679403404
Punjab,2023,1,Financial Services,70521,79209681.0,18.18760909678779
Punjab,2023,1,Others,149871,122150166.0,18.620761722838598
Punjab,2023,2,Merchant payments,64565961,41553118124.0,24.450238400558476
Punjab,2023,2,Peer-to-peer payments,39301140,140243650141.0,25.666647105044404
Punjab,2023,2,Recharge & bill payments,13207924,12183745216.0,23.223368541043545
Punjab,2023,2,Financial Services,76961,95312222.0,18.372668618532273
Punjab,2023,2,Others,138303,105749751.0,18.476586030734246
Punjab,2023,3,Merchant payments,74881815,46565196649.0,24.564119246040075
Punjab,2023,3,Peer-to-peer payments,43379354,145286422875.0,25.701972961147035
Punjab,2023,3,Recharge & bill payments,13684178,13149660821.0,23.299661802233736
Punjab,2023,3,Financial Services,92473,129392229.0,18.678358891860366
Punjab,2023,3,Others,123361,94910163.0,18.36844136005798
Punjab,2023,4,Merchant payments,81248644,54620603519.0,24.723677002363367
Punjab,2023,4,Peer-to-peer payments,47365190,161825075689.0,25.80978180910536
Punjab,2023,4,Recharge & bill payments,13392115,14445536415.0,23.393651305239157
Punjab,2023,4,Financial Services,102014,156978606.0,18.87162009288169
Punjab,2023,4,Others,121032,91267936.0,18.329310100972563
Punjab,2024,1,Merchant payments,82004146,54424588041.0,24.72008187475955
Punjab,2024,1,Peer-to-peer payments,46824100,154223751669.0,25.761670317796355
Punjab,2024,1,Recharge & bill payments,13489430,14372835813.0,23.38860586022616
Punjab,2024,1,Financial Services,99631,178070057.0,18.99768761509205
Punjab,2024,1,Others,119872,104174742.0,18.46158026826711
Punjab,2024,2,Merchant payments,104440898,62100642546.0,24.85202217280494
Punjab,2024,2,Peer-to-peer payments,53315081,167465027818.0,25.844040377271746
Punjab,2024,2,Recharge & bill payments,13930343,14507273633.0,23.39791599052974
Punjab,2024,2,Financial Services,118746,207422928.0,19.150270402133092
Punjab,2024,2,Others,141069,154670059.0,18.85680476093692
Punjab,2024,3,Merchant payments,114061023,66317076283.0,24.917713261819774
Punjab,2024,3,Peer-to-peer payments,58974111,173913771523.0,25.881825447373526
Punjab,2024,3,Recharge & bill payments,14254453,15458601083.0,23.46143138985374
Punjab,2024,3,Financial Services,146791,259188448.0,19.373065957406176
Punjab,2024,3,Others,118342,167519192.0,18.936608487739655
Punjab,2024,4,Merchant payments,120801535,76355607365.0,25.058667308821917
Punjab,2024,4,Peer-to-peer payments,64087805,197067021486.0,26.006809718419806
Punjab,2024,4,Recharge & bill payments,14140889,15295409347.0,23.45081857770863
Punjab,2024,4,Financial Services,367578,224863465.0,19.231003958202493
Punjab,2024,4,Others,111413,182750369.0,19.023631681215914
Rajasthan,2018,1,Recharge & bill payments,4305940,868358581.1737025,20.582115300420245
Rajasthan,2018,1,Peer-to-peer payments,2540658,7547652852.662634,22.74450247156446
Rajasthan,2018,1,Financial Services,202537,37125466.49571308,17.429813747484975
Rajasthan,2018,1,Merchant payments,184127,201212697.26059398,19.119873106825548
Rajasthan,2018,1,Others,358428,271943533.1341365,19.42110500761434
Rajasthan,2018,2,Recharge & bill payments,5288093,1511007056.105427,21.13604219071282
Rajasthan,2018,2,Peer-to-peer payments,3770555,13341587602.422176,23.31415188110396
Rajasthan,2018,2,Merchant payments,345752,342809667.5935513,19.65268594905547
Rajasthan,2018,2,Financial Services,279471,52145152.93902289,17.769541809667007
Rajasthan,2018,2,Others,289826,311536696.6979239,19.557027698876926
Rajasthan,2018,3,Peer-to-peer payments,7120792,21010614922.14291,23.768293619492244
Rajasthan,2018,3,Recharge & bill payments,5894660,2252031409.939968,21.535098495146105
Rajasthan,2018,3,Merchant payments,711240,445504998.0014268,19.91471902591527
Rajasthan,2018,3,Financial Services,230083,30185982.18078412,17.222888241515378
Rajasthan,2018,3,Others,300323,302431358.9473551,19.527364900422427
Rajasthan,2018,4,Peer-to-peer payments,10752729,33578327037.682457,24.237146667184472
Rajasthan,2018,4,Recharge & bill payments,7557003,2743591538.8320713,21.732533679983604
Rajasthan,2018,4,Merchant payments,1985927,1172254323.9731452,20.882194505390284
Rajasthan,2018,4,Financial Services,311632,40412563.014562674,17.514651285043342
Rajasthan,2018,4,Others,352432,374501619.8364362,19.741106688913348
Rajasthan,2019,1,Peer-to-peer payments,27621606,55246071722.22856,24.735063074784485
Rajasthan,2019,1,Recharge & bill payments,11650961,3821181816.6204696,22.06382558805834
Rajasthan,2019,1,Merchant payments,3921438,1664209334.5681162,21.23261597405801
Rajasthan,2019,1,Financial Services,359993,36340412.57538466,17.408441001588084
Rajasthan,2019,1,Others,402042,373355289.5614773,19.738041045859784
Rajasthan,2019,2,Peer-to-peer payments,25257679,79466464089.34059,25.098600934267512
Rajasthan,2019,2,Recharge & bill payments,14968290,5709279550.854211,22.465358679598538
Rajasthan,2019,2,Merchant payments,9026751,3435472167.201069,21.957420211165818
Rajasthan,2019,2,Financial Services,182685,34134486.762421735,17.34581880249435
Rajasthan,2019,2,Others,573881,461962878.5071422,19.95099509843085
Rajasthan,2019,3,Peer-to-peer payments,29885618,97443950786.5758,25.302543185935544
Rajasthan,2019,3,Merchant payments,19646612,6705923742.563935,22.626257113551492
Rajasthan,2019,3,Recharge & bill payments,16970783,7872719571.602099,22.786669401640005
Rajasthan,2019,3,Financial Services,217029,37899900.33366185,17.450459066715805
Rajasthan,2019,3,Others,583575,407796030.8547787,19.826277685441244
Rajasthan,2019,4,Peer-to-peer payments,43354317,140449134717.291,25.66811122969656
Rajasthan,2019,4,Recharge & bill payments,20604852,9028860435.054995,22.92369199885414
Rajasthan,2019,4,Merchant payments,20544791,9721826538.354998,22.997639353336343
Rajasthan,2019,4,Financial Services,101805,25014672.38444693,17.034973146031152
Rajasthan,2019,4,Others,468477,227573686.58499068,19.242984645383007
Rajasthan,2020,1,Peer-to-peer payments,48269912,165468574323.88968,25.83204713050013
Rajasthan,2020,1,Merchant payments,27880848,13643061482.35596,23.336496913103225
Rajasthan,2020,1,Recharge & bill payments,25631131,10961167179.81334,23.11762460739589
Rajasthan,2020,1,Financial Services,72604,34466606.25327997,17.355501507576356
Rajasthan,2020,1,Others,404317,200968968.6958118,19.118661074482763
Rajasthan,2020,2,Peer-to-peer payments,49160792,166176386876.30048,25.83631563272339
Rajasthan,2020,2,Recharge & bill payments,31681776,13014051935.53691,23.28929552883166
Rajasthan,2020,2,Merchant payments,20756594,14354151782.39264,23.38730506019075
Rajasthan,2020,2,Financial Services,92875,76662259.20544848,18.15492010098647
Rajasthan,2020,2,Others,262619,142020149.829893,18.77147951275042
Rajasthan,2020,3,Peer-to-peer payments,73247856,249006720239.33432,26.24074572196393
Rajasthan,2020,3,Merchant payments,45149210,27714680562.343937,24.045228093983905
Rajasthan,2020,3,Recharge & bill payments,30148875,16650017440.553333,23.535677100913055
Rajasthan,2020,3,Financial Services,146383,113675141.51464571,18.548855311377185
Rajasthan,2020,3,Others,396352,193212778.7117864,19.07930262513157
Rajasthan,2020,4,Peer-to-peer payments,88730951,321280847680.95026,26.495581492458527
Rajasthan,2020,4,Merchant payments,67367264,46142484518.08269,24.554999935643313
Rajasthan,2020,4,Recharge & bill payments,33455755,18123908525.97014,23.620497816672252
Rajasthan,2020,4,Financial Services,169294,136058685.85299307,18.728596871599816
Rajasthan,2020,4,Others,560171,351480425.6482615,19.67766458245331
Rajasthan,2021,1,Peer-to-peer payments,116733195,408190388154.2274,26.73499954014445
Rajasthan,2021,1,Merchant payments,96394132,61936457709.223076,24.84937482080579
Rajasthan,2021,1,Recharge & bill payments,38919519,20855464604.344055,23.76088184223468
Rajasthan,2021,1,Financial Services,192936,162581466.93308985,18.906689775231296
Rajasthan,2021,1,Others,491137,347689722.9177618,19.666821042091424
Rajasthan,2021,2,Peer-to-peer payments,139277445,467784146764.7472,26.871272801607642
Rajasthan,2021,2,Merchant payments,97860493,69922875807.46701,24.970658697431674
Rajasthan,2021,2,Recharge & bill payments,49501703,23387103755.819714,23.87545058588336
Rajasthan,2021,2,Financial Services,216441,186606893.61035594,19.04451479430349
Rajasthan,2021,2,Others,620957,422031947.60023904,19.860591576718118
Rajasthan,2021,3,Peer-to-peer payments,181742972,575912799217.8965,27.07922209593667
Rajasthan,2021,3,Merchant payments,167819345,105548321875.05884,25.382434712261286
Rajasthan,2021,3,Recharge & bill payments,49709657,28335516739.41771,24.067381863226046
Rajasthan,2021,3,Financial Services,197211,190362135.86135098,19.06443879952375
Rajasthan,2021,3,Others,815568,524328574.25040925,20.077629097774953
Rajasthan,2021,4,Merchant payments,221774624,151967969235.0213,25.746935606875887
Rajasthan,2021,4,Peer-to-peer payments,212937264,718215327365.9165,27.300035259873685
Rajasthan,2021,4,Recharge & bill payments,51610607,32831163302.92643,24.214644002005954
Rajasthan,2021,4,Financial Services,265091,263180819.6932125,19.38835188505367
Rajasthan,2021,4,Others,1034011,656777820.7586894,20.302856348417098
Rajasthan,2022,1,Merchant payments,267467038,171182113048.26318,25.865993815343217
Rajasthan,2022,1,Peer-to-peer payments,241739380,814525435614.1678,27.425871493003267
Rajasthan,2022,1,Recharge & bill payments,54555117,35542881861.07577,24.29400574423229
Rajasthan,2022,1,Financial Services,244029,243340851.71204624,19.309973704517514
Rajasthan,2022,1,Others,956656,556409604.9103613,20.137015282261302
Rajasthan,2022,2,Merchant payments,336900860,208238945148.44,26.061952032067836
Rajasthan,2022,2,Peer-to-peer payments,263380560,905641041298.7231,27.531908862824842
Rajasthan,2022,2,Recharge & bill payments,59879660,38325678033.564705,24.369385953252024
Rajasthan,2022,2,Financial Services,170705,175399371.37748802,18.982576059660424
Rajasthan,2022,2,Others,838365,452454748.2866859,19.93019831452738
Rajasthan,2022,3,Merchant payments,398104319,230609701751.02283,26.163992515674448
Rajasthan,2022,3,Peer-to-peer payments,299383118,961209376585.5621,27.59145809584496
Rajasthan,2022,3,Recharge & bill payments,69118763,46000391408.24405,24.551915742295915
Rajasthan,2022,3,Financial Services,215235,220271929.84233993,19.210373390319987
Rajasthan,2022,3,Others,719925,449514643.6055006,19.923678991112762
Rajasthan,2022,4,Merchant payments,457778005,275194969877.524,26.340745664780865
Rajasthan,2022,4,Peer-to-peer payments,334316758,1130380720682.5203,27.753575612866545
Rajasthan,2022,4,Recharge & bill payments,72510470,50609988781.94313,24.64741480053521
Rajasthan,2022,4,Financial Services,244442,270658680.97924906,19.41636910894604
Rajasthan,2022,4,Others,725173,500361375.69058275,20.030841148707186
Rajasthan,2023,1,Merchant payments,484552414,276693132279.0,26.346174903337303
Rajasthan,2023,1,Peer-to-peer payments,353301155,1216864232698.0,27.827298364712412
Rajasthan,2023,1,Recharge & bill payments,82232131,60583110261.0,24.82728198262738
Rajasthan,2023,1,Financial Services,259195,274450998.0,19.430283292960834
Rajasthan,2023,1,Others,751791,498449614.0,20.027013069038265
Rajasthan,2023,2,Merchant payments,592487449,310487787699.0,26.461410406467554
Rajasthan,2023,2,Peer-to-peer payments,389865502,1321457235324.0,27.909756209759607
Rajasthan,2023,2,Recharge & bill payments,90082184,65720609268.0,24.908678400751143
Rajasthan,2023,2,Financial Services,289948,328805088.0,19.61097569852044
Rajasthan,2023,2,Others,734255,461148921.0,19.949231590009095
Rajasthan,2023,3,Merchant payments,704324393,341799936129.0,26.557491420764222
Rajasthan,2023,3,Peer-to-peer payments,438800339,1385976868598.0,27.95742632723448
Rajasthan,2023,3,Recharge & bill payments,93085762,71540658202.0,24.993531771224195
Rajasthan,2023,3,Financial Services,359675,484002475.0,19.9976005803703
Rajasthan,2023,3,Others,661998,423978212.0,19.865192627442045
Rajasthan,2023,4,Merchant payments,766981185,396873110176.0,26.70688244482329
Rajasthan,2023,4,Peer-to-peer payments,484250991,1587157118494.0,28.09296555603481
Rajasthan,2023,4,Recharge & bill payments,97092812,81348244193.0,25.122005087022664
Rajasthan,2023,4,Financial Services,443168,570385125.0,20.161822350286776
Rajasthan,2023,4,Others,703998,430749813.0,19.88103800156723
Rajasthan,2024,1,Merchant payments,919893321,461976302970.0,26.858779434442095
Rajasthan,2024,1,Peer-to-peer payments,566762679,1797249393778.0,28.217278497505564
Rajasthan,2024,1,Recharge & bill payments,111655206,90033046149.0,25.223442619327244
Rajasthan,2024,1,Financial Services,475140,770584971.0,20.462660488279173
Rajasthan,2024,1,Others,687661,470845922.0,19.97004147107432
Rajasthan,2024,2,Merchant payments,1096672010,523282312007.0,26.983386948889564
Rajasthan,2024,2,Peer-to-peer payments,603947443,1879643438141.0,28.262103214219803
Rajasthan,2024,2,Recharge & bill payments,116905611,92675346901.0,25.252368329186343
Rajasthan,2024,2,Financial Services,580197,900517039.0,20.618479645221907
Rajasthan,2024,2,Others,749845,592923836.0,20.200576511951066
Rajasthan,2024,3,Merchant payments,1180358044,539372910912.0,27.013673025614146
Rajasthan,2024,3,Peer-to-peer payments,638917092,1829890897007.0,28.235277461883275
Rajasthan,2024,3,Recharge & bill payments,114791455,101313424056.0,25.34148475725944
Rajasthan,2024,3,Financial Services,740449,1135779724.0,20.850585234394256
Rajasthan,2024,3,Others,597995,544704206.0,20.11575346584161
Rajasthan,2024,4,Merchant payments,1255692535,612426670218.0,27.140695050106604
Rajasthan,2024,4,Peer-to-peer payments,672419613,2073546444802.0,28.360281515611792
Rajasthan,2024,4,Recharge & bill payments,112704437,105312390698.0,25.380196919619557
Rajasthan,2024,4,Financial Services,2077251,1154736814.0,20.867138289153946
Rajasthan,2024,4,Others,575711,609128876.0,20.227540423975327
Sikkim,2018,1,Recharge & bill payments,26965,4823943.542263939,15.389102521109134
Sikkim,2018,1,Peer-to-peer payments,13559,56334584.632872,17.846819214141476
Sikkim,2018,1,Merchant payments,1349,1677583.1440411464,14.332865306952188
Sikkim,2018,1,Financial Services,608,86906.81958101383,11.37260329087624
Sikkim,2018,1,Others,1597,1727920.8016103164,14.362429973624424
Sikkim,2018,2,Recharge & bill payments,45435,9465769.856051585,16.06319278210395
Sikkim,2018,2,Peer-to-peer payments,24237,127051984.3879841,18.66010689443231
Sikkim,2018,2,Merchant payments,2556,4713227.148135973,15.365883612995624
Sikkim,2018,2,Financial Services,562,218130.12995975127,12.292851674511288
Sikkim,2018,2,Others,1788,2243974.0076642134,14.623759408158163
Sikkim,2018,3,Recharge & bill payments,58421,12221506.18938216,16.318707842022206
Sikkim,2018,3,Peer-to-peer payments,43195,215547415.4557628,19.18869147326217
Sikkim,2018,3,Merchant payments,4521,5322296.747954514,15.487415675582874
Sikkim,2018,3,Financial Services,562,261766.8021705601,12.475213138532997
Sikkim,2018,3,Others,1801,1727241.758047811,14.362036913577922
Sikkim,2018,4,Recharge & bill payments,79232,16713780.628117373,16.6317441842504
Sikkim,2018,4,Peer-to-peer payments,65451,351253329.74205655,19.677018261106934
Sikkim,2018,4,Merchant payments,7452,12637809.239460425,16.352203691126093
Sikkim,2018,4,Financial Services,717,596472.7145790398,13.298790453462061
Sikkim,2018,4,Others,1681,1939965.7540404093,14.478181393800096
Sikkim,2019,1,Peer-to-peer payments,121984,422987999.89472675,19.862854369929078
Sikkim,2019,1,Recharge & bill payments,96878,20711589.874598008,16.846204047157293
Sikkim,2019,1,Merchant payments,18346,11837344.846847566,16.286769993950077
Sikkim,2019,1,Financial Services,1225,191594.23340424805,12.163140266361046
Sikkim,2019,1,Others,1854,2265105.53451732,14.63313235090014
Sikkim,2019,2,Peer-to-peer payments,172125,674044301.8399961,20.32880639793299
Sikkim,2019,2,Recharge & bill payments,142582,32535297.489453897,17.297836165279893
Sikkim,2019,2,Merchant payments,66722,28248001.02647286,17.156533288328987
Sikkim,2019,2,Financial Services,2294,310197.54774877685,12.644967848052678
Sikkim,2019,2,Others,4521,3756445.53226958,15.138983997299821
Sikkim,2019,3,Peer-to-peer payments,203052,794235862.6317357,20.492891032569275
Sikkim,2019,3,Merchant payments,188753,52337322.5262961,17.77322031746332
Sikkim,2019,3,Recharge & bill payments,156125,33922224.892257094,17.339580988558577
Sikkim,2019,3,Financial Services,288,548142.8999844441,13.214293122671604
Sikkim,2019,3,Others,4218,3672895.4901549704,15.116491143123728
Sikkim,2019,4,Peer-to-peer payments,508471,1086457147.940953,20.80618791734407
Sikkim,2019,4,Recharge & bill payments,181287,42705664.08625737,17.56984214120803
Sikkim,2019,4,Merchant payments,73992,43954548.804204434,17.598666699017365
Sikkim,2019,4,Financial Services,373,494076.3450829056,13.11044735290815
Sikkim,2019,4,Others,2947,2898164.4797200123,14.879588501585205
Sikkim,2020,1,Peer-to-peer payments,230413,954765350.1856782,20.676976162689712
Sikkim,2020,1,Recharge & bill payments,215586,53588505.838823974,17.796845178399973
Sikkim,2020,1,Merchant payments,79881,43201695.38937264,17.581390320715876
Sikkim,2020,1,Financial Services,345,175569.53933206247,12.075796174650446
Sikkim,2020,1,Others,1893,1745150.991195219,14.372352210797068
Sikkim,2020,2,Recharge & bill payments,297620,78397187.10935993,18.177298618725395
Sikkim,2020,2,Peer-to-peer payments,186495,939900165.9422412,20.661284222207538
Sikkim,2020,2,Merchant payments,31442,34385184.65717751,17.353136380086845
Sikkim,2020,2,Financial Services,883,999656.0722047673,13.81516757135586
Sikkim,2020,2,Others,1291,936594.480283038,13.75000675005587
Sikkim,2020,3,Recharge & bill payments,298885,83894642.6709112,18.2450723275748
Sikkim,2020,3,Peer-to-peer payments,245087,1255521152.966514,20.950816585457417
Sikkim,2020,3,Merchant payments,49299,58337178.67223759,17.881750178284275
Sikkim,2020,3,Financial Services,1252,1795366.733436462,14.400720424346673
Sikkim,2020,3,Others,1912,1378387.6172995246,14.136425706253696
Sikkim,2020,4,Peer-to-peer payments,334069,1711730126.584541,21.260770466483446
Sikkim,2020,4,Recharge & bill payments,301382,90168624.05415541,18.317192086986264
Sikkim,2020,4,Merchant payments,95503,112478003.86391157,18.538268248172937
Sikkim,2020,4,Financial Services,1427,2361187.592392395,14.674675691061545
Sikkim,2020,4,Others,2654,2537863.027923054,14.746833351322902
Sikkim,2021,1,Peer-to-peer payments,403703,1965492629.578867,21.39900875343166
Sikkim,2021,1,Recharge & bill payments,279679,93174110.112334,18.349980463303773
Sikkim,2021,1,Merchant payments,112925,154183320.1372872,18.85365284941255
Sikkim,2021,1,Financial Services,1844,3027799.2784099854,14.923346933111159
Sikkim,2021,1,Others,2038,1789867.7338266163,14.397652842070181
Sikkim,2021,2,Peer-to-peer payments,473141,2125758496.616091,21.477394515689475
Sikkim,2021,2,Recharge & bill payments,345495,103846501.52404109,18.45842442956849
Sikkim,2021,2,Merchant payments,153671,190473176.21848944,19.065021940614816
Sikkim,2021,2,Financial Services,1865,2851874.287465013,14.863487331462402
Sikkim,2021,2,Others,2542,1969531.0292125773,14.49330652387197
Sikkim,2021,3,Peer-to-peer payments,595826,2582075089.383399,21.671859211203365
Sikkim,2021,3,Recharge & bill payments,346173,111613776.75942023,18.53055505691697
Sikkim,2021,3,Merchant payments,213808,290732930.46291006,19.487915642439177
Sikkim,2021,3,Financial Services,1689,2624558.3857180667,14.780423586859175
Sikkim,2021,3,Others,3098,2290508.8169457563,14.644284978239831
Sikkim,2021,4,Peer-to-peer payments,831597,3548508409.656125,21.989793186126903
Sikkim,2021,4,Recharge & bill payments,376078,136473754.40071422,18.73164288597677
Sikkim,2021,4,Merchant payments,369343,504586163.5569785,20.03924917516073
Sikkim,2021,4,Financial Services,2269,3162023.7210206646,14.966723114880596
Sikkim,2021,4,Others,5058,4052910.300969372,15.214946020586705
Sikkim,2022,1,Peer-to-peer payments,916940,3650961081.00263,22.018256280018488
Sikkim,2022,1,Merchant payments,449273,570784579.6670712,20.162522429654555
Sikkim,2022,1,Recharge & bill payments,371579,139135962.10369253,18.750962164841326
Sikkim,2022,1,Financial Services,2124,3062332.163804472,14.934687655226117
Sikkim,2022,1,Others,4386,3487320.9262269526,15.064644643228037
Sikkim,2022,2,Peer-to-peer payments,1198014,4596501308.195931,22.24856126609257
Sikkim,2022,2,Merchant payments,706658,847497607.0893551,20.55779857490145
Sikkim,2022,2,Recharge & bill payments,411189,162174479.6973383,18.904183354945353
Sikkim,2022,2,Financial Services,1758,1861284.7969863976,14.436778095561774
Sikkim,2022,2,Others,4462,3070990.527526753,14.937511040554535
Sikkim,2022,3,Peer-to-peer payments,1222037,4173703593.656705,22.152069630779184
Sikkim,2022,3,Merchant payments,772650,830361400.9603965,20.537371588034045
Sikkim,2022,3,Recharge & bill payments,397207,153567926.32171312,18.84965355037547
Sikkim,2022,3,Financial Services,1538,2851319.5479129553,14.8632927950762
Sikkim,2022,3,Others,3326,2396303.4047308513,14.689438277197288
Sikkim,2022,4,Peer-to-peer payments,1548662,5175155338.821596,22.367135193004163
Sikkim,2022,4,Merchant payments,1033541,1096220774.255463,20.815134442463354
Sikkim,2022,4,Recharge & bill payments,470639,181281682.32208142,19.015562640958148
Sikkim,2022,4,Financial Services,2049,2701971.788609252,14.809492726618577
Sikkim,2022,4,Others,3448,3025622.2320622765,14.92262765535443
Sikkim,2023,1,Peer-to-peer payments,1779090,5451626602.0,22.419179860357513
Sikkim,2023,1,Merchant payments,1067585,1091745064.0,20.8110432300541
Sikkim,2023,1,Recharge & bill payments,543957,213517668.0,19.179230145990836
Sikkim,2023,1,Financial Services,2603,2801184.0,14.84555309990124
Sikkim,2023,1,Others,2893,2877504.0,14.872434157196126
Sikkim,2023,2,Peer-to-peer payments,2196285,6799375282.0,22.640096574761092
Sikkim,2023,2,Merchant payments,1616549,1523202088.0,21.144080593455268
Sikkim,2023,2,Recharge & bill payments,594826,251468530.0,19.34282841442674
Sikkim,2023,2,Financial Services,2790,3457083.0,15.05593601713329
Sikkim,2023,2,Others,2517,2847453.0,14.861935819651478
Sikkim,2023,3,Peer-to-peer payments,2187102,6245427022.0,22.55511535656896
Sikkim,2023,3,Merchant payments,2011690,1619166618.0,21.205177421108747
Sikkim,2023,3,Recharge & bill payments,600784,233423001.0,19.268362824803148
Sikkim,2023,3,Financial Services,3289,7262131.0,15.798184007602018
Sikkim,2023,3,Others,2072,1958649.0,14.487766018381667
Sikkim,2023,4,Peer-to-peer payments,2165502,6467541154.0,22.59006183535945
Sikkim,2023,4,Merchant payments,2124031,1877772225.0,21.353351924966802
Sikkim,2023,4,Recharge & bill payments,562618,235242389.0,19.276126987341183
Sikkim,2023,4,Financial Services,3357,7657246.0,15.851163077639496
Sikkim,2023,4,Others,1816,2395457.0,14.689085002277473
Sikkim,2024,1,Merchant payments,2707037,2172007531.0,21.498917706783725
Sikkim,2024,1,Peer-to-peer payments,2501457,6989057055.0,22.66761148509387
Sikkim,2024,1,Recharge & bill payments,605942,278107861.0,19.443519589210922
Sikkim,2024,1,Financial Services,3962,14632590.0,16.49876185916115
Sikkim,2024,1,Others,1748,1916486.0,14.466004380581202
Sikkim,2024,2,Merchant payments,3610564,2756669498.0,21.737289084761983
Sikkim,2024,2,Peer-to-peer payments,2927640,8213879109.0,22.82909113481708
Sikkim,2024,2,Recharge & bill payments,642240,310411870.0,19.553410589743077
Sikkim,2024,2,Financial Services,5988,12875123.0,16.370807635535655
Sikkim,2024,2,Others,1890,2682555.0,14.80228062931755
Sikkim,2024,3,Merchant payments,3967262,2720586221.0,21.724113216826733
Sikkim,2024,3,Peer-to-peer payments,3060298,7537324304.0,22.743133089275307
Sikkim,2024,3,Recharge & bill payments,677635,293314207.0,19.496754974642805
Sikkim,2024,3,Financial Services,6715,15986708.0,16.587268247492005
Sikkim,2024,3,Others,1871,2617632.0,14.777781032279313
Sikkim,2024,4,Merchant payments,4746814,3358031205.0,21.934620688590147
Sikkim,2024,4,Peer-to-peer payments,3464526,8951460155.0,22.915082501848115
Sikkim,2024,4,Recharge & bill payments,682763,312543062.0,19.560252819246962
Sikkim,2024,4,Financial Services,20851,15322191.0,16.544812792981567
Sikkim,2024,4,Others,1916,3744785.0,15.135875030443598
Tamil Nadu,2018,1,Recharge & bill payments,3308548,646028338.3951533,20.286353929817402
Tamil Nadu,2018,1,Peer-to-peer payments,2670613,10031518934.085688,23.028997866645494
Tamil Nadu,2018,1,Merchant payments,326510,272002057.1736871,19.421320191046668
Tamil Nadu,2018,1,Financial Services,115363,31876073.74792233,17.277366278456316
Tamil Nadu,2018,1,Others,305588,280132294.11422664,19.4507725320996
Tamil Nadu,2018,2,Recharge & bill payments,4464677,1189892955.8051775,20.897129187759344
Tamil Nadu,2018,2,Peer-to-peer payments,4433762,18067624388.09562,23.617387465785445
Tamil Nadu,2018,2,Merchant payments,627918,517130320.4660308,20.063805473175922
Tamil Nadu,2018,2,Financial Services,167035,65402385.25640666,17.996069302862807
Tamil Nadu,2018,2,Others,298736,285794226.64323723,19.470782626066562
Tamil Nadu,2018,3,Peer-to-peer payments,8810836,26792462660.044968,24.011386440915853
Tamil Nadu,2018,3,Recharge & bill payments,5148411,1521551955.205038,21.14299667473341
Tamil Nadu,2018,3,Merchant payments,1290978,733189649.5729834,20.412914958408738
Tamil Nadu,2018,3,Financial Services,191732,37049222.36590697,17.42775794770278
Tamil Nadu,2018,3,Others,332121,245838753.995272,19.320186411485004
Tamil Nadu,2018,4,Peer-to-peer payments,11538547,39180083690.57276,24.391434385539462
Tamil Nadu,2018,4,Recharge & bill payments,7093764,2020329567.8245385,21.426526487934975
Tamil Nadu,2018,4,Merchant payments,3145621,1742903221.432857,21.278818078381622
Tamil Nadu,2018,4,Financial Services,228398,46571758.68242933,17.65650489999581
Tamil Nadu,2018,4,Others,451114,312185737.38152075,19.55910888396927
Tamil Nadu,2019,1,Peer-to-peer payments,18645926,51296299081.44436,24.66088444387832
Tamil Nadu,2019,1,Recharge & bill payments,8863289,2695317014.8660007,21.714781665508482
Tamil Nadu,2019,1,Merchant payments,4195222,1924461188.9900146,21.377911864202588
Tamil Nadu,2019,1,Financial Services,193261,31217137.545322973,17.256477814313005
Tamil Nadu,2019,1,Others,377347,256742393.28426796,19.363583783293343
Tamil Nadu,2019,2,Peer-to-peer payments,16952961,57924128549.06981,24.782399862698853
Tamil Nadu,2019,2,Recharge & bill payments,8414514,3280033639.8500404,21.911119515646586
Tamil Nadu,2019,2,Merchant payments,6296995,2690331792.5060787,21.712930366264807
Tamil Nadu,2019,2,Financial Services,70142,18334602.389631532,16.72430072792726
Tamil Nadu,2019,2,Others,437125,294847441.9421142,19.501968637970652
Tamil Nadu,2019,3,Peer-to-peer payments,21277636,70615331408.53966,24.980513116645405
Tamil Nadu,2019,3,Merchant payments,10344027,4079315732.661683,22.12919509895937
Tamil Nadu,2019,3,Recharge & bill payments,9246678,3964144354.4161515,22.100555869354555
Tamil Nadu,2019,3,Financial Services,88261,27213741.831077334,17.119232654812393
Tamil Nadu,2019,3,Others,453581,273599406.1898495,19.427175577006555
Tamil Nadu,2019,4,Peer-to-peer payments,28814008,91858026341.27563,25.243510030116568
Tamil Nadu,2019,4,Merchant payments,16153034,6420193204.780616,22.582714048553807
Tamil Nadu,2019,4,Recharge & bill payments,11157765,4681454397.562926,22.26687466752101
Tamil Nadu,2019,4,Financial Services,60624,24332240.65556671,17.0073128459683
Tamil Nadu,2019,4,Others,410980,206859328.2685905,19.147549551467364
Tamil Nadu,2020,1,Peer-to-peer payments,30880360,101907683045.28436,25.347333172235505
Tamil Nadu,2020,1,Merchant payments,21541556,8950736938.223478,22.9150017054215
Tamil Nadu,2020,1,Recharge & bill payments,14134259,5493239429.7322235,22.426783978693418
Tamil Nadu,2020,1,Financial Services,61427,41422107.813630365,17.539325325567376
Tamil Nadu,2020,1,Others,335871,176604658.386683,18.989424229629137
Tamil Nadu,2020,2,Peer-to-peer payments,21700844,82347647064.12332,25.134215720789346
Tamil Nadu,2020,2,Recharge & bill payments,18474731,6414781159.484189,22.581870720711812
Tamil Nadu,2020,2,Merchant payments,11477546,6909361871.628206,22.656143122072063
Tamil Nadu,2020,2,Financial Services,78584,89189349.84916353,18.306272205324206
Tamil Nadu,2020,2,Others,138405,65529451.74366937,17.998010259747318
Tamil Nadu,2020,3,Peer-to-peer payments,31754077,123561080533.04672,25.540001449973502
Tamil Nadu,2020,3,Merchant payments,20664887,12554589575.504852,23.253352138978208
Tamil Nadu,2020,3,Recharge & bill payments,17521756,7476952307.406668,22.73509110050419
Tamil Nadu,2020,3,Financial Services,129671,158512062.54590106,18.88134125908503
Tamil Nadu,2020,3,Others,207434,90281020.15995154,18.318437820881446
Tamil Nadu,2020,4,Peer-to-peer payments,47800741,172196381789.491,25.87190141704967
Tamil Nadu,2020,4,Merchant payments,41297305,24417758781.65223,23.918576523474947
Tamil Nadu,2020,4,Recharge & bill payments,21563946,9462546013.163391,22.97060731848953
Tamil Nadu,2020,4,Financial Services,153044,186775413.14290395,19.045417459159534
Tamil Nadu,2020,4,Others,364665,209735503.54521424,19.16135779267661
Tamil Nadu,2021,1,Peer-to-peer payments,57446279,206405230307.9611,26.05310721087694
Tamil Nadu,2021,1,Merchant payments,53811885,30722779534.582508,24.148270220806754
Tamil Nadu,2021,1,Recharge & bill payments,24826273,11115915388.739548,23.131643737223353
Tamil Nadu,2021,1,Financial Services,170620,215319360.4840321,19.187632886224584
Tamil Nadu,2021,1,Others,301617,208899281.88347316,19.157362793698848
Tamil Nadu,2021,2,Peer-to-peer payments,60812902,216379027686.30246,26.100297464653373
Tamil Nadu,2021,2,Merchant payments,52048347,33504798112.88382,24.2349544928015
Tamil Nadu,2021,2,Recharge & bill payments,32753032,13155346942.255478,23.300094124580475
Tamil Nadu,2021,2,Financial Services,192614,225113402.6634022,19.23211484947694
Tamil Nadu,2021,2,Others,351547,223054882.44675264,19.22292841325428
Tamil Nadu,2021,3,Merchant payments,85074941,52932187058.575195,24.692277441811054
Tamil Nadu,2021,3,Peer-to-peer payments,83833356,296121079294.8346,26.41403425930676
Tamil Nadu,2021,3,Recharge & bill payments,34751691,15613287081.611631,23.471388124745424
Tamil Nadu,2021,3,Financial Services,182097,246146707.2790811,19.321438291253884
Tamil Nadu,2021,3,Others,515319,294622911.6328684,19.50120683436855
Tamil Nadu,2021,4,Merchant payments,117578360,70539086832.13815,24.979432816293976
Tamil Nadu,2021,4,Peer-to-peer payments,104493071,353529424598.23047,26.591232556723426
Tamil Nadu,2021,4,Recharge & bill payments,36163870,18979178477.53405,23.666608345657927
Tamil Nadu,2021,4,Financial Services,228761,275850497.094934,19.435369603354218
Tamil Nadu,2021,4,Others,691914,400412189.80491126,19.808005051507564
Tamil Nadu,2022,1,Merchant payments,139788772,81798208975.87326,25.12752118516716
Tamil Nadu,2022,1,Peer-to-peer payments,119383791,409631710258.4541,26.73852432530074
Tamil Nadu,2022,1,Recharge & bill payments,34579431,20705079141.096962,23.753644876303067
Tamil Nadu,2022,1,Financial Services,241201,298216135.377552,19.513329071431656
Tamil Nadu,2022,1,Others,579955,355987089.8306444,19.69040502644716
Tamil Nadu,2022,2,Merchant payments,179245529,100813133534.0309,25.336534477102543
Tamil Nadu,2022,2,Peer-to-peer payments,136341691,464333108374.5711,26.86386803758327
Tamil Nadu,2022,2,Recharge & bill payments,38257271,24477663683.793488,23.921026852323383
Tamil Nadu,2022,2,Financial Services,202498,233054908.96978933,19.266784648871706
Tamil Nadu,2022,2,Others,459948,277767177.03123105,19.442293831668703
Tamil Nadu,2022,3,Merchant payments,202149276,109801011246.16069,25.421935575880713
Tamil Nadu,2022,3,Peer-to-peer payments,148805657,493880482824.984,26.92555938726349
Tamil Nadu,2022,3,Recharge & bill payments,41919063,27694221703.16715,24.04448962564148
Tamil Nadu,2022,3,Financial Services,217741,238069828.1652185,19.288074588456286
Tamil Nadu,2022,3,Others,404438,265434770.79138052,19.396879687826736
Tamil Nadu,2022,4,Merchant payments,229308285,118847998736.56468,25.501111192054385
Tamil Nadu,2022,4,Peer-to-peer payments,162920305,526511418812.7734,26.98953885644057
Tamil Nadu,2022,4,Recharge & bill payments,43391904,29719449171.386997,24.115067522720683
Tamil Nadu,2022,4,Financial Services,295740,334812023.56560165,19.62907981160251
Tamil Nadu,2022,4,Others,400402,275988847.1474179,19.435871017602132
Tamil Nadu,2023,1,Merchant payments,248540772,124250251559.0,25.545563526548868
Tamil Nadu,2023,1,Peer-to-peer payments,169269032,554678365256.0,27.041654260645572
Tamil Nadu,2023,1,Recharge & bill payments,42745926,36069237413.0,24.308706189803047
Tamil Nadu,2023,1,Financial Services,281287,303893116.0,19.532186608732868
Tamil Nadu,2023,1,Others,375370,281926174.0,19.45715580384906
Tamil Nadu,2023,2,Merchant payments,270279446,132952561597.0,25.61325822182854
Tamil Nadu,2023,2,Peer-to-peer payments,181169979,603065358975.0,27.125291417478135
Tamil Nadu,2023,2,Recharge & bill payments,46387359,39784453434.0,24.40674205571497
Tamil Nadu,2023,2,Financial Services,273888,317118374.0,19.57478568484958
Tamil Nadu,2023,2,Others,318966,243058635.0,19.308813272608084
Tamil Nadu,2023,3,Merchant payments,309648502,147481033140.0,25.716965415583452
Tamil Nadu,2023,3,Peer-to-peer payments,198678217,641624213537.0,27.18726863209147
Tamil Nadu,2023,3,Recharge & bill payments,47138716,43398412878.0,24.493688707775792
Tamil Nadu,2023,3,Financial Services,320645,373041817.0,19.73720108392448
Tamil Nadu,2023,3,Others,298928,228563326.0,19.247323872133666
Tamil Nadu,2023,4,Merchant payments,336838248,162776066943.0,25.815641270764488
Tamil Nadu,2023,4,Peer-to-peer payments,208592985,662522423764.0,27.219320241426438
Tamil Nadu,2023,4,Recharge & bill payments,47390155,46923336165.0,24.571780961486148
Tamil Nadu,2023,4,Financial Services,381269,421861473.0,19.860187557447453
Tamil Nadu,2023,4,Others,278724,226976660.0,19.240357755181883
Tamil Nadu,2024,1,Merchant payments,372666269,174040000374.0,25.88255099695357
Tamil Nadu,2024,1,Peer-to-peer payments,219277542,689079882786.0,27.258623041423853
Tamil Nadu,2024,1,Recharge & bill payments,47746915,50024181672.0,24.63577235892159
Tamil Nadu,2024,1,Financial Services,374620,495981410.0,20.02204900616431
Tamil Nadu,2024,1,Others,261851,221064820.0,19.213966524168043
Tamil Nadu,2024,2,Merchant payments,421976763,197165267684.0,26.00730813624469
Tamil Nadu,2024,2,Peer-to-peer payments,232946490,735720936629.0,27.32411672158763
Tamil Nadu,2024,2,Recharge & bill payments,49473659,51378465692.0,24.662484966232096
Tamil Nadu,2024,2,Financial Services,423814,610399506.0,20.229624230267092
Tamil Nadu,2024,2,Others,262960,276080355.0,19.4362025262345
Tamil Nadu,2024,3,Merchant payments,465377405,211903749095.0,26.079397994824884
Tamil Nadu,2024,3,Peer-to-peer payments,261706244,784327647260.0,27.3880926874184
Tamil Nadu,2024,3,Recharge & bill payments,50701926,53589777402.0,24.704624166740494
Tamil Nadu,2024,3,Financial Services,499913,641815710.0,20.279811765929068
Tamil Nadu,2024,3,Others,251213,316605354.0,19.57316661935532
Tamil Nadu,2024,4,Merchant payments,495976852,225671459942.0,26.14234606148051
Tamil Nadu,2024,4,Peer-to-peer payments,272513152,807642909750.0,27.417385854404273
Tamil Nadu,2024,4,Recharge & bill payments,50037730,53242042381.0,24.69811419153317
Tamil Nadu,2024,4,Financial Services,1645600,715680931.0,20.388744999905956
Tamil Nadu,2024,4,Others,250554,360782602.0,19.703786127141
Telangana,2018,1,Recharge & bill payments,4209319,831912767.5937189,20.539238147848575
Telangana,2018,1,Peer-to-peer payments,3307245,11748268950.760422,23.18697174342901
Telangana,2018,1,Merchant payments,351474,282899066.6137372,19.46060074045066
Telangana,2018,1,Financial Services,262876,57011875.36233704,17.858770161329453
Telangana,2018,1,Others,391852,388111458.2121352,19.776803122345225
Telangana,2018,2,Peer-to-peer payments,4784079,20748520742.57553,23.755740791615665
Telangana,2018,2,Recharge & bill payments,4686542,1274130053.834579,20.96552947274378
Telangana,2018,2,Merchant payments,701082,551696487.3185428,20.128508613021282
Telangana,2018,2,Financial Services,277805,85498213.25384143,18.26400604776889
Telangana,2018,2,Others,315162,357356020.669816,19.69424310239025
Telangana,2018,3,Peer-to-peer payments,11560952,29253505738.828743,24.099265257795437
Telangana,2018,3,Recharge & bill payments,5328881,1568136060.627837,21.173153529107328
Telangana,2018,3,Merchant payments,1770075,855534175.4794186,20.567236599627062
Telangana,2018,3,Financial Services,307312,52554123.97376218,17.777354148377118
Telangana,2018,3,Others,365483,300363110.81379545,19.520502673422605
Telangana,2018,4,Peer-to-peer payments,15571288,44541667501.74112,24.519690936394124
Telangana,2018,4,Recharge & bill payments,7121135,2165870863.16865,21.496088364250507
Telangana,2018,4,Merchant payments,5315161,2356841304.9649296,21.580588129811034
Telangana,2018,4,Financial Services,392423,64569231.23559249,17.983248574112142
Telangana,2018,4,Others,521147,380139546.93821603,19.75604897468811
Telangana,2019,1,Peer-to-peer payments,40488967,87361237975.49301,25.193317519818937
Telangana,2019,1,Merchant payments,12341901,4144368545.535969,22.145016272924007
Telangana,2019,1,Recharge & bill payments,11525394,3619117615.485172,22.009496080719494
Telangana,2019,1,Financial Services,463688,54547989.275453925,17.81459142768482
Telangana,2019,1,Others,470752,343989909.8750894,19.65612288605609
Telangana,2019,2,Peer-to-peer payments,46741594,141095702899.16147,25.672704241054845
Telangana,2019,2,Merchant payments,25682382,8442740781.469844,22.856572830098006
Telangana,2019,2,Recharge & bill payments,16225017,5603477828.5489645,22.44665328291225
Telangana,2019,2,Financial Services,252173,43627344.86329399,17.591194710411767
Telangana,2019,2,Others,709213,490894328.3915366,20.011739447508184
Telangana,2019,3,Peer-to-peer payments,59981113,180342868388.36203,25.918125700344504
Telangana,2019,3,Merchant payments,44035953,14308557740.55424,23.38412363868172
Telangana,2019,3,Recharge & bill payments,16437222,6793699069.387364,22.639261412266578
Telangana,2019,3,Financial Services,183163,39617186.74048498,17.494773615909896
Telangana,2019,3,Others,857925,445278745.3818412,19.914211040389887
Telangana,2019,4,Peer-to-peer payments,82587060,249346680995.99316,26.242110058230317
Telangana,2019,4,Merchant payments,59347809,21510626607.08445,23.79181291081451
Telangana,2019,4,Recharge & bill payments,20797056,9561315124.602655,22.980991119988072
Telangana,2019,4,Financial Services,137291,33453857.404595934,17.325677686304807
Telangana,2019,4,Others,703042,294688962.659046,19.501430997597264
Telangana,2020,1,Peer-to-peer payments,95668911,327641798044.80554,26.515186769448995
Telangana,2020,1,Merchant payments,76818285,31076431477.91269,24.15971553857305
Telangana,2020,1,Recharge & bill payments,26324268,12324266104.564993,23.234836009914854
Telangana,2020,1,Financial Services,88184,59500639.38684589,17.90149763326207
Telangana,2020,1,Others,509877,241784101.54604858,19.303555747689327
Telangana,2020,2,Peer-to-peer payments,76683293,279478553909.7438,26.356191396403535
Telangana,2020,2,Merchant payments,44181999,26712043204.891262,24.00838035705768
Telangana,2020,2,Recharge & bill payments,30885875,15106945863.857046,23.438420466053973
Telangana,2020,2,Financial Services,116776,134169906.74750492,18.714617522987265
Telangana,2020,2,Others,187200,100126467.191328,18.421944626829088
Telangana,2020,3,Peer-to-peer payments,116668399,437459188905.0534,26.804249255892547
Telangana,2020,3,Merchant payments,86836471,49743225885.179474,24.630140128188106
Telangana,2020,3,Recharge & bill payments,32352860,18378477087.576897,23.63444609345401
Telangana,2020,3,Financial Services,195857,223377023.50525153,19.224371594660777
Telangana,2020,3,Others,318539,156875854.55487928,18.870965321571735
Telangana,2020,4,Peer-to-peer payments,160607487,591976601278.5154,27.106732946183605
Telangana,2020,4,Merchant payments,143897953,81725950703.21272,25.126637422455836
Telangana,2020,4,Recharge & bill payments,38174710,22006183348.80398,23.81458931216911
Telangana,2020,4,Financial Services,230134,275357720.01805824,19.433581614020717
Telangana,2020,4,Others,733503,366346176.40682477,19.719089284250284
Telangana,2021,1,Merchant payments,185230619,95927278280.53006,25.286856223451856
Telangana,2021,1,Peer-to-peer payments,179738195,676276353116.8419,27.239867635838152
Telangana,2021,1,Recharge & bill payments,46371555,26447601338.53346,23.998431304542354
Telangana,2021,1,Financial Services,262473,320153410.17969453,19.584310848814365
Telangana,2021,1,Others,969268,387877900.5044867,19.776201161219145
Telangana,2021,2,Peer-to-peer payments,230861833,872151973637.885,27.49422952736607
Telangana,2021,2,Merchant payments,205232899,123207789311.2962,25.53713811098469
Telangana,2021,2,Recharge & bill payments,58637866,31877277168.343227,24.18515927848009
Telangana,2021,2,Financial Services,278546,300569264.1443888,19.52118878502712
Telangana,2021,2,Others,856400,420723415.91505665,19.8574862088017
Telangana,2021,3,Merchant payments,286735350,159227310549.39368,25.79359864432728
Telangana,2021,3,Peer-to-peer payments,271436926,981754679241.0405,27.61260729661883
Telangana,2021,3,Recharge & bill payments,62744121,36434881136.01624,24.318792425733605
Telangana,2021,3,Financial Services,235519,329138539.4612142,19.611989315720557
Telangana,2021,3,Others,1734852,543116826.3422191,20.112835006399543
Telangana,2021,4,Merchant payments,376584215,212974766412.01556,26.084439528093476
Telangana,2021,4,Peer-to-peer payments,331774591,1204991223519.016,27.817493399458765
Telangana,2021,4,Recharge & bill payments,66477036,44760398983.30789,24.52458963420894
Telangana,2021,4,Financial Services,298871,392141743.6705663,19.787133925942907
Telangana,2021,4,Others,855060,639658842.8998816,20.276445535786483
Telangana,2022,1,Merchant payments,449186799,243841863780.6793,26.219785752877094
Telangana,2022,1,Peer-to-peer payments,368048408,1375289566667.7056,27.94968541881617
Telangana,2022,1,Recharge & bill payments,66352138,50470450179.88254,24.644653857030598
Telangana,2022,1,Financial Services,284035,394283511.9410973,19.792580784484166
Telangana,2022,1,Others,2582005,642005688.7661512,20.28010772417906
Telangana,2022,2,Merchant payments,565370506,307468406704.909,26.45163817649481
Telangana,2022,2,Peer-to-peer payments,422056582,1580014085694.835,28.08845487792505
Telangana,2022,2,Recharge & bill payments,75099130,63136761649.3931,24.868569030360472
Telangana,2022,2,Financial Services,245023,324857780.5553103,19.598898049306854
Telangana,2022,2,Others,611316,470432687.3850265,19.96916344274876
Telangana,2022,3,Merchant payments,880414292,447150646953.73706,26.826161392578072
Telangana,2022,3,Peer-to-peer payments,626830752,2170173323588.53,28.405828152913173
Telangana,2022,3,Recharge & bill payments,119779835,87937210666.27194,25.1998888816069
Telangana,2022,3,Financial Services,340458,442783619.09123904,19.90859176645068
Telangana,2022,3,Others,800064,621900924.4423015,20.248291354161612
Telangana,2022,4,Merchant payments,1002521735,491556008133.53546,26.92084172351963
Telangana,2022,4,Peer-to-peer payments,694612831,2393380395296.8516,28.50372787390072
Telangana,2022,4,Recharge & bill payments,121188131,92136759501.42021,25.246539826554418
Telangana,2022,4,Financial Services,401838,498719426.0054372,20.027554225052253
Telangana,2022,4,Others,782297,680680558.3343163,20.33860367819591
Telangana,2023,1,Merchant payments,830385203,369961744486.0,26.63666544396085
Telangana,2023,1,Peer-to-peer payments,522865792,1898813645344.0,28.272250409896994
Telangana,2023,1,Recharge & bill payments,86187673,102787343319.0,25.3559280629324
Telangana,2023,1,Financial Services,326874,458821191.0,19.94417113221379
Telangana,2023,1,Others,565916,560179944.0,20.14376862043507
Telangana,2023,2,Merchant payments,977182965,429169888297.0,26.785118687501804
Telangana,2023,2,Peer-to-peer payments,593322476,2155918289810.0,28.399237869282626
Telangana,2023,2,Recharge & bill payments,94107914,112036624317.0,25.442091657627017
Telangana,2023,2,Financial Services,354045,517795343.0,20.065090633352526
Telangana,2023,2,Others,463571,507337241.0,20.044686512024516
Telangana,2023,3,Merchant payments,1128208049,480552979790.0,26.89820331898932
Telangana,2023,3,Peer-to-peer payments,647331506,2272184853961.0,28.451762975256813
Telangana,2023,3,Recharge & bill payments,98661838,116319676778.0,25.47960807200527
Telangana,2023,3,Financial Services,420147,666845736.0,20.31806929827025
Telangana,2023,3,Others,424384,478544808.0,19.98626040919598
Telangana,2023,4,Merchant payments,1225132365,532737433404.0,27.001294519481753
Telangana,2023,4,Peer-to-peer payments,695789540,2453419152855.0,28.528503740173107
Telangana,2023,4,Recharge & bill payments,99012602,129036561862.0,25.583361626445296
Telangana,2023,4,Financial Services,483067,734596496.0,20.41483192275693
Telangana,2023,4,Others,404604,489730148.0,20.009365081042482
Telangana,2024,1,Merchant payments,1341371332,554207756092.0,27.04080546439284
Telangana,2024,1,Peer-to-peer payments,735409951,2516930587879.0,28.554061254379256
Telangana,2024,1,Recharge & bill payments,101670893,131284438344.0,25.60063209139107
Telangana,2024,1,Financial Services,494360,861174964.0,20.57380825312948
Telangana,2024,1,Others,438771,485343794.0,20.000368053452345
Telangana,2024,2,Merchant payments,1526789940,632844110484.0,27.17348995780515
Telangana,2024,2,Peer-to-peer payments,782892642,2696304021334.0,28.622903070178317
Telangana,2024,2,Recharge & bill payments,106504222,130765020697.0,25.59666781434857
Telangana,2024,2,Financial Services,612770,1074628255.0,20.79524063034844
Telangana,2024,2,Others,464783,554652542.0,20.133852427011774
Telangana,2024,3,Merchant payments,1664638136,684200679447.0,27.251517102544085
Telangana,2024,3,Peer-to-peer payments,841546198,2740602255389.0,28.639198813413
Telangana,2024,3,Recharge & bill payments,102792228,124734574180.0,25.54945391007255
Telangana,2024,3,Financial Services,714030,1263598650.0,20.957229559306956
Telangana,2024,3,Others,447243,515868932.0,20.061363285366944
Telangana,2024,4,Merchant payments,1807552234,746607282900.0,27.338805158135546
Telangana,2024,4,Peer-to-peer payments,905771898,2978379284690.0,28.722400404300434
Telangana,2024,4,Recharge & bill payments,106373063,132027650387.0,25.606277210232815
Telangana,2024,4,Financial Services,2272332,1391283281.0,21.05349238263986
Telangana,2024,4,Others,482076,645034160.0,20.284813836148267
Tripura,2018,1,Recharge & bill payments,86819,14079439.569905948,16.460226175653826
Tripura,2018,1,Peer-to-peer payments,44844,112229994.97675678,18.53606085914424
Tripura,2018,1,Financial Services,4842,672247.5881710155,13.418383473974224
Tripura,2018,1,Merchant payments,4833,6080959.882836086,15.620673281395499
Tripura,2018,1,Others,6819,4916272.512952799,15.408061385417517
Tripura,2018,2,Recharge & bill payments,118171,22554398.15273035,16.931440689264765
Tripura,2018,2,Peer-to-peer payments,73821,197666881.8729688,19.102093762085715
Tripura,2018,2,Merchant payments,9621,10570951.151568789,16.173620434354103
Tripura,2018,2,Financial Services,6925,1264101.904810368,14.04987326240868
Tripura,2018,2,Others,6021,4835385.634057636,15.391471649351379
Tripura,2018,3,Peer-to-peer payments,186065,398867427.32463384,19.804139659805596
Tripura,2018,3,Recharge & bill payments,156308,33484811.21282282,17.326602527212096
Tripura,2018,3,Merchant payments,21476,16092396.41113394,16.59385750793963
Tripura,2018,3,Financial Services,8106,1080000.0112896338,13.892472535479255
Tripura,2018,3,Others,5748,4338753.080712541,15.283097786684927
Tripura,2018,4,Recharge & bill payments,204720,38334816.66379926,17.46186911857408
Tripura,2018,4,Peer-to-peer payments,179739,549068822.3729683,20.123734352951825
Tripura,2018,4,Merchant payments,50888,31066467.633390322,17.25163961650571
Tripura,2018,4,Financial Services,6441,1023126.8205747404,13.83837498392694
Tripura,2018,4,Others,6271,5392365.973713988,15.500494988181593
Tripura,2019,1,Peer-to-peer payments,296993,679165332.8123899,20.336375151924432
Tripura,2019,1,Recharge & bill payments,227997,44429378.42277926,17.609411507287632
Tripura,2019,1,Merchant payments,46642,28109966.31994779,17.151634780304587
Tripura,2019,1,Financial Services,4189,461473.58856435167,13.042182268709908
Tripura,2019,1,Others,5105,4728790.472138839,15.369180225102674
Tripura,2019,2,Peer-to-peer payments,240776,751113516.2256755,20.437067353066897
Tripura,2019,2,Recharge & bill payments,218649,48989430.60730426,17.70711515132872
Tripura,2019,2,Merchant payments,64829,35275706.82877502,17.378705121519552
Tripura,2019,2,Financial Services,1899,339184.3344705297,12.73430194632407
Tripura,2019,2,Others,6405,6103644.851151889,15.624396831120379
Tripura,2019,3,Recharge & bill payments,339539,81845425.35425141,18.22034298183594
Tripura,2019,3,Peer-to-peer payments,270163,884623553.9011384,20.60067275078663
Tripura,2019,3,Merchant payments,68399,44802063.64430427,17.61776478213366
Tripura,2019,3,Financial Services,27970,582020.9903208594,13.274263510056235
Tripura,2019,3,Others,5646,5524358.927209696,15.524677948378141
Tripura,2019,4,Recharge & bill payments,373779,88001651.28693296,18.292866148254088
Tripura,2019,4,Peer-to-peer payments,359076,1071507585.9983547,20.792332453579252
Tripura,2019,4,Merchant payments,62458,51274033.720727704,17.752695036211197
Tripura,2019,4,Financial Services,2239,377097.66713108413,12.840262148716427
Tripura,2019,4,Others,4272,4239791.585043055,15.260024907389665
Tripura,2020,1,Recharge & bill payments,449584,114355218.03514045,18.554820118276034
Tripura,2020,1,Peer-to-peer payments,366218,1400694933.570157,21.06023433224674
Tripura,2020,1,Merchant payments,102861,68590603.6377098,18.043666124682456
Tripura,2020,1,Financial Services,1722,1066651.521721911,13.88003581812821
Tripura,2020,1,Others,4117,4071399.6237732675,15.219497631823616
Tripura,2020,2,Recharge & bill payments,600206,163220166.76643574,18.91061056985949
Tripura,2020,2,Peer-to-peer payments,346863,1501452755.6890237,21.12969898081608
Tripura,2020,2,Merchant payments,97816,99795973.60794038,18.418638405878454
Tripura,2020,2,Financial Services,2904,2247782.5219734698,14.625455187304256
Tripura,2020,2,Others,4731,2459205.000588993,14.715349091820825
Tripura,2020,3,Recharge & bill payments,627363,185201997.2796099,19.03695766996485
Tripura,2020,3,Peer-to-peer payments,477769,1959371082.9173033,21.395889383144866
Tripura,2020,3,Merchant payments,202106,190218136.2808841,19.063682062524368
Tripura,2020,3,Financial Services,3828,3141391.5755430083,14.960176754965282
Tripura,2020,3,Others,6819,3886908.1625436572,15.173124840007302
Tripura,2020,4,Peer-to-peer payments,650386,2683789889.83192,21.71049577088729
Tripura,2020,4,Recharge & bill payments,631611,192385823.43220186,19.075013415894244
Tripura,2020,4,Merchant payments,357567,296872485.4156503,19.508813265906895
Tripura,2020,4,Financial Services,4084,3666639.308697606,15.11478635353168
Tripura,2020,4,Others,8242,5416158.232838955,15.504897493592388
Tripura,2021,1,Peer-to-peer payments,643366,2821226150.5919185,21.76043743292495
Tripura,2021,1,Recharge & bill payments,508718,173211140.89346513,18.97002188166249
Tripura,2021,1,Merchant payments,350366,333743281.32103896,19.625882639599126
Tripura,2021,1,Financial Services,3146,2879929.222833151,14.873276623635688
Tripura,2021,1,Others,5827,4281067.764165951,15.269713247639041
Tripura,2021,2,Peer-to-peer payments,703728,2865655130.4313264,21.77606282813902
Tripura,2021,2,Recharge & bill payments,589839,189808502.9050523,19.06152624769411
Tripura,2021,2,Merchant payments,440060,404915546.5177107,19.8191890786789
Tripura,2021,2,Financial Services,3656,3503925.3381061675,15.069394708587474
Tripura,2021,2,Others,7146,4271255.844077852,15.267418684769817
Tripura,2021,3,Peer-to-peer payments,864329,3491901741.1594186,21.973712336543755
Tripura,2021,3,Recharge & bill payments,620991,215226019.57596284,19.187199292399537
Tripura,2021,3,Merchant payments,584079,648504775.623629,20.290179927343036
Tripura,2021,3,Financial Services,2886,3473153.087671739,15.060573698053194
Tripura,2021,3,Others,8915,5028078.734792852,15.43054870671945
Tripura,2021,4,Peer-to-peer payments,1060915,4368786747.103016,22.197751175493966
Tripura,2021,4,Merchant payments,793636,874005407.7140213,20.58859712206064
Tripura,2021,4,Recharge & bill payments,650251,241225282.07451886,19.30124183935752
Tripura,2021,4,Financial Services,3635,5073898.6076811645,15.439620233309277
Tripura,2021,4,Others,12256,7838128.800210228,15.874510817978441
Tripura,2022,1,Peer-to-peer payments,1221863,4934712034.365204,22.319560156632928
Tripura,2022,1,Merchant payments,992891,1037265262.6570499,20.759853532573487
Tripura,2022,1,Recharge & bill payments,641170,262348230.9954375,19.385183308967893
Tripura,2022,1,Financial Services,4351,5782533.2422681665,15.570352594776756
Tripura,2022,1,Others,10915,7221703.089884497,15.792601506549547
Tripura,2022,2,Peer-to-peer payments,1443647,5354182193.788111,22.401143811123422
Tripura,2022,2,Merchant payments,1322009,1235804019.563663,20.934987623995525
Tripura,2022,2,Recharge & bill payments,638643,278018856.17835283,19.44319950093126
Tripura,2022,2,Financial Services,3812,4533635.768901512,15.32703499411468
Tripura,2022,2,Others,10553,5732336.736273008,15.561633987386495
Tripura,2022,3,Peer-to-peer payments,1836678,6718925839.047781,22.628194133473873
Tripura,2022,3,Merchant payments,1660497,1589078400.2615328,21.18642006328478
Tripura,2022,3,Recharge & bill payments,745382,329401812.4140819,19.61278888089631
Tripura,2022,3,Financial Services,4343,5330626.119674753,15.488979447696375
Tripura,2022,3,Others,9679,5616127.06807068,15.541153028571413
Tripura,2022,4,Peer-to-peer payments,2252390,8142233538.414012,22.82033036991405
Tripura,2022,4,Merchant payments,2054988,1925282618.8109846,21.378338609396046
Tripura,2022,4,Recharge & bill payments,874800,373875271.19878656,19.739432802961694
Tripura,2022,4,Financial Services,5787,5028488.55453164,15.430630209611186
Tripura,2022,4,Others,10225,6551901.175783692,15.695265973967638
Tripura,2023,1,Merchant payments,2991978,2538146159.0,21.654699793232925
Tripura,2023,1,Peer-to-peer payments,2961284,10170883076.0,23.04279487480066
Tripura,2023,1,Recharge & bill payments,1146228,565902758.0,20.153932817520552
Tripura,2023,1,Financial Services,7716,6190362.0,15.638504285913884
Tripura,2023,1,Others,11481,7160536.0,15.784095536124468
Tripura,2023,2,Merchant payments,3654027,2936486824.0,21.800479746283035
Tripura,2023,2,Peer-to-peer payments,3144448,10396364428.0,23.06472200784384
Tripura,2023,2,Recharge & bill payments,1112236,570797284.0,20.162544687073513
Tripura,2023,2,Financial Services,8100,8721399.0,15.981290333457032
Tripura,2023,2,Others,10732,6760147.0,15.726555341270613
Tripura,2023,3,Merchant payments,4388876,3335231974.0,21.927808071616113
Tripura,2023,3,Peer-to-peer payments,3553878,11300910781.0,23.14814915959368
Tripura,2023,3,Recharge & bill payments,1144676,597050057.0,20.207511517087955
Tripura,2023,3,Financial Services,11060,9972113.0,16.11530315556987
Tripura,2023,3,Others,10272,6058405.0,15.616957287141751
Tripura,2023,4,Merchant payments,5112814,3958280687.0,22.09907559823688
Tripura,2023,4,Peer-to-peer payments,3854572,12207187199.0,23.225290729979747
Tripura,2023,4,Recharge & bill payments,1152820,638954177.0,20.275343300850412
Tripura,2023,4,Financial Services,10341,9913640.0,16.109422245488812
Tripura,2023,4,Others,10363,5561091.0,15.531305049819943
Tripura,2024,1,Merchant payments,5721862,4318458993.0,22.18616446121288
Tripura,2024,1,Peer-to-peer payments,4085450,12732805697.0,23.267447625702438
Tripura,2024,1,Recharge & bill payments,1215498,683732258.0,20.34307696474593
Tripura,2024,1,Financial Services,10290,12617991.0,16.35063428989779
Tripura,2024,1,Others,9539,4574435.0,15.335993970403791
Tripura,2024,2,Merchant payments,7120453,4810482925.0,22.2940633164401
Tripura,2024,2,Peer-to-peer payments,4365398,12591709691.0,23.25630447340016
Tripura,2024,2,Recharge & bill payments,1278785,711343884.0,20.38266653469358
Tripura,2024,2,Financial Services,12106,15777203.0,16.574076671370864
Tripura,2024,2,Others,10805,8117365.0,15.909516275277461
Tripura,2024,3,Merchant payments,8023651,5277307936.0,22.386681944224893
Tripura,2024,3,Peer-to-peer payments,5084144,13847946966.0,23.351402825162495
Tripura,2024,3,Recharge & bill payments,1270740,799009595.0,20.498883513670943
Tripura,2024,3,Financial Services,13232,18644893.0,16.74108288640861
Tripura,2024,3,Others,8814,5936799.0,15.59668082563806
Tripura,2024,4,Merchant payments,8992361,6011659344.0,22.516966644723443
Tripura,2024,4,Peer-to-peer payments,5662500,15543764487.0,23.466925397594363
Tripura,2024,4,Recharge & bill payments,1232968,823760709.0,20.529390645213923
Tripura,2024,4,Financial Services,49550,21746350.0,16.894956531309045
Tripura,2024,4,Others,7780,8974378.0,16.00988429774417
Uttar Pradesh,2018,1,Recharge & bill payments,7003704,1201827543.8816488,20.907109189289958
Uttar Pradesh,2018,1,Peer-to-peer payments,4123625,11786969148.760597,23.190260448876874
Uttar Pradesh,2018,1,Merchant payments,442436,428301434.2754866,19.875337793678483
Uttar Pradesh,2018,1,Financial Services,397328,75150444.99108115,18.13500260882404
Uttar Pradesh,2018,1,Others,570712,447722351.3138524,19.91968384895584
Uttar Pradesh,2018,2,Recharge & bill payments,9232131,2044535461.482608,21.43843644292674
Uttar Pradesh,2018,2,Peer-to-peer payments,6484369,22197440015.945545,23.82324280462341
Uttar Pradesh,2018,2,Merchant payments,909545,799920463.267408,20.500022861024
Uttar Pradesh,2018,2,Financial Services,563213,105536911.84026654,18.474571334426866
Uttar Pradesh,2018,2,Others,521685,572768843.1641636,20.1659927799599
Uttar Pradesh,2018,3,Peer-to-peer payments,13828768,32944051606.98276,24.218076553767247
Uttar Pradesh,2018,3,Recharge & bill payments,9140873,2485029062.8899517,21.63355019215697
Uttar Pradesh,2018,3,Merchant payments,2397448,1012726185.1169598,20.735911725692073
Uttar Pradesh,2018,3,Financial Services,603303,76605144.65776658,18.154174808143495
Uttar Pradesh,2018,3,Others,544964,493702369.5936288,20.017443404906096
Uttar Pradesh,2018,4,Peer-to-peer payments,15804910,48836291123.914734,24.61173954401207
Uttar Pradesh,2018,4,Recharge & bill payments,11976808,3040717446.728788,21.835359327062687
Uttar Pradesh,2018,4,Merchant payments,6953857,2480267671.259793,21.631632323661844
Uttar Pradesh,2018,4,Financial Services,517619,76250539.85851902,18.14953506665312
Uttar Pradesh,2018,4,Others,847573,663216794.1554663,20.312612485884888
Uttar Pradesh,2019,1,Peer-to-peer payments,32062452,68506766330.45149,24.950198355897644
Uttar Pradesh,2019,1,Recharge & bill payments,15400713,4231102032.9564486,22.165728324195133
Uttar Pradesh,2019,1,Merchant payments,8558766,3105904146.2085333,21.856570700671448
Uttar Pradesh,2019,1,Financial Services,389733,43341558.48535549,17.584622536012933
Uttar Pradesh,2019,1,Others,912840,637066065.9078369,20.272383923869224
Uttar Pradesh,2019,2,Peer-to-peer payments,27105049,87581482658.94861,25.19583542738336
Uttar Pradesh,2019,2,Recharge & bill payments,17551537,5627886175.9093685,22.450999751564286
Uttar Pradesh,2019,2,Merchant payments,12733089,4894223107.452321,22.311321389087226
Uttar Pradesh,2019,2,Financial Services,264091,38169259.945291094,17.45754106234615
Uttar Pradesh,2019,2,Others,1229734,775758168.4201038,20.469351392233257
Uttar Pradesh,2019,3,Peer-to-peer payments,26990786,95134023863.97964,25.278552511861403
Uttar Pradesh,2019,3,Recharge & bill payments,20359672,8000160942.595396,22.802727496373308
Uttar Pradesh,2019,3,Merchant payments,19625935,7399443975.24218,22.724670695987857
Uttar Pradesh,2019,3,Financial Services,258548,51363215.14597865,17.754432835050142
Uttar Pradesh,2019,3,Others,1389018,683145478.0865316,20.342218394980453
Uttar Pradesh,2019,4,Peer-to-peer payments,40540310,126564888408.1326,25.56402096545001
Uttar Pradesh,2019,4,Recharge & bill payments,24299776,9082140369.774977,22.92957572543479
Uttar Pradesh,2019,4,Merchant payments,20582052,9412924984.9687,22.965349580284872
Uttar Pradesh,2019,4,Financial Services,242936,45686806.83093811,17.63732014528428
Uttar Pradesh,2019,4,Others,1239931,433285937.588854,19.886908434276926
Uttar Pradesh,2020,1,Peer-to-peer payments,39581157,147734706846.56177,25.718683980921508
Uttar Pradesh,2020,1,Recharge & bill payments,29777603,11168417430.652225,23.13635575974393
Uttar Pradesh,2020,1,Merchant payments,26741638,13072371616.871723,23.293766803199734
Uttar Pradesh,2020,1,Financial Services,139990,64365117.409359045,17.980082404728634
Uttar Pradesh,2020,1,Others,998744,376573949.20359,19.74662500080072
Uttar Pradesh,2020,2,Recharge & bill payments,42229417,14668026056.368128,23.40893586363115
Uttar Pradesh,2020,2,Peer-to-peer payments,39434202,150079524408.8693,25.73443115328852
Uttar Pradesh,2020,2,Merchant payments,18625913,13655151082.574724,23.33738265615175
Uttar Pradesh,2020,2,Financial Services,150360,131930242.90371712,18.697783885594074
Uttar Pradesh,2020,2,Others,412073,209384339.5723213,19.15968207123723
Uttar Pradesh,2020,3,Peer-to-peer payments,54449911,207530912756.73047,26.05854614266686
Uttar Pradesh,2020,3,Recharge & bill payments,37465163,16437365640.853413,23.522822972971348
Uttar Pradesh,2020,3,Merchant payments,34697942,24224433240.836243,23.910627598859726
Uttar Pradesh,2020,3,Financial Services,206210,194129227.54374278,19.08403462177795
Uttar Pradesh,2020,3,Others,586033,303114557.0989778,19.529621371554168
Uttar Pradesh,2020,4,Peer-to-peer payments,75433782,294401153346.76337,26.408209141414936
Uttar Pradesh,2020,4,Merchant payments,61922138,44438824680.670944,24.51737935406097
Uttar Pradesh,2020,4,Recharge & bill payments,39570153,17793973968.761925,23.60212569590189
Uttar Pradesh,2020,4,Financial Services,246868,255803306.13741985,19.359919375631463
Uttar Pradesh,2020,4,Others,994576,539071475.9342327,20.1053587303489
Uttar Pradesh,2021,1,Peer-to-peer payments,85539321,321609613378.6789,26.496604266154204
Uttar Pradesh,2021,1,Merchant payments,78873969,55362244381.43686,24.7371636890243
Uttar Pradesh,2021,1,Recharge & bill payments,38981894,18563189222.328217,23.6444463826963
Uttar Pradesh,2021,1,Financial Services,250656,266104783.7449573,19.399400716789483
Uttar Pradesh,2021,1,Others,853707,486435811.3771204,20.00261551332593
Uttar Pradesh,2021,2,Peer-to-peer payments,102927942,388761820128.4563,26.686232705455318
Uttar Pradesh,2021,2,Merchant payments,84860582,70351401159.78787,24.976768537306164
Uttar Pradesh,2021,2,Recharge & bill payments,53030710,22266927128.75408,23.826368326196533
Uttar Pradesh,2021,2,Financial Services,270944,266853066.82962543,19.402208757135426
Uttar Pradesh,2021,2,Others,858953,525487682.5584012,20.07983731043935
Uttar Pradesh,2021,3,Peer-to-peer payments,127945827,440726915882.17084,26.81169128222584
Uttar Pradesh,2021,3,Merchant payments,126699830,91089049637.02377,25.23510343242907
Uttar Pradesh,2021,3,Recharge & bill payments,50414232,24348150109.635994,23.915721712773312
Uttar Pradesh,2021,3,Financial Services,253418,292009129.0296748,19.49229562696866
Uttar Pradesh,2021,3,Others,1230077,624716522.0745409,20.252808541729095
Uttar Pradesh,2021,4,Merchant payments,183966052,142889329646.05463,25.685336249024687
Uttar Pradesh,2021,4,Peer-to-peer payments,167503176,600973581946.6772,27.121816813689662
Uttar Pradesh,2021,4,Recharge & bill payments,52863531,28812549097.65689,24.084076861776687
Uttar Pradesh,2021,4,Financial Services,353219,386356976.48969895,19.772272312203302
Uttar Pradesh,2021,4,Others,1471954,829152405.3448995,20.53591453980301
Uttar Pradesh,2022,1,Merchant payments,221556930,165543931419.27045,25.83250244318696
Uttar Pradesh,2022,1,Peer-to-peer payments,195592648,684758883172.6667,27.252332617876817
Uttar Pradesh,2022,1,Recharge & bill payments,54873261,31683813998.386055,24.179071788040936
Uttar Pradesh,2022,1,Financial Services,358499,386218170.5981607,19.771912979151505
Uttar Pradesh,2022,1,Others,1571908,750327356.10464,20.43602014540615
Uttar Pradesh,2022,2,Merchant payments,298721048,216176289528.43256,26.099360066985856
Uttar Pradesh,2022,2,Peer-to-peer payments,232444860,812579156783.274,27.423479170139412
Uttar Pradesh,2022,2,Recharge & bill payments,62659780,37867966758.88997,24.357371387423772
Uttar Pradesh,2022,2,Financial Services,268349,285646084.3258523,19.470264138597823
Uttar Pradesh,2022,2,Others,1204739,606123265.0864555,20.222593932732295
Uttar Pradesh,2022,3,Merchant payments,361972506,232005905549.1372,26.17002866324624
Uttar Pradesh,2022,3,Peer-to-peer payments,267205027,844564255684.5037,27.462086657553186
Uttar Pradesh,2022,3,Recharge & bill payments,72984811,43854148172.58542,24.50413515045995
Uttar Pradesh,2022,3,Financial Services,367887,344330142.1388885,19.657111473529383
Uttar Pradesh,2022,3,Others,1058841,601411350.4106325,20.214789703316683
Uttar Pradesh,2022,4,Merchant payments,439247166,296781967366.6535,26.416263589546336
Uttar Pradesh,2022,4,Peer-to-peer payments,317613698,1030345562935.8824,27.660915359900198
Uttar Pradesh,2022,4,Recharge & bill payments,78025017,48159073834.94295,24.59777540678081
Uttar Pradesh,2022,4,Financial Services,418329,430212917.27641135,19.879790802883576
Uttar Pradesh,2022,4,Others,1064861,661985014.756895,20.310753478836794
Uttar Pradesh,2023,1,Merchant payments,520911142,323614616766.0,26.50281919035354
Uttar Pradesh,2023,1,Peer-to-peer payments,383752815,1246010023301.0,27.850967580645083
Uttar Pradesh,2023,1,Recharge & bill payments,96225086,66101414555.0,24.914455983817128
Uttar Pradesh,2023,1,Financial Services,486982,483872123.0,19.99733122316062
Uttar Pradesh,2023,1,Others,1181697,726338627.0,20.40352689379659
Uttar Pradesh,2023,2,Merchant payments,653469610,372223301627.0,26.642759784321218
Uttar Pradesh,2023,2,Peer-to-peer payments,446787898,1389827653278.0,27.960200864936937
Uttar Pradesh,2023,2,Recharge & bill payments,109571801,73352450074.0,25.018541743499704
Uttar Pradesh,2023,2,Financial Services,506431,562369291.0,20.147669295263032
Uttar Pradesh,2023,2,Others,1074842,656302256.0,20.302131998414115
Uttar Pradesh,2023,3,Merchant payments,754249074,389288397238.0,26.687586286954783
Uttar Pradesh,2023,3,Peer-to-peer payments,488395790,1394085756434.0,27.963259944620766
Uttar Pradesh,2023,3,Recharge & bill payments,110408404,76981859735.0,25.066835643200765
Uttar Pradesh,2023,3,Financial Services,624941,798613229.0,20.498387318947533
Uttar Pradesh,2023,3,Others,944257,593735370.0,20.20194427469381
Uttar Pradesh,2023,4,Merchant payments,875617035,489746639610.0,26.917154032310055
Uttar Pradesh,2023,4,Peer-to-peer payments,575043255,1677661668298.0,28.14842207569338
Uttar Pradesh,2023,4,Recharge & bill payments,114346855,88481840260.0,25.206063173114003
Uttar Pradesh,2023,4,Financial Services,736922,950129225.0,20.6721085606764
Uttar Pradesh,2023,4,Others,961315,600884259.0,20.213912894918817
Uttar Pradesh,2024,1,Merchant payments,999820226,541585227379.0,27.01776628228622
Uttar Pradesh,2024,1,Peer-to-peer payments,651752866,1836048765763.0,28.23863696864775
Uttar Pradesh,2024,1,Recharge & bill payments,132055620,98012574974.0,25.30836162345661
Uttar Pradesh,2024,1,Financial Services,705575,1192696922.0,20.89948290168475
Uttar Pradesh,2024,1,Others,962661,703841601.0,20.372063891647567
Uttar Pradesh,2024,2,Merchant payments,1255823323,633438040735.0,27.174428027245646
Uttar Pradesh,2024,2,Peer-to-peer payments,734688684,1964379490164.0,28.30619753029391
Uttar Pradesh,2024,2,Recharge & bill payments,143138259,103981718976.0,25.367480941569525
Uttar Pradesh,2024,2,Financial Services,858026,1406687894.0,21.064503767444577
Uttar Pradesh,2024,2,Others,1030366,1017422298.0,20.740538107745934
Uttar Pradesh,2024,3,Merchant payments,1363617969,651628890228.0,27.202741050059448
Uttar Pradesh,2024,3,Peer-to-peer payments,784039367,1951953897864.0,28.299851985743512
Uttar Pradesh,2024,3,Recharge & bill payments,136431456,111138475190.0,25.434042784990197
Uttar Pradesh,2024,3,Financial Services,1043768,1777001054.0,21.29819297981599
Uttar Pradesh,2024,3,Others,823273,976940898.0,20.699936715853884
Uttar Pradesh,2024,4,Merchant payments,1526062566,788377059975.0,27.393242314866086
Uttar Pradesh,2024,4,Peer-to-peer payments,880161951,2305698271263.0,28.466404684142468
Uttar Pradesh,2024,4,Recharge & bill payments,134632683,117186551580.0,25.487032959902926
Uttar Pradesh,2024,4,Financial Services,3239088,1758794365.0,21.287894391945354
Uttar Pradesh,2024,4,Others,793977,1085845276.0,20.805624577774193
Uttarakhand,2018,1,Recharge & bill payments,730428,124377517.3349145,18.638832001156956
Uttarakhand,2018,1,Peer-to-peer payments,399545,1296603346.334598,20.983013872326545
Uttarakhand,2018,1,Merchant payments,35382,39372913.10424411,17.48858867857653
Uttarakhand,2018,1,Financial Services,27761,5637758.5563494945,15.544997302770819
Uttarakhand,2018,1,Others,53569,42553823.19378027,17.5662802842396
Uttarakhand,2018,2,Recharge & bill payments,946332,193802092.8234874,19.08234806140534
Uttarakhand,2018,2,Peer-to-peer payments,620490,2358941864.7682114,21.581478993477027
Uttarakhand,2018,2,Merchant payments,60494,66946005.75890133,18.019396983197915
Uttarakhand,2018,2,Financial Services,29919,7913276.778501136,15.884052638044594
Uttarakhand,2018,2,Others,46887,52152138.42194019,17.76967576295961
Uttarakhand,2018,3,Peer-to-peer payments,1049725,3356030294.930648,21.934024652903545
Uttarakhand,2018,3,Recharge & bill payments,1004356,239244556.76646537,19.292996840981004
Uttarakhand,2018,3,Merchant payments,112342,84447374.86583523,18.25163912750659
Uttarakhand,2018,3,Financial Services,22792,4334709.909645849,15.28216547846346
Uttarakhand,2018,3,Others,39917,42516103.38590273,17.565393488847167
Uttarakhand,2018,4,Peer-to-peer payments,1556731,5072621132.343549,22.34712350978198
Uttarakhand,2018,4,Recharge & bill payments,1252124,292877734.33795583,19.49526579435752
Uttarakhand,2018,4,Merchant payments,289733,228453045.85460952,19.246841262958853
Uttarakhand,2018,4,Financial Services,29916,6035161.098892693,15.613113271953
Uttarakhand,2018,4,Others,50257,54285064.328889735,17.809759707090116
Uttarakhand,2019,1,Peer-to-peer payments,3499130,6512361464.496071,22.59696797170691
Uttarakhand,2019,1,Recharge & bill payments,1590269,394631055.6931843,19.793461852695977
Uttarakhand,2019,1,Merchant payments,372290,226281078.7699414,19.237288500258945
Uttarakhand,2019,1,Financial Services,28784,3951610.30495379,15.189633979003155
Uttarakhand,2019,1,Others,55528,46303966.00979781,17.65073819594328
Uttarakhand,2019,2,Peer-to-peer payments,2383662,7752954670.580209,22.771339855600967
Uttarakhand,2019,2,Recharge & bill payments,1616176,454962951.9136597,19.935726551432477
Uttarakhand,2019,2,Merchant payments,721858,323876953.4104364,19.595874231287425
Uttarakhand,2019,2,Financial Services,21852,2550386.4774141517,14.751755857518203
Uttarakhand,2019,2,Others,69727,54187888.53677146,17.807968001162408
Uttarakhand,2019,3,Peer-to-peer payments,2313544,8512622076.436331,22.864815849280895
Uttarakhand,2019,3,Recharge & bill payments,2201606,683772296.9748493,20.343135522466497
Uttarakhand,2019,3,Merchant payments,1121052,480794827.1193007,19.990951184304
Uttarakhand,2019,3,Financial Services,12119,4570326.192004257,15.335095355932108
Uttarakhand,2019,3,Others,62155,47272543.294839665,17.671440226047803
Uttarakhand,2019,4,Peer-to-peer payments,3210116,11020339546.604958,23.123008452138876
Uttarakhand,2019,4,Recharge & bill payments,2547173,817728111.4576316,20.52204045845762
Uttarakhand,2019,4,Merchant payments,1542944,701746516.8731368,20.369082811132163
Uttarakhand,2019,4,Financial Services,11585,3555524.3767221333,15.08401339559486
Uttarakhand,2019,4,Others,50298,30336605.83833359,17.227865687737573
Uttarakhand,2020,1,Peer-to-peer payments,3792776,13999676596.865887,23.36230006614242
Uttarakhand,2020,1,Recharge & bill payments,2990764,1028598924.445406,20.751463446627707
Uttarakhand,2020,1,Merchant payments,2289657,1094245197.2356641,20.813330645847138
Uttarakhand,2020,1,Financial Services,10246,8180881.808693047,15.917310625578791
Uttarakhand,2020,1,Others,48341,27378658.631921414,17.125274422350216
Uttarakhand,2020,2,Recharge & bill payments,3755695,1303523584.942265,20.988336885491172
Uttarakhand,2020,2,Peer-to-peer payments,3656029,13572964169.690296,23.33134572251001
Uttarakhand,2020,2,Merchant payments,1587042,1181497493.0283294,20.89004853358038
Uttarakhand,2020,2,Financial Services,15023,17612288.05771955,16.68410745826679
Uttarakhand,2020,2,Others,33981,18590166.382408556,16.73814336355212
Uttarakhand,2020,3,Peer-to-peer payments,4836512,18377468807.44993,23.634391229942672
Uttarakhand,2020,3,Recharge & bill payments,3751993,1509373287.697055,21.13496036102208
Uttarakhand,2020,3,Merchant payments,3164623,2166776519.8536706,21.496506425827057
Uttarakhand,2020,3,Financial Services,20455,26449980.584111303,17.090766020015458
Uttarakhand,2020,3,Others,45352,23442372.42176825,16.970055772742015
Uttarakhand,2020,4,Peer-to-peer payments,6748183,25748737002.1362,23.97165141443135
Uttarakhand,2020,4,Merchant payments,6629201,4274032856.6465273,22.17582368161132
Uttarakhand,2020,4,Recharge & bill payments,4140391,1697819950.5564795,21.252610883616505
Uttarakhand,2020,4,Financial Services,27120,29791064.761797357,17.20971909987354
Uttarakhand,2020,4,Others,68376,42358455.00938001,17.561678628773983
Uttarakhand,2021,1,Merchant payments,8393767,5283142247.065777,22.387786880389
Uttarakhand,2021,1,Peer-to-peer payments,7981710,29202365442.63442,24.097515551283294
Uttarakhand,2021,1,Recharge & bill payments,4146569,1727960484.030287,21.270207639607484
Uttarakhand,2021,1,Financial Services,30208,38400863.99560504,17.463590543231465
Uttarakhand,2021,1,Others,56148,36320362.17233381,17.40788911088564
Uttarakhand,2021,2,Peer-to-peer payments,9374939,32674145244.390625,24.209849936830395
Uttarakhand,2021,2,Merchant payments,9134389,6257528832.057196,22.55705118901943
Uttarakhand,2021,2,Recharge & bill payments,5388285,1979824048.8157122,21.406273813974803
Uttarakhand,2021,2,Financial Services,31497,35404991.874676295,17.382363409816087
Uttarakhand,2021,2,Others,71322,43914757.70001851,17.597761010613
Uttarakhand,2021,3,Merchant payments,13673085,9001414756.070686,22.92064759715883
Uttarakhand,2021,3,Peer-to-peer payments,11867174,39256650720.01872,24.39338671194212
Uttarakhand,2021,3,Recharge & bill payments,5388011,2182554095.263321,21.5037616317458
Uttarakhand,2021,3,Financial Services,27839,38013969.98341857,17.4534643075796
Uttarakhand,2021,3,Others,86175,48863242.2282843,17.704535999574663
Uttarakhand,2021,4,Merchant payments,19850878,13515464697.761791,23.32710040000985
Uttarakhand,2021,4,Peer-to-peer payments,14819203,49969580473.07786,24.634680266711506
Uttarakhand,2021,4,Recharge & bill payments,5536262,2540546090.023079,21.65564489133421
Uttarakhand,2021,4,Financial Services,38764,51212042.381750934,17.75148528464913
Uttarakhand,2021,4,Others,116173,71304856.17664191,18.08247500615881
Uttarakhand,2022,1,Merchant payments,22595602,14585438346.473846,23.403289494492135
Uttarakhand,2022,1,Peer-to-peer payments,16201632,53535521438.95823,24.70361122267841
Uttarakhand,2022,1,Recharge & bill payments,5617605,2745987927.683198,21.733406748318654
Uttarakhand,2022,1,Financial Services,39033,49695999.71828518,17.72143501938413
Uttarakhand,2022,1,Others,106900,62138787.2410843,17.944880961273707
Uttarakhand,2022,2,Merchant payments,32087670,19479185362.296963,23.692612315153756
Uttarakhand,2022,2,Peer-to-peer payments,19677409,65563901300.31024,24.906291096393073
Uttarakhand,2022,2,Recharge & bill payments,6263098,3174160697.8567643,21.87830908752852
Uttarakhand,2022,2,Financial Services,32284,37217548.78562989,17.432290976426547
Uttarakhand,2022,2,Others,106417,58906116.08464594,17.89145549865614
Uttarakhand,2022,3,Merchant payments,35069444,20528059274.248493,23.745058532347112
Uttarakhand,2022,3,Peer-to-peer payments,22031045,68377272372.60579,24.948306331119586
Uttarakhand,2022,3,Recharge & bill payments,6765699,3633710468.801753,22.01352013115466
Uttarakhand,2022,3,Financial Services,38061,44669245.26821817,17.61479581985302
Uttarakhand,2022,3,Others,92270,57548577.43879978,17.868139991503014
Uttarakhand,2022,4,Merchant payments,43185705,26026949674.245083,23.982398364116737
Uttarakhand,2022,4,Peer-to-peer payments,27043038,85220041974.58176,25.16850247757358
Uttarakhand,2022,4,Recharge & bill payments,7610775,4128624164.749209,22.141210056638783
Uttarakhand,2022,4,Financial Services,44569,55762460.39159953,17.836611466046296
Uttarakhand,2022,4,Others,99793,64668557.391687945,17.984785681411328
Uttarakhand,2023,1,Merchant payments,46150691,24023994792.0,23.902318950885824
Uttarakhand,2023,1,Peer-to-peer payments,25105743,78202343600.0,25.082565453370854
Uttarakhand,2023,1,Recharge & bill payments,7974874,4828592096.0,22.297820770814695
Uttarakhand,2023,1,Financial Services,49836,56455666.0,17.848966233246653
Uttarakhand,2023,1,Others,104531,68521431.0,18.042657130209403
Uttarakhand,2023,2,Merchant payments,61652430,30881251416.0,24.153415086443783
Uttarakhand,2023,2,Peer-to-peer payments,31690416,97448517076.0,25.302590045513803
Uttarakhand,2023,2,Recharge & bill payments,9247601,5608284038.0,22.447510634290524
Uttarakhand,2023,2,Financial Services,58524,66971615.0,18.01977944580266
Uttarakhand,2023,2,Others,109243,67848253.0,18.03278421067897
Uttarakhand,2023,3,Merchant payments,64872613,30958940671.0,24.155927669061885
Uttarakhand,2023,3,Peer-to-peer payments,32232624,92015204778.0,25.245219669676935
Uttarakhand,2023,3,Recharge & bill payments,9017620,5630443171.0,22.451453992163465
Uttarakhand,2023,3,Financial Services,63561,101529618.0,18.435861126684923
Uttarakhand,2023,3,Others,98269,56279883.0,17.84584772908538
Uttarakhand,2023,4,Merchant payments,73028369,36848560480.0,24.330082390531075
Uttarakhand,2023,4,Peer-to-peer payments,36069901,104875896612.0,25.37604355104646
Uttarakhand,2023,4,Recharge & bill payments,8790080,6186779834.0,22.54568056776431
Uttarakhand,2023,4,Financial Services,77149,113625124.0,18.548415210571324
Uttarakhand,2023,4,Others,105941,58585212.0,17.88599288482072
Uttarakhand,2024,1,Merchant payments,75999065,37219956903.0,24.340110930287732
Uttarakhand,2024,1,Peer-to-peer payments,37578194,106154267360.0,25.38815922552173
Uttarakhand,2024,1,Recharge & bill payments,9496796,6717063555.0,22.62791692514856
Uttarakhand,2024,1,Financial Services,68863,124505361.0,18.639859341214716
Uttarakhand,2024,1,Others,91659,61042084.0,17.927074102286333
Uttarakhand,2024,2,Merchant payments,101799178,47867822861.0,24.59170935909932
Uttarakhand,2024,2,Peer-to-peer payments,46195948,125141334948.0,25.552709615103968
Uttarakhand,2024,2,Recharge & bill payments,10382543,7361821576.0,22.719573235939897
Uttarakhand,2024,2,Financial Services,86678,151603938.0,18.8367820136846
Uttarakhand,2024,2,Others,100635,90332467.0,18.31900751079419
Uttarakhand,2024,3,Merchant payments,101832975,46698002493.0,24.566967227558713
Uttarakhand,2024,3,Peer-to-peer payments,47044704,118899137486.0,25.501541386512546
Uttarakhand,2024,3,Recharge & bill payments,10221487,7541478924.0,22.743684143631782
Uttarakhand,2024,3,Financial Services,102685,186436320.0,19.04360029638418
Uttarakhand,2024,3,Others,76964,89812326.0,18.31323279556645
Uttarakhand,2024,4,Merchant payments,110248263,53868322980.0,24.709808442302226
Uttarakhand,2024,4,Peer-to-peer payments,50768426,133114128957.0,25.61447270966632
Uttarakhand,2024,4,Recharge & bill payments,9770042,7616990794.0,22.753647219855303
Uttarakhand,2024,4,Financial Services,277135,203261412.0,19.130003457337224
Uttarakhand,2024,4,Others,72266,106086816.0,18.479768345157574
West Bengal,2018,1,Recharge & bill payments,5773831,964309485.9592385,20.686922845614568
West Bengal,2018,1,Peer-to-peer payments,4383075,8874266825.985771,22.906421557851555
West Bengal,2018,1,Financial Services,665171,119502271.66944443,18.598845947309343
West Bengal,2018,1,Merchant payments,443378,366788699.65713125,19.720296492684337
West Bengal,2018,1,Others,444770,301111268.86863834,19.522990421740683
West Bengal,2018,2,Peer-to-peer payments,8284944,15889890046.862814,23.488948897890403
West Bengal,2018,2,Recharge & bill payments,7360522,1563841173.839662,21.170410923298892
West Bengal,2018,2,Financial Services,1121570,160809685.93886387,18.895732155051768
West Bengal,2018,2,Merchant payments,937608,715914360.819237,20.38907111137379
West Bengal,2018,2,Others,377802,298728202.7433254,19.515044700367078
West Bengal,2018,3,Peer-to-peer payments,41882429,38439798815.23789,24.372359187326115
West Bengal,2018,3,Recharge & bill payments,7596315,1992473341.2750623,21.4126425895053
West Bengal,2018,3,Merchant payments,2252265,979603555.1397107,20.702658513231402
West Bengal,2018,3,Financial Services,1619524,185187032.8965006,19.036876866367454
West Bengal,2018,3,Others,354883,246871438.6293067,19.32437827176096
West Bengal,2018,4,Peer-to-peer payments,17154995,35303180047.06148,24.287238883175483
West Bengal,2018,4,Recharge & bill payments,9425082,2467741143.2258015,21.626569052653178
West Bengal,2018,4,Merchant payments,8633569,2294203496.6575317,21.553651560375503
West Bengal,2018,4,Financial Services,734796,93755616.52283625,18.356202141263235
West Bengal,2018,4,Others,565106,330738908.23670936,19.61683982823298
West Bengal,2019,1,Peer-to-peer payments,27374206,44170923881.744286,24.511332578857363
West Bengal,2019,1,Recharge & bill payments,11659948,3021107711.9021683,21.82888939343303
West Bengal,2019,1,Merchant payments,7636726,2645438308.338478,21.696102600943192
West Bengal,2019,1,Financial Services,525650,47986448.46936697,17.68642922629573
West Bengal,2019,1,Others,429858,279216273.42549,19.447497216643303
West Bengal,2019,2,Peer-to-peer payments,20285958,48394974398.37831,24.60266181055421
West Bengal,2019,2,Merchant payments,13646142,4657258459.145545,22.26169279868632
West Bengal,2019,2,Recharge & bill payments,12129638,3676123279.3800926,22.02512457743358
West Bengal,2019,2,Financial Services,421037,45646046.98846317,17.636427589263445
West Bengal,2019,2,Others,540760,331688935.22631323,19.619708148601617
West Bengal,2019,3,Merchant payments,30804036,8273187167.0788555,22.836285660865524
West Bengal,2019,3,Peer-to-peer payments,21522913,57058405341.48096,24.767341235311463
West Bengal,2019,3,Recharge & bill payments,13011501,4832486821.888576,22.298627042273996
West Bengal,2019,3,Financial Services,558653,57054414.83597401,17.859516034186182
West Bengal,2019,3,Others,547726,319398871.5461071,19.581951263826955
West Bengal,2019,4,Peer-to-peer payments,67037576,76593333397.8665,25.061775878559118
West Bengal,2019,4,Recharge & bill payments,14511711,4859794689.902503,22.304262029296215
West Bengal,2019,4,Merchant payments,14187744,6477138700.812115,22.591544691432667
West Bengal,2019,4,Financial Services,653648,77047243.72974005,18.159929359580826
West Bengal,2019,4,Others,415159,196296222.33587587,19.095135419814927
West Bengal,2020,1,Peer-to-peer payments,28457404,82770282623.80914,25.139334928418158
West Bengal,2020,1,Merchant payments,19779392,8097859088.519976,22.81486555375297
West Bengal,2020,1,Recharge & bill payments,17448908,5550815439.734788,22.43721068017067
West Bengal,2020,1,Financial Services,210068,58280893.55150119,17.88078488837563
West Bengal,2020,1,Others,354609,176067145.3227705,18.98637599344233
West Bengal,2020,2,Peer-to-peer payments,24855687,84984004330.7718,25.165728891395737
West Bengal,2020,2,Recharge & bill payments,22220012,7496845561.868595,22.73774817739769
West Bengal,2020,2,Merchant payments,10225729,7404190137.669086,22.725311911861294
West Bengal,2020,2,Financial Services,130595,89987205.23090403,18.31517806519989
West Bengal,2020,2,Others,244774,124404641.81495729,18.63905005923656
West Bengal,2020,3,Peer-to-peer payments,37556349,133120676151.84232,25.614521893279566
West Bengal,2020,3,Recharge & bill payments,22284079,8768630922.970161,22.89444652213284
West Bengal,2020,3,Merchant payments,19599024,14614394375.389553,23.40527279615561
West Bengal,2020,3,Financial Services,151996,125973420.85650632,18.651581505018502
West Bengal,2020,3,Others,363056,183680984.08253318,19.028711034117535
West Bengal,2020,4,Peer-to-peer payments,46437233,166391874596.30487,25.837611533596228
West Bengal,2020,4,Merchant payments,30077510,22241302940.832962,23.8252168901268
West Bengal,2020,4,Recharge & bill payments,23158305,10074605883.201237,23.033283825820597
West Bengal,2020,4,Financial Services,178455,164241191.7401362,18.916846592826715
West Bengal,2020,4,Others,489142,293466753.56894124,19.49727491847912
West Bengal,2021,1,Peer-to-peer payments,53869075,202240249482.85385,26.032722181507058
West Bengal,2021,1,Merchant payments,37143701,28918343691.018497,24.08774196053665
West Bengal,2021,1,Recharge & bill payments,26673733,11339665944.69124,23.1515726767602
West Bengal,2021,1,Financial Services,166727,175445811.88444334,18.98284079470128
West Bengal,2021,1,Others,400816,263502545.07389978,19.389573588418553
West Bengal,2021,2,Peer-to-peer payments,64661051,230812278789.29965,26.164870571163064
West Bengal,2021,2,Merchant payments,41696787,34787867208.31932,24.272534519526232
West Bengal,2021,2,Recharge & bill payments,34799709,13331453857.609217,23.31339203185205
West Bengal,2021,2,Financial Services,190537,186466487.6307634,19.043762095276815
West Bengal,2021,2,Others,549353,316744715.7049847,19.573606697326287
West Bengal,2021,3,Peer-to-peer payments,84353949,294799731350.5536,26.409562085970652
West Bengal,2021,3,Merchant payments,58800005,50971169851.15668,24.6545260128136
West Bengal,2021,3,Recharge & bill payments,37556310,16045754099.005053,23.498710109469254
West Bengal,2021,3,Financial Services,189087,213411736.37376124,19.178733897070845
West Bengal,2021,3,Others,813637,426999219.42323273,19.87229274548452
West Bengal,2021,4,Peer-to-peer payments,105728377,372240891205.5542,26.642807038651856
West Bengal,2021,4,Merchant payments,80248673,71231577538.7114,24.989202061816396
West Bengal,2021,4,Recharge & bill payments,37801439,17813903244.663807,23.603245070576335
West Bengal,2021,4,Financial Services,252535,270791056.674143,19.41685807657438
West Bengal,2021,4,Others,998536,660874216.4934742,20.309074088472997
West Bengal,2022,1,Peer-to-peer payments,124787028,446343740437.97784,26.824355210588553
West Bengal,2022,1,Merchant payments,97315025,85854730616.41321,25.175922526061377
West Bengal,2022,1,Recharge & bill payments,37317865,18435424277.725906,23.637539883215844
West Bengal,2022,1,Financial Services,239530,261096608.80560598,19.380401049309327
West Bengal,2022,1,Others,845644,531671268.6395414,20.091535942106862
West Bengal,2022,2,Peer-to-peer payments,145395450,520190680811.79974,26.977461275176886
West Bengal,2022,2,Merchant payments,126682135,107049019781.85823,25.39655269531111
West Bengal,2022,2,Recharge & bill payments,42712193,20697301165.41855,23.753269150283842
West Bengal,2022,2,Financial Services,191724,199770753.23061734,19.112681038242695
West Bengal,2022,2,Others,760639,438407071.93834406,19.89865842699518
West Bengal,2022,3,Peer-to-peer payments,163523844,556258142870.3699,27.044498309189592
West Bengal,2022,3,Merchant payments,145181044,123577123532.40588,25.540131280158537
West Bengal,2022,3,Recharge & bill payments,47208496,24221425246.93133,23.91050341924964
West Bengal,2022,3,Financial Services,238746,241288774.23230746,19.301505011619806
West Bengal,2022,3,Others,640258,451918188.20472723,19.929011724079835
West Bengal,2022,4,Peer-to-peer payments,184380244,620222191587.5906,27.153343624315077
West Bengal,2022,4,Merchant payments,171667404,140807748126.1634,25.670661308468535
West Bengal,2022,4,Recharge & bill payments,48921147,26026633153.201996,23.982386202761997
West Bengal,2022,4,Financial Services,268388,261122865.47893512,19.38050160731049
West Bengal,2022,4,Others,610414,457937874.8149981,19.942244090552876
West Bengal,2023,1,Peer-to-peer payments,209399898,712039303982.0,27.291398949058117
West Bengal,2023,1,Merchant payments,196695397,152528979798.0,25.750620446409037
West Bengal,2023,1,Recharge & bill payments,52273240,31580090540.0,24.175792712805897
West Bengal,2023,1,Financial Services,287719,266872934.0,19.40228320421231
West Bengal,2023,1,Others,622090,467935301.0,19.96384060073565
West Bengal,2023,2,Merchant payments,245111000,176704613449.0,25.89774532487294
West Bengal,2023,2,Peer-to-peer payments,240347041,797054798425.0,27.40418926924005
West Bengal,2023,2,Recharge & bill payments,58950434,34789238757.0,24.272573944813093
West Bengal,2023,2,Financial Services,327537,317467007.0,19.57588445908679
West Bengal,2023,2,Others,581674,448989334.0,19.922509692640464
West Bengal,2023,3,Merchant payments,296965002,200440391406.0,26.023782739775
West Bengal,2023,3,Peer-to-peer payments,271150280,831050092805.0,27.445955910136707
West Bengal,2023,3,Recharge & bill payments,63055684,39209851435.0,24.392193864312077
West Bengal,2023,3,Financial Services,389751,424985591.0,19.86756582513756
West Bengal,2023,3,Others,532474,423285145.0,19.863556613923407
West Bengal,2023,4,Merchant payments,354067997,239073842398.0,26.20003830517092
West Bengal,2023,4,Peer-to-peer payments,317959249,964138540494.0,27.59450083543749
West Bengal,2023,4,Recharge & bill payments,64920775,45319429210.0,24.537001678388776
West Bengal,2023,4,Financial Services,480740,459007296.0,19.94457666550194
West Bengal,2023,4,Others,524477,404156680.0,19.81731318499846
West Bengal,2024,1,Merchant payments,407607197,273213691928.0,26.333520080257664
West Bengal,2024,1,Peer-to-peer payments,355646156,1100744138548.0,27.727007556606935
West Bengal,2024,1,Recharge & bill payments,72216060,47161916445.0,24.576852548897634
West Bengal,2024,1,Financial Services,451008,530738282.0,20.08977958199684
West Bengal,2024,1,Others,488166,375021630.0,19.742494264937772
West Bengal,2024,2,Merchant payments,505063040,312997770316.0,26.46946190387333
West Bengal,2024,2,Peer-to-peer payments,393935166,1182044126793.0,27.79826636652865
West Bengal,2024,2,Recharge & bill payments,80431842,51186387144.0,24.658739457566345
West Bengal,2024,2,Financial Services,545945,683056741.0,20.34208849168314
West Bengal,2024,2,Others,504714,432474570.0,19.88503408723197
West Bengal,2024,3,Merchant payments,568524147,341810430112.0,26.55752212241393
West Bengal,2024,3,Peer-to-peer payments,436521674,1208750564666.0,27.820608350863342
West Bengal,2024,3,Recharge & bill payments,78735491,55797986276.0,24.745003617456675
West Bengal,2024,3,Financial Services,690027,816380541.0,20.520391154710982
West Bengal,2024,3,Others,445106,468420642.0,19.9648772600233
West Bengal,2024,4,Merchant payments,655100809,389286175909.0,26.68758058081159
West Bengal,2024,4,Peer-to-peer payments,493217788,1361927136312.0,27.939921824657276
West Bengal,2024,4,Recharge & bill payments,76043195,57534056540.0,24.77564289708617
West Bengal,2024,4,Financial Services,2352084,847296537.0,20.557561295240365
West Bengal,2024,4,Others,421806,505364108.0,20.040789735359088
